group,evaluation_seed,lambda,omitted_question,full_utility_gap,fixed_choices_gap,reselected_reference_gap,new_uniform_action,fixed_direction_changed,reselected_direction_changed,fixed_sign_reversed,reselected_sign_reversed
initial,17,0,test-1149,-0.1,-0.10526315789473684,-0.10526315789473684,delay2,False,False,False,False
initial,17,0,test-1155,-0.1,-0.10526315789473684,-0.10526315789473684,delay2,False,False,False,False
initial,17,0,test-135,-0.1,-0.10526315789473684,-0.10526315789473684,delay2,False,False,False,False
initial,17,0,test-159,-0.1,-0.10526315789473684,-0.10526315789473684,delay2,False,False,False,False
initial,17,0,test-179,-0.1,-0.10526315789473684,-0.10526315789473684,delay2,False,False,False,False
initial,17,0,test-208,-0.1,-0.10526315789473684,-0.10526315789473684,delay2,False,False,False,False
initial,17,0,test-210,-0.1,-0.10526315789473684,-0.10526315789473684,delay2,False,False,False,False
initial,17,0,test-23,-0.1,-0.10526315789473684,-0.10526315789473684,delay2,False,False,False,False
initial,17,0,test-365,-0.1,-0.05263157894736842,-0.05263157894736842,delay2,False,False,False,False
initial,17,0,test-392,-0.1,-0.10526315789473684,-0.10526315789473684,delay2,False,False,False,False
initial,17,0,test-42,-0.1,-0.10526315789473684,-0.10526315789473684,delay2,False,False,False,False
initial,17,0,test-450,-0.1,-0.10526315789473684,-0.10526315789473684,delay2,False,False,False,False
initial,17,0,test-489,-0.1,-0.10526315789473684,-0.10526315789473684,delay2,False,False,False,False
initial,17,0,test-518,-0.1,-0.10526315789473684,-0.10526315789473684,delay2,False,False,False,False
initial,17,0,test-788,-0.1,-0.05263157894736842,-0.05263157894736842,delay2,False,False,False,False
initial,17,0,test-80,-0.1,-0.10526315789473684,-0.10526315789473684,delay2,False,False,False,False
initial,17,0,test-903,-0.1,-0.10526315789473684,-0.10526315789473684,delay2,False,False,False,False
initial,17,0,test-916,-0.1,-0.10526315789473684,-0.10526315789473684,delay2,False,False,False,False
initial,17,0,test-979,-0.1,-0.10526315789473684,-0.10526315789473684,delay2,False,False,False,False
initial,17,0,test-984,-0.1,-0.10526315789473684,-0.10526315789473684,delay2,False,False,False,False
initial,17,0.05,test-1149,-0.04772507856303732,-0.050229208738818844,-0.050229208738818844,delay2,False,False,False,False
initial,17,0.05,test-1155,-0.04772507856303732,-0.050236924803197185,-0.050236924803197185,delay2,False,False,False,False
initial,17,0.05,test-135,-0.04772507856303732,-0.050263976110582656,-0.050263976110582656,delay2,False,False,False,False
initial,17,0.05,test-159,-0.04772507856303732,-0.050236924803197185,-0.050236924803197185,delay2,False,False,False,False
initial,17,0.05,test-179,-0.04772507856303732,-0.050232427410578914,-0.050232427410578914,delay2,False,False,False,False
initial,17,0.05,test-208,-0.04772507856303732,-0.05022720217661729,-0.05022720217661729,delay2,False,False,False,False
initial,17,0.05,test-210,-0.04772507856303732,-0.050236924803197185,-0.050236924803197185,delay2,False,False,False,False
initial,17,0.05,test-23,-0.04772507856303732,-0.05023589779147421,-0.05023589779147421,delay2,False,False,False,False
initial,17,0.05,test-365,-0.04772507856303732,-0.050236924803197185,-0.050236924803197185,delay2,False,False,False,False
initial,17,0.05,test-392,-0.04772507856303732,-0.05400952932467671,-0.05400952932467671,delay2,False,False,False,False
initial,17,0.05,test-42,-0.04772507856303732,-0.05022426151822813,-0.05022426151822813,delay2,False,False,False,False
initial,17,0.05,test-450,-0.04772507856303732,-0.050236924803197185,-0.050236924803197185,delay2,False,False,False,False
initial,17,0.05,test-489,-0.04772507856303732,-0.050724452222432576,-0.050724452222432576,delay2,False,False,False,False
initial,17,0.05,test-518,-0.04772507856303732,-0.050313793874230565,-0.050313793874230565,delay2,False,False,False,False
initial,17,0.05,test-788,-0.04772507856303732,0.0010246480992759156,0.0010246480992759156,delay2,True,True,True,True
initial,17,0.05,test-80,-0.04772507856303732,-0.05028887661321271,-0.05028887661321271,delay2,False,False,False,False
initial,17,0.05,test-903,-0.04772507856303732,-0.05032879948770766,-0.05032879948770766,delay2,False,False,False,False
initial,17,0.05,test-916,-0.04772507856303732,-0.050236924803197185,-0.050236924803197185,delay2,False,False,False,False
initial,17,0.05,test-979,-0.04772507856303732,-0.041294948950568997,-0.041294948950568997,delay2,False,False,False,False
initial,17,0.05,test-984,-0.04772507856303732,-0.055731296321710054,-0.055731296321710054,delay2,False,False,False,False
initial,17,0.1,test-1149,-0.04545015712607467,-0.0478268385302693,-0.0478268385302693,delay2,False,False,False,False
initial,17,0.1,test-1155,-0.04545015712607467,-0.047842270659025965,-0.047842270659025965,delay2,False,False,False,False
initial,17,0.1,test-135,-0.04545015712607467,-0.047896373273796915,-0.047896373273796915,delay2,False,False,False,False
initial,17,0.1,test-159,-0.04545015712607467,-0.047842270659025965,-0.047842270659025965,delay2,False,False,False,False
initial,17,0.1,test-179,-0.04545015712607467,-0.04783327587378942,-0.04783327587378942,delay2,False,False,False,False
initial,17,0.1,test-208,-0.04545015712607467,-0.04782282540586616,-0.04782282540586616,delay2,False,False,False,False
initial,17,0.1,test-210,-0.04545015712607467,-0.047842270659025965,-0.047842270659025965,delay2,False,False,False,False
initial,17,0.1,test-23,-0.04545015712607467,-0.04784021663558,-0.04784021663558,delay2,False,False,False,False
initial,17,0.1,test-365,-0.04545015712607467,-0.047842270659025965,-0.047842270659025965,delay2,False,False,False,False
initial,17,0.1,test-392,-0.04545015712607467,-0.05538747970198503,-0.05538747970198503,delay2,False,False,False,False
initial,17,0.1,test-42,-0.04545015712607467,-0.04781694408908787,-0.04781694408908787,delay2,False,False,False,False
initial,17,0.1,test-450,-0.04545015712607467,-0.047842270659025965,-0.047842270659025965,delay2,False,False,False,False
initial,17,0.1,test-489,-0.04545015712607467,-0.04881732549749673,-0.04881732549749673,delay2,False,False,False,False
initial,17,0.1,test-518,-0.04545015712607467,-0.04799600880109271,-0.04799600880109271,delay2,False,False,False,False
initial,17,0.1,test-788,-0.04545015712607467,0.0020492961985518077,0.0020492961985518077,delay2,True,True,True,True
initial,17,0.1,test-80,-0.04545015712607467,-0.04794617427905703,-0.04794617427905703,delay2,False,False,False,False
initial,17,0.1,test-903,-0.04545015712607467,-0.04802602002804691,-0.04802602002804691,delay2,False,False,False,False
initial,17,0.1,test-916,-0.04545015712607467,-0.047842270659025965,-0.047842270659025965,delay2,False,False,False,False
initial,17,0.1,test-979,-0.04545015712607467,-0.029958318953769592,-0.029958318953769592,delay2,False,False,False,False
initial,17,0.1,test-984,-0.04545015712607467,-0.0588310136960517,-0.0588310136960517,delay2,False,False,False,False
initial,17,0.2,test-1149,-0.01930601872054845,-0.020445157758251148,-0.020445157758251148,delay1,False,False,False,False
initial,17,0.2,test-1155,-0.01930601872054845,-0.02035002920875785,-0.02035002920875785,delay1,False,False,False,False
initial,17,0.2,test-135,-0.01930601872054845,-0.020555226825316925,-0.020555226825316925,delay1,False,False,False,False
initial,17,0.2,test-159,-0.01930601872054845,-0.02070278493365367,-0.02070278493365367,delay1,False,False,False,False
initial,17,0.2,test-179,-0.01930601872054845,-0.02060311361670465,-0.02060311361670465,delay1,False,False,False,False
initial,17,0.2,test-208,-0.01930601872054845,-0.020538884758418502,-0.020538884758418502,delay1,False,False,False,False
initial,17,0.2,test-210,-0.01930601872054845,-0.01119527789393039,-0.01119527789393039,delay1,False,False,False,False
initial,17,0.2,test-23,-0.01930601872054845,-0.020322124968998368,-0.020322124968998368,delay1,False,False,False,False
initial,17,0.2,test-365,-0.01930601872054845,-0.023952060014342903,-0.023952060014342903,delay1,False,False,False,False
initial,17,0.2,test-392,-0.01930601872054845,-0.020322124968998368,-0.020322124968998368,delay1,False,False,False,False
initial,17,0.2,test-42,-0.01930601872054845,-0.020560167341794364,-0.020560167341794364,delay1,False,False,False,False
initial,17,0.2,test-450,-0.01930601872054845,-0.013240315927328734,-0.013240315927328734,delay1,False,False,False,False
initial,17,0.2,test-489,-0.01930601872054845,-0.011264824967012166,-0.011264824967012166,delay1,False,False,False,False
initial,17,0.2,test-518,-0.01930601872054845,-0.021244186709065305,-0.021244186709065305,delay1,False,False,False,False
initial,17,0.2,test-788,-0.01930601872054845,-0.028258952858880897,-0.028258952858880897,delay1,False,False,False,False
initial,17,0.2,test-80,-0.01930601872054845,-0.02169354270981763,-0.02169354270981763,delay1,False,False,False,False
initial,17,0.2,test-903,-0.01930601872054845,-0.02083245176655135,-0.02083245176655135,delay1,False,False,False,False
initial,17,0.2,test-916,-0.01930601872054845,-0.009394897245149017,-0.009394897245149017,delay1,False,False,False,False
initial,17,0.2,test-979,-0.01930601872054845,-0.020322124968998368,-0.007285058960170726,delay2,False,False,False,False
initial,17,0.2,test-984,-0.01930601872054845,-0.020322124968998368,-0.03809379597573386,delay2,False,False,False,False
initial,17,0.5,test-1149,-0.026588784998084664,-0.02829577670795792,-0.02829577670795792,delay1,False,False,False,False
initial,17,0.5,test-1155,-0.026588784998084664,-0.02805795533422468,-0.02805795533422468,delay1,False,False,False,False
initial,17,0.5,test-135,-0.026588784998084664,-0.028570949375622358,-0.028570949375622358,delay1,False,False,False,False
initial,17,0.5,test-159,-0.026588784998084664,-0.028939844646464218,-0.028939844646464218,delay1,False,False,False,False
initial,17,0.5,test-179,-0.026588784998084664,-0.028690666354091666,-0.028690666354091666,delay1,False,False,False,False
initial,17,0.5,test-208,-0.026588784998084664,-0.028530094208376294,-0.028530094208376294,delay1,False,False,False,False
initial,17,0.5,test-210,-0.026588784998084664,-0.02798819473482596,-0.02798819473482596,delay1,False,False,False,False
initial,17,0.5,test-23,-0.026588784998084664,-0.02798819473482596,-0.02798819473482596,delay1,False,False,False,False
initial,17,0.5,test-365,-0.026588784998084664,-0.0370630323481873,-0.0370630323481873,delay1,False,False,False,False
initial,17,0.5,test-392,-0.026588784998084664,-0.02798819473482596,-0.02798819473482596,delay1,False,False,False,False
initial,17,0.5,test-42,-0.026588784998084664,-0.028583300666815956,-0.028583300666815956,delay1,False,False,False,False
initial,17,0.5,test-450,-0.026588784998084664,-0.010283672130651886,-0.010283672130651886,delay1,False,False,False,False
initial,17,0.5,test-489,-0.026588784998084664,-0.005344944729860462,-0.005344944729860462,delay1,False,False,False,False
initial,17,0.5,test-518,-0.026588784998084664,-0.030293349084993305,-0.030293349084993305,delay1,False,False,False,False
initial,17,0.5,test-788,-0.026588784998084664,-0.04783026445953229,-0.04783026445953229,delay1,False,False,False,False
initial,17,0.5,test-80,-0.026588784998084664,-0.031416739086874125,-0.031416739086874125,delay1,False,False,False,False
initial,17,0.5,test-903,-0.026588784998084664,-0.029264011728708413,-0.029264011728708413,delay1,False,False,False,False
initial,17,0.5,test-916,-0.026588784998084664,-0.0006701254252025876,-0.0006701254252025876,delay1,False,False,False,False
initial,17,0.5,test-979,-0.026588784998084664,-0.02798819473482596,-0.02798819473482596,delay1,False,False,False,False
initial,17,0.5,test-984,-0.026588784998084664,-0.02798819473482596,0.0065299961693878915,delay2,False,True,False,True
initial,17,1,test-1149,-0.053177569996169335,-0.056591553415915846,-0.056591553415915846,delay1,False,False,False,False
initial,17,1,test-1155,-0.053177569996169335,-0.05611591066844937,-0.05611591066844937,delay1,False,False,False,False
initial,17,1,test-135,-0.053177569996169335,-0.05714189875124473,-0.05714189875124473,delay1,False,False,False,False
initial,17,1,test-159,-0.053177569996169335,-0.05787968929292844,-0.05787968929292844,delay1,False,False,False,False
initial,17,1,test-179,-0.053177569996169335,-0.05738133270818334,-0.05738133270818334,delay1,False,False,False,False
initial,17,1,test-208,-0.053177569996169335,-0.0570601884167526,-0.0570601884167526,delay1,False,False,False,False
initial,17,1,test-210,-0.053177569996169335,-0.05597638946965194,-0.05597638946965194,delay1,False,False,False,False
initial,17,1,test-23,-0.053177569996169335,-0.05597638946965194,-0.05597638946965194,delay1,False,False,False,False
initial,17,1,test-365,-0.053177569996169335,-0.07412606469637462,-0.07412606469637462,delay1,False,False,False,False
initial,17,1,test-392,-0.053177569996169335,-0.05597638946965194,-0.05597638946965194,delay1,False,False,False,False
initial,17,1,test-42,-0.053177569996169335,-0.05716660133363192,-0.05716660133363192,delay1,False,False,False,False
initial,17,1,test-450,-0.053177569996169335,-0.020567344261303782,-0.020567344261303782,delay1,False,False,False,False
initial,17,1,test-489,-0.053177569996169335,-0.010689889459720936,-0.010689889459720936,delay1,False,False,False,False
initial,17,1,test-518,-0.053177569996169335,-0.060586698169986616,-0.060586698169986616,delay1,False,False,False,False
initial,17,1,test-788,-0.053177569996169335,-0.09566052891906458,-0.09566052891906458,delay1,False,False,False,False
initial,17,1,test-80,-0.053177569996169335,-0.06283347817374826,-0.06283347817374826,delay1,False,False,False,False
initial,17,1,test-903,-0.053177569996169335,-0.05852802345741683,-0.05852802345741683,delay1,False,False,False,False
initial,17,1,test-916,-0.053177569996169335,-0.0013402508504051867,-0.0013402508504051867,delay1,False,False,False,False
initial,17,1,test-979,-0.053177569996169335,-0.05597638946965194,-0.05597638946965194,delay1,False,False,False,False
initial,17,1,test-984,-0.053177569996169335,-0.05597638946965194,-0.05597638946965194,delay1,False,False,False,False
initial,29,0,test-1149,-0.05,-0.05263157894736842,-0.05263157894736842,delay2,False,False,False,False
initial,29,0,test-1155,-0.05,-0.05263157894736842,-0.05263157894736842,delay2,False,False,False,False
initial,29,0,test-135,-0.05,-0.05263157894736842,-0.05263157894736842,delay2,False,False,False,False
initial,29,0,test-159,-0.05,-0.05263157894736842,-0.05263157894736842,delay2,False,False,False,False
initial,29,0,test-179,-0.05,-0.05263157894736842,-0.05263157894736842,delay2,False,False,False,False
initial,29,0,test-208,-0.05,-0.05263157894736842,-0.05263157894736842,delay2,False,False,False,False
initial,29,0,test-210,-0.05,-0.05263157894736842,-0.05263157894736842,delay2,False,False,False,False
initial,29,0,test-23,-0.05,-0.05263157894736842,-0.05263157894736842,delay2,False,False,False,False
initial,29,0,test-365,-0.05,-0.05263157894736842,-0.05263157894736842,delay2,False,False,False,False
initial,29,0,test-392,-0.05,-0.05263157894736842,-0.05263157894736842,delay2,False,False,False,False
initial,29,0,test-42,-0.05,-0.05263157894736842,-0.05263157894736842,delay2,False,False,False,False
initial,29,0,test-450,-0.05,-0.05263157894736842,-0.05263157894736842,delay2,False,False,False,False
initial,29,0,test-489,-0.05,-0.05263157894736842,-0.05263157894736842,delay2,False,False,False,False
initial,29,0,test-518,-0.05,-0.05263157894736842,-0.05263157894736842,delay2,False,False,False,False
initial,29,0,test-788,-0.05,-0.05263157894736842,-0.05263157894736842,delay2,False,False,False,False
initial,29,0,test-80,-0.05,-0.05263157894736842,-0.05263157894736842,delay2,False,False,False,False
initial,29,0,test-903,-0.05,-0.05263157894736842,-0.05263157894736842,delay2,False,False,False,False
initial,29,0,test-916,-0.05,0.0,0.0,delay2,True,True,False,False
initial,29,0,test-979,-0.05,-0.05263157894736842,-0.05263157894736842,delay2,False,False,False,False
initial,29,0,test-984,-0.05,-0.05263157894736842,-0.05263157894736842,delay2,False,False,False,False
initial,29,0.05,test-1149,0.0018526454887759546,0.0019501531460799522,0.0019501531460799522,delay2,False,False,False,False
initial,29,0.05,test-1155,0.0018526454887759546,0.0019501531460799522,0.0019501531460799522,delay2,False,False,False,False
initial,29,0.05,test-135,0.0018526454887759546,0.0019541271405533645,0.0019541271405533645,delay2,False,False,False,False
initial,29,0.05,test-159,0.0018526454887759546,0.0019501531460799522,0.0019501531460799522,delay2,False,False,False,False
initial,29,0.05,test-179,0.0018526454887759546,0.0019501531460799522,0.0019501531460799522,delay2,False,False,False,False
initial,29,0.05,test-208,0.0018526454887759546,0.0019701194949861894,0.0019701194949861894,delay2,False,False,False,False
initial,29,0.05,test-210,0.0018526454887759546,0.0019501531460799522,0.0019501531460799522,delay2,False,False,False,False
initial,29,0.05,test-23,0.0018526454887759546,0.0019501531460799522,0.0019501531460799522,delay2,False,False,False,False
initial,29,0.05,test-365,0.0018526454887759546,0.0019501531460799522,0.0019501531460799522,delay2,False,False,False,False
initial,29,0.05,test-392,0.0018526454887759546,0.0018528825820252632,0.0018528825820252632,delay2,False,False,False,False
initial,29,0.05,test-42,0.0018526454887759546,0.0019501531460799522,0.0019501531460799522,delay2,False,False,False,False
initial,29,0.05,test-450,0.0018526454887759546,0.007875401400284839,0.007875401400284839,delay2,False,False,False,False
initial,29,0.05,test-489,0.0018526454887759546,0.002016476163420306,0.002016476163420306,delay2,False,False,False,False
initial,29,0.05,test-518,0.0018526454887759546,0.0018503297423725642,0.0018503297423725642,delay2,False,False,False,False
initial,29,0.05,test-788,0.0018526454887759546,0.001983968685099107,0.001983968685099107,delay2,False,False,False,False
initial,29,0.05,test-80,0.0018526454887759546,0.0019327027196405142,0.0019327027196405142,delay2,False,False,False,False
initial,29,0.05,test-903,0.0018526454887759546,0.0018468650014932006,0.0018468650014932006,delay2,False,False,False,False
initial,29,0.05,test-916,0.0018526454887759546,0.0019501531460799522,0.0019501531460799522,delay2,False,False,False,False
initial,29,0.05,test-979,0.0018526454887759546,0.0019501531460799522,0.0019501531460799522,delay2,False,False,False,False
initial,29,0.05,test-984,0.0018526454887759546,-0.005731494615155778,-0.005731494615155778,delay2,True,True,True,True
initial,29,0.1,test-1149,0.003705290977551915,0.00390030629215991,0.00390030629215991,delay2,False,False,False,False
initial,29,0.1,test-1155,0.003705290977551915,0.00390030629215991,0.00390030629215991,delay2,False,False,False,False
initial,29,0.1,test-135,0.003705290977551915,0.003908254281106729,0.003908254281106729,delay2,False,False,False,False
initial,29,0.1,test-159,0.003705290977551915,0.00390030629215991,0.00390030629215991,delay2,False,False,False,False
initial,29,0.1,test-179,0.003705290977551915,0.00390030629215991,0.00390030629215991,delay2,False,False,False,False
initial,29,0.1,test-208,0.003705290977551915,0.003940238989972385,0.003940238989972385,delay2,False,False,False,False
initial,29,0.1,test-210,0.003705290977551915,0.00390030629215991,0.00390030629215991,delay2,False,False,False,False
initial,29,0.1,test-23,0.003705290977551915,0.00390030629215991,0.00390030629215991,delay2,False,False,False,False
initial,29,0.1,test-365,0.003705290977551915,0.00390030629215991,0.00390030629215991,delay2,False,False,False,False
initial,29,0.1,test-392,0.003705290977551915,0.0037057651640505264,0.0037057651640505264,delay2,False,False,False,False
initial,29,0.1,test-42,0.003705290977551915,0.00390030629215991,0.00390030629215991,delay2,False,False,False,False
initial,29,0.1,test-450,0.003705290977551915,0.015750802800569685,0.015750802800569685,delay2,False,False,False,False
initial,29,0.1,test-489,0.003705290977551915,0.004032952326840618,0.004032952326840618,delay2,False,False,False,False
initial,29,0.1,test-518,0.003705290977551915,0.003700659484745134,0.003700659484745134,delay2,False,False,False,False
initial,29,0.1,test-788,0.003705290977551915,0.00396793737019822,0.00396793737019822,delay2,False,False,False,False
initial,29,0.1,test-80,0.003705290977551915,0.003865405439281034,0.003865405439281034,delay2,False,False,False,False
initial,29,0.1,test-903,0.003705290977551915,0.003693730002986413,0.003693730002986413,delay2,False,False,False,False
initial,29,0.1,test-916,0.003705290977551915,0.00390030629215991,0.00390030629215991,delay2,False,False,False,False
initial,29,0.1,test-979,0.003705290977551915,0.00390030629215991,0.00390030629215991,delay2,False,False,False,False
initial,29,0.1,test-984,0.003705290977551915,-0.01146298923031155,-0.01146298923031155,delay2,True,True,True,True
initial,29,0.2,test-1149,0.007410581955103818,0.007800612584319809,0.007800612584319809,delay2,False,False,False,False
initial,29,0.2,test-1155,0.007410581955103818,0.007800612584319809,0.007800612584319809,delay2,False,False,False,False
initial,29,0.2,test-135,0.007410581955103818,0.007816508562213451,0.007816508562213451,delay2,False,False,False,False
initial,29,0.2,test-159,0.007410581955103818,0.007800612584319809,0.007800612584319809,delay2,False,False,False,False
initial,29,0.2,test-179,0.007410581955103818,0.007800612584319809,0.007800612584319809,delay2,False,False,False,False
initial,29,0.2,test-208,0.007410581955103818,0.007880477979944758,0.007880477979944758,delay2,False,False,False,False
initial,29,0.2,test-210,0.007410581955103818,0.007800612584319809,0.007800612584319809,delay2,False,False,False,False
initial,29,0.2,test-23,0.007410581955103818,0.007800612584319809,0.007800612584319809,delay2,False,False,False,False
initial,29,0.2,test-365,0.007410581955103818,0.007800612584319809,0.007800612584319809,delay2,False,False,False,False
initial,29,0.2,test-392,0.007410581955103818,0.007411530328101041,0.007411530328101041,delay2,False,False,False,False
initial,29,0.2,test-42,0.007410581955103818,0.007800612584319809,0.007800612584319809,delay2,False,False,False,False
initial,29,0.2,test-450,0.007410581955103818,0.031501605601139356,0.031501605601139356,delay2,False,False,False,False
initial,29,0.2,test-489,0.007410581955103818,0.008065904653681224,0.008065904653681224,delay2,False,False,False,False
initial,29,0.2,test-518,0.007410581955103818,0.007401318969490263,0.007401318969490263,delay2,False,False,False,False
initial,29,0.2,test-788,0.007410581955103818,0.007935874740396427,-0.04983412407311462,delay1,False,True,False,True
initial,29,0.2,test-80,0.007410581955103818,0.007730810878562057,0.007730810878562057,delay2,False,False,False,False
initial,29,0.2,test-903,0.007410581955103818,0.0073874600059728145,0.0073874600059728145,delay2,False,False,False,False
initial,29,0.2,test-916,0.007410581955103818,0.007800612584319809,0.007800612584319809,delay2,False,False,False,False
initial,29,0.2,test-979,0.007410581955103818,0.007800612584319809,0.007800612584319809,delay2,False,False,False,False
initial,29,0.2,test-984,0.007410581955103818,-0.022925978460623112,-0.022925978460623112,delay2,True,True,True,True
initial,29,0.5,test-1149,-0.09448014968257248,-0.09834723106836356,-0.09834723106836356,delay1,False,False,False,False
initial,29,0.5,test-1155,-0.09448014968257248,-0.09939116903068887,-0.09939116903068887,delay1,False,False,False,False
initial,29,0.5,test-135,-0.09448014968257248,-0.09961013144515124,-0.09961013144515124,delay1,False,False,False,False
initial,29,0.5,test-159,-0.09448014968257248,-0.09946880779856941,-0.09946880779856941,delay1,False,False,False,False
initial,29,0.5,test-179,-0.09448014968257248,-0.1002248789654515,-0.1002248789654515,delay1,False,False,False,False
initial,29,0.5,test-208,-0.09448014968257248,-0.10068220574141679,-0.10068220574141679,delay1,False,False,False,False
initial,29,0.5,test-210,-0.09448014968257248,-0.09945278913954998,-0.09945278913954998,delay1,False,False,False,False
initial,29,0.5,test-23,-0.09448014968257248,-0.0963301904839506,-0.0963301904839506,delay1,False,False,False,False
initial,29,0.5,test-365,-0.09448014968257248,-0.10002864443591844,-0.10002864443591844,delay1,False,False,False,False
initial,29,0.5,test-392,-0.09448014968257248,-0.09945278913954998,-0.09945278913954998,delay1,False,False,False,False
initial,29,0.5,test-42,-0.09448014968257248,-0.10007406498491166,-0.10007406498491166,delay1,False,False,False,False
initial,29,0.5,test-450,-0.09448014968257248,-0.020936217302449742,-0.020936217302449742,delay1,False,False,False,False
initial,29,0.5,test-489,-0.09448014968257248,-0.09945278913954998,-0.09945278913954998,delay1,False,False,False,False
initial,29,0.5,test-518,-0.09448014968257248,-0.10027659294963384,-0.10027659294963384,delay1,False,False,False,False
initial,29,0.5,test-788,-0.09448014968257248,-0.0991602628898202,-0.0991602628898202,delay1,False,False,False,False
initial,29,0.5,test-80,-0.09448014968257248,-0.09986779631801147,-0.09986779631801147,delay1,False,False,False,False
initial,29,0.5,test-903,-0.09448014968257248,-0.10047202845574037,-0.10047202845574037,delay1,False,False,False,False
initial,29,0.5,test-916,-0.09448014968257248,-0.12733331705468348,-0.12733331705468348,delay1,False,False,False,False
initial,29,0.5,test-979,-0.09448014968257248,-0.049588298168488545,-0.049588298168488545,delay1,False,False,False,False
initial,29,0.5,test-984,-0.09448014968257248,-0.09945278913954998,-0.031889898858591434,delay2,False,False,False,False
initial,29,1,test-1149,-0.18896029936514497,-0.19669446213672714,-0.19669446213672714,delay1,False,False,False,False
initial,29,1,test-1155,-0.18896029936514497,-0.19878233806137774,-0.19878233806137774,delay1,False,False,False,False
initial,29,1,test-135,-0.18896029936514497,-0.19922026289030248,-0.19922026289030248,delay1,False,False,False,False
initial,29,1,test-159,-0.18896029936514497,-0.19893761559713882,-0.19893761559713882,delay1,False,False,False,False
initial,29,1,test-179,-0.18896029936514497,-0.200449757930903,-0.200449757930903,delay1,False,False,False,False
initial,29,1,test-208,-0.18896029936514497,-0.2013644114828336,-0.2013644114828336,delay1,False,False,False,False
initial,29,1,test-210,-0.18896029936514497,-0.19890557827909996,-0.19890557827909996,delay1,False,False,False,False
initial,29,1,test-23,-0.18896029936514497,-0.19266038096790122,-0.19266038096790122,delay1,False,False,False,False
initial,29,1,test-365,-0.18896029936514497,-0.2000572888718369,-0.2000572888718369,delay1,False,False,False,False
initial,29,1,test-392,-0.18896029936514497,-0.19890557827909996,-0.19890557827909996,delay1,False,False,False,False
initial,29,1,test-42,-0.18896029936514497,-0.2001481299698233,-0.2001481299698233,delay1,False,False,False,False
initial,29,1,test-450,-0.18896029936514497,-0.0418724346048995,-0.0418724346048995,delay1,False,False,False,False
initial,29,1,test-489,-0.18896029936514497,-0.19890557827909996,-0.19890557827909996,delay1,False,False,False,False
initial,29,1,test-518,-0.18896029936514497,-0.2005531858992677,-0.2005531858992677,delay1,False,False,False,False
initial,29,1,test-788,-0.18896029936514497,-0.19832052577964043,-0.19832052577964043,delay1,False,False,False,False
initial,29,1,test-80,-0.18896029936514497,-0.19973559263602297,-0.19973559263602297,delay1,False,False,False,False
initial,29,1,test-903,-0.18896029936514497,-0.20094405691148073,-0.20094405691148073,delay1,False,False,False,False
initial,29,1,test-916,-0.18896029936514497,-0.25466663410936696,-0.25466663410936696,delay1,False,False,False,False
initial,29,1,test-979,-0.18896029936514497,-0.0991765963369771,-0.0991765963369771,delay1,False,False,False,False
initial,29,1,test-984,-0.18896029936514497,-0.19890557827909996,-0.19890557827909996,delay1,False,False,False,False
initial,43,0,test-1149,-0.1,-0.10526315789473684,-0.10526315789473684,delay2,False,False,False,False
initial,43,0,test-1155,-0.1,-0.10526315789473684,-0.10526315789473684,delay2,False,False,False,False
initial,43,0,test-135,-0.1,-0.10526315789473684,-0.10526315789473684,delay2,False,False,False,False
initial,43,0,test-159,-0.1,-0.10526315789473684,-0.10526315789473684,delay2,False,False,False,False
initial,43,0,test-179,-0.1,-0.10526315789473684,-0.10526315789473684,delay2,False,False,False,False
initial,43,0,test-208,-0.1,-0.10526315789473684,-0.10526315789473684,delay2,False,False,False,False
initial,43,0,test-210,-0.1,-0.05263157894736842,-0.05263157894736842,delay2,False,False,False,False
initial,43,0,test-23,-0.1,-0.10526315789473684,-0.10526315789473684,delay2,False,False,False,False
initial,43,0,test-365,-0.1,-0.10526315789473684,-0.10526315789473684,delay2,False,False,False,False
initial,43,0,test-392,-0.1,-0.05263157894736842,-0.05263157894736842,delay2,False,False,False,False
initial,43,0,test-42,-0.1,-0.10526315789473684,-0.10526315789473684,delay2,False,False,False,False
initial,43,0,test-450,-0.1,-0.10526315789473684,-0.10526315789473684,delay2,False,False,False,False
initial,43,0,test-489,-0.1,-0.10526315789473684,-0.10526315789473684,delay2,False,False,False,False
initial,43,0,test-518,-0.1,-0.10526315789473684,-0.10526315789473684,delay2,False,False,False,False
initial,43,0,test-788,-0.1,-0.10526315789473684,0.0,delay1,False,True,False,False
initial,43,0,test-80,-0.1,-0.10526315789473684,-0.10526315789473684,delay2,False,False,False,False
initial,43,0,test-903,-0.1,-0.10526315789473684,-0.10526315789473684,delay2,False,False,False,False
initial,43,0,test-916,-0.1,-0.10526315789473684,-0.10526315789473684,delay2,False,False,False,False
initial,43,0,test-979,-0.1,-0.10526315789473684,-0.10526315789473684,delay2,False,False,False,False
initial,43,0,test-984,-0.1,-0.10526315789473684,-0.10526315789473684,delay2,False,False,False,False
initial,43,0.05,test-1149,-0.10434560943892231,-0.10976604760747657,-0.10976604760747657,delay2,False,False,False,False
initial,43,0.05,test-1155,-0.10434560943892231,-0.10982424418845395,-0.10982424418845395,delay2,False,False,False,False
initial,43,0.05,test-135,-0.10434560943892231,-0.10984745262775777,-0.10984745262775777,delay2,False,False,False,False
initial,43,0.05,test-159,-0.10434560943892231,-0.10897311030527615,-0.10897311030527615,delay2,False,False,False,False
initial,43,0.05,test-179,-0.10434560943892231,-0.10983164536641579,-0.10983164536641579,delay2,False,False,False,False
initial,43,0.05,test-208,-0.10434560943892231,-0.10983748361991821,-0.10983748361991821,delay2,False,False,False,False
initial,43,0.05,test-210,-0.10434560943892231,-0.05222935689838197,-0.05222935689838197,delay2,False,False,False,False
initial,43,0.05,test-23,-0.10434560943892231,-0.10978915634156446,-0.10978915634156446,delay2,False,False,False,False
initial,43,0.05,test-365,-0.10434560943892231,-0.10983748361991821,-0.10983748361991821,delay2,False,False,False,False
initial,43,0.05,test-392,-0.10434560943892231,-0.10984352570799584,-0.10984352570799584,delay2,False,False,False,False
initial,43,0.05,test-42,-0.10434560943892231,-0.10983748361991821,-0.10983748361991821,delay2,False,False,False,False
initial,43,0.05,test-450,-0.10434560943892231,-0.05752769170384948,-0.05752769170384948,delay2,False,False,False,False
initial,43,0.05,test-489,-0.10434560943892231,-0.10983780068713599,-0.10983780068713599,delay2,False,False,False,False
initial,43,0.05,test-518,-0.10434560943892231,-0.10993322218584928,-0.10993322218584928,delay2,False,False,False,False
initial,43,0.05,test-788,-0.10434560943892231,-0.10983748361991821,-0.01724533391391455,delay1,False,False,False,False
initial,43,0.05,test-80,-0.10434560943892231,-0.10984321981688175,-0.10984321981688175,delay2,False,False,False,False
initial,43,0.05,test-903,-0.10434560943892231,-0.10992143021171158,-0.10992143021171158,delay2,False,False,False,False
initial,43,0.05,test-916,-0.10434560943892231,-0.10983748361991821,-0.10983748361991821,delay2,False,False,False,False
initial,43,0.05,test-979,-0.10434560943892231,-0.09857786029137236,-0.09857786029137236,delay2,False,False,False,False
initial,43,0.05,test-984,-0.10434560943892231,-0.12197900673873203,-0.12197900673873203,delay2,False,False,False,False
initial,43,0.1,test-1149,-0.03442019885949365,-0.036231788273151204,-0.036231788273151204,delay1,False,False,False,False
initial,43,0.1,test-1155,-0.03442019885949365,-0.03622614048815091,-0.03622614048815091,delay1,False,False,False,False
initial,43,0.1,test-135,-0.03442019885949365,-0.03625209851279097,-0.03625209851279097,delay1,False,False,False,False
initial,43,0.1,test-159,-0.03442019885949365,-0.03454502190998417,-0.03454502190998417,delay1,False,False,False,False
initial,43,0.1,test-179,-0.03442019885949365,-0.036320638459837414,-0.036320638459837414,delay1,False,False,False,False
initial,43,0.1,test-208,-0.03442019885949365,-0.03628448226126971,-0.03628448226126971,delay1,False,False,False,False
initial,43,0.1,test-210,-0.03442019885949365,-0.018446116814668255,-0.0518271348493955,delay2,False,False,False,False
initial,43,0.1,test-23,-0.03442019885949365,-0.036231788273151204,-0.036231788273151204,delay1,False,False,False,False
initial,43,0.1,test-365,-0.03442019885949365,-0.03632769756612996,-0.03632769756612996,delay1,False,False,False,False
initial,43,0.1,test-392,-0.03442019885949365,-0.036231788273151204,-0.1144238935212548,delay2,False,False,False,False
initial,43,0.1,test-42,-0.03442019885949365,-0.03624563483857371,-0.03624563483857371,delay1,False,False,False,False
initial,43,0.1,test-450,-0.03442019885949365,-0.036231788273151204,-0.06242380446033051,delay2,False,False,False,False
initial,43,0.1,test-489,-0.03442019885949365,-0.036231788273151204,-0.11441244347953514,delay2,False,False,False,False
initial,43,0.1,test-518,-0.03442019885949365,-0.036254426604390134,-0.036254426604390134,delay1,False,False,False,False
initial,43,0.1,test-788,-0.03442019885949365,-0.034490667827829107,-0.034490667827829107,delay1,False,False,False,False
initial,43,0.1,test-80,-0.03442019885949365,-0.03636579148147995,-0.03636579148147995,delay1,False,False,False,False
initial,43,0.1,test-903,-0.03442019885949365,-0.03628650686265464,-0.03628650686265464,delay1,False,False,False,False
initial,43,0.1,test-916,-0.03442019885949365,-0.04501254400743049,-0.04501254400743049,delay1,False,False,False,False
initial,43,0.1,test-979,-0.03442019885949365,-0.011955479915776281,-0.09189256268800786,delay2,False,False,False,False
initial,43,0.1,test-984,-0.03442019885949365,-0.036231788273151204,-0.1386948555827272,delay2,False,False,False,False
initial,43,0.2,test-1149,-0.02271541183997495,-0.02391095983155258,-0.02391095983155258,delay1,False,False,False,False
initial,43,0.2,test-1155,-0.02271541183997495,-0.023899664261551993,-0.023899664261551993,delay1,False,False,False,False
initial,43,0.2,test-135,-0.02271541183997495,-0.023951580310832107,-0.023951580310832107,delay1,False,False,False,False
initial,43,0.2,test-159,-0.02271541183997495,-0.020537427105218498,-0.020537427105218498,delay1,False,False,False,False
initial,43,0.2,test-179,-0.02271541183997495,-0.024088660204925,-0.024088660204925,delay1,False,False,False,False
initial,43,0.2,test-208,-0.02271541183997495,-0.024016347807789568,-0.024016347807789568,delay1,False,False,False,False
initial,43,0.2,test-210,-0.02271541183997495,0.011660383085413322,0.011660383085413322,delay1,True,True,True,True
initial,43,0.2,test-23,-0.02271541183997495,-0.02391095983155258,-0.02391095983155258,delay1,False,False,False,False
initial,43,0.2,test-365,-0.02271541183997495,-0.024102778417510077,-0.024102778417510077,delay1,False,False,False,False
initial,43,0.2,test-392,-0.02271541183997495,-0.02391095983155258,-0.02391095983155258,delay1,False,False,False,False
initial,43,0.2,test-42,-0.02271541183997495,-0.023938652962397573,-0.023938652962397573,delay1,False,False,False,False
initial,43,0.2,test-450,-0.02271541183997495,-0.02391095983155258,-0.02391095983155258,delay1,False,False,False,False
initial,43,0.2,test-489,-0.02271541183997495,-0.02391095983155258,-0.02391095983155258,delay1,False,False,False,False
initial,43,0.2,test-518,-0.02271541183997495,-0.023956236494030426,-0.023956236494030426,delay1,False,False,False,False
initial,43,0.2,test-788,-0.02271541183997495,-0.020428718940908377,-0.020428718940908377,delay1,False,False,False,False
initial,43,0.2,test-80,-0.02271541183997495,-0.024178966248210056,-0.024178966248210056,delay1,False,False,False,False
initial,43,0.2,test-903,-0.02271541183997495,-0.024020397010559448,-0.024020397010559448,delay1,False,False,False,False
initial,43,0.2,test-916,-0.02271541183997495,-0.04147247130011115,-0.04147247130011115,delay1,False,False,False,False
initial,43,0.2,test-979,-0.02271541183997495,-0.02391095983155258,-0.02391095983155258,delay1,False,False,False,False
initial,43,0.2,test-984,-0.02271541183997495,-0.02391095983155258,-0.02391095983155258,delay1,False,False,False,False
initial,43,0.5,test-1149,-0.05678852959993737,-0.05977739957888144,-0.05977739957888144,delay1,False,False,False,False
initial,43,0.5,test-1155,-0.05678852959993737,-0.05974916065387997,-0.05974916065387997,delay1,False,False,False,False
initial,43,0.5,test-135,-0.05678852959993737,-0.05987895077708027,-0.05987895077708027,delay1,False,False,False,False
initial,43,0.5,test-159,-0.05678852959993737,-0.05134356776304624,-0.05134356776304624,delay1,False,False,False,False
initial,43,0.5,test-179,-0.05678852959993737,-0.060221650512312486,-0.060221650512312486,delay1,False,False,False,False
initial,43,0.5,test-208,-0.05678852959993737,-0.060040869519473926,-0.060040869519473926,delay1,False,False,False,False
initial,43,0.5,test-210,-0.05678852959993737,0.029150957713533304,0.029150957713533304,delay1,True,True,True,True
initial,43,0.5,test-23,-0.05678852959993737,-0.05977739957888144,-0.05977739957888144,delay1,False,False,False,False
initial,43,0.5,test-365,-0.05678852959993737,-0.060256946043775184,-0.060256946043775184,delay1,False,False,False,False
initial,43,0.5,test-392,-0.05678852959993737,-0.05977739957888144,-0.05977739957888144,delay1,False,False,False,False
initial,43,0.5,test-42,-0.05678852959993737,-0.05984663240599394,-0.05984663240599394,delay1,False,False,False,False
initial,43,0.5,test-450,-0.05678852959993737,-0.05977739957888144,-0.05977739957888144,delay1,False,False,False,False
initial,43,0.5,test-489,-0.05678852959993737,-0.05977739957888144,-0.05977739957888144,delay1,False,False,False,False
initial,43,0.5,test-518,-0.05678852959993737,-0.05989059123507605,-0.05989059123507605,delay1,False,False,False,False
initial,43,0.5,test-788,-0.05678852959993737,-0.05107179735227093,-0.05107179735227093,delay1,False,False,False,False
initial,43,0.5,test-80,-0.05678852959993737,-0.06044741562052513,-0.06044741562052513,delay1,False,False,False,False
initial,43,0.5,test-903,-0.05678852959993737,-0.06005099252639861,-0.06005099252639861,delay1,False,False,False,False
initial,43,0.5,test-916,-0.05678852959993737,-0.10368117825027785,-0.10368117825027785,delay1,False,False,False,False
initial,43,0.5,test-979,-0.05678852959993737,-0.05977739957888144,-0.05977739957888144,delay1,False,False,False,False
initial,43,0.5,test-984,-0.05678852959993737,-0.05977739957888144,-0.05977739957888144,delay1,False,False,False,False
initial,43,1,test-1149,-0.11067971999124124,-0.11650496841183287,-0.11650496841183287,delay1,False,False,False,False
initial,43,1,test-1155,-0.11067971999124124,-0.11644849056182993,-0.11644849056182993,delay1,False,False,False,False
initial,43,1,test-135,-0.11067971999124124,-0.11670807080823054,-0.11670807080823054,delay1,False,False,False,False
initial,43,1,test-159,-0.11067971999124124,-0.09963730478016247,-0.09963730478016247,delay1,False,False,False,False
initial,43,1,test-179,-0.11067971999124124,-0.11739347027869496,-0.11739347027869496,delay1,False,False,False,False
initial,43,1,test-208,-0.11067971999124124,-0.11703190829301784,-0.11703190829301784,delay1,False,False,False,False
initial,43,1,test-210,-0.11067971999124124,0.06135174617299661,0.06135174617299661,delay1,True,True,True,True
initial,43,1,test-23,-0.11067971999124124,-0.11650496841183287,-0.11650496841183287,delay1,False,False,False,False
initial,43,1,test-365,-0.11067971999124124,-0.11746406134162037,-0.11746406134162037,delay1,False,False,False,False
initial,43,1,test-392,-0.11067971999124124,-0.11650496841183287,-0.11650496841183287,delay1,False,False,False,False
initial,43,1,test-42,-0.11067971999124124,-0.11664343406605787,-0.11664343406605787,delay1,False,False,False,False
initial,43,1,test-450,-0.11067971999124124,-0.11650496841183287,-0.11650496841183287,delay1,False,False,False,False
initial,43,1,test-489,-0.11067971999124124,-0.11650496841183287,-0.11650496841183287,delay1,False,False,False,False
initial,43,1,test-518,-0.11067971999124124,-0.1167313517242221,-0.1167313517242221,delay1,False,False,False,False
initial,43,1,test-788,-0.11067971999124124,-0.10214359470454186,-0.10214359470454186,delay1,False,False,False,False
initial,43,1,test-80,-0.11067971999124124,-0.11784500049512026,-0.11784500049512026,delay1,False,False,False,False
initial,43,1,test-903,-0.11067971999124124,-0.11705215430686722,-0.11705215430686722,delay1,False,False,False,False
initial,43,1,test-916,-0.11067971999124124,-0.20431252575462572,-0.20431252575462572,delay1,False,False,False,False
initial,43,1,test-979,-0.11067971999124124,-0.11650496841183287,-0.11650496841183287,delay1,False,False,False,False
initial,43,1,test-984,-0.11067971999124124,-0.11650496841183287,-0.11650496841183287,delay1,False,False,False,False
historical_pass,17,0,test-135,0.0,0.0,0.0,now,False,False,False,False
historical_pass,17,0,test-159,0.0,0.0,0.0,now,False,False,False,False
historical_pass,17,0,test-210,0.0,0.0,0.0,now,False,False,False,False
historical_pass,17,0,test-365,0.0,0.0,0.0,now,False,False,False,False
historical_pass,17,0,test-392,0.0,0.0,0.0,now,False,False,False,False
historical_pass,17,0,test-450,0.0,0.0,0.0,now,False,False,False,False
historical_pass,17,0,test-518,0.0,0.0,0.0,now,False,False,False,False
historical_pass,17,0,test-80,0.0,0.0,0.0,now,False,False,False,False
historical_pass,17,0,test-903,0.0,0.0,0.0,now,False,False,False,False
historical_pass,17,0,test-916,0.0,0.0,0.0,delay1,False,False,False,False
historical_pass,17,0,test-979,0.0,0.0,0.0,now,False,False,False,False
historical_pass,17,0,test-984,0.0,0.0,0.0,now,False,False,False,False
historical_pass,17,0.05,test-135,-0.005462789329136925,-0.007216932737964656,-0.007216932737964656,now,False,False,False,False
historical_pass,17,0.05,test-159,-0.005462789329136925,-0.005959406540876645,-0.005959406540876645,now,False,False,False,False
historical_pass,17,0.05,test-210,-0.005462789329136925,-0.006648562463694237,-0.006648562463694237,now,False,False,False,False
historical_pass,17,0.05,test-365,-0.005462789329136925,-0.006052167524913623,-0.006052167524913623,now,False,False,False,False
historical_pass,17,0.05,test-392,-0.005462789329136925,-0.005568777762519898,-0.005568777762519898,now,False,False,False,False
historical_pass,17,0.05,test-450,-0.005462789329136925,-0.005959406540876645,-0.005959406540876645,now,False,False,False,False
historical_pass,17,0.05,test-518,-0.005462789329136925,-0.006124083808801956,-0.006124083808801956,now,False,False,False,False
historical_pass,17,0.05,test-80,-0.005462789329136925,-0.006111486977506042,-0.006111486977506042,now,False,False,False,False
historical_pass,17,0.05,test-903,-0.005462789329136925,-0.006294991670815646,-0.006294991670815646,now,False,False,False,False
historical_pass,17,0.05,test-916,-0.005462789329136925,-0.005959406540876645,-0.005878937398429921,delay1,False,False,False,False
historical_pass,17,0.05,test-979,-0.005462789329136925,0.0023011571600795415,0.0023011571600795415,now,True,True,True,True
historical_pass,17,0.05,test-984,-0.005462789329136925,-0.005959406540876645,-0.005959406540876645,now,False,False,False,False
historical_pass,17,0.1,test-135,-0.010925578658273859,-0.01443386547592932,-0.01443386547592932,now,False,False,False,False
historical_pass,17,0.1,test-159,-0.010925578658273859,-0.0119188130817533,-0.0119188130817533,now,False,False,False,False
historical_pass,17,0.1,test-210,-0.010925578658273859,-0.013297124927388484,-0.013297124927388484,now,False,False,False,False
historical_pass,17,0.1,test-365,-0.010925578658273859,-0.012104335049827256,-0.012104335049827256,now,False,False,False,False
historical_pass,17,0.1,test-392,-0.010925578658273859,-0.011137555525039807,-0.011137555525039807,now,False,False,False,False
historical_pass,17,0.1,test-450,-0.010925578658273859,-0.0119188130817533,-0.0119188130817533,now,False,False,False,False
historical_pass,17,0.1,test-518,-0.010925578658273859,-0.01224816761760392,-0.01224816761760392,now,False,False,False,False
historical_pass,17,0.1,test-80,-0.010925578658273859,-0.012222973955012094,-0.012222973955012094,now,False,False,False,False
historical_pass,17,0.1,test-903,-0.010925578658273859,-0.012589983341631292,-0.012589983341631292,now,False,False,False,False
historical_pass,17,0.1,test-916,-0.010925578658273859,-0.0119188130817533,-0.011757874796859863,delay1,False,False,False,False
historical_pass,17,0.1,test-979,-0.010925578658273859,0.0046023143201590734,0.0046023143201590734,now,True,True,True,True
historical_pass,17,0.1,test-984,-0.010925578658273859,-0.0119188130817533,-0.0119188130817533,now,False,False,False,False
historical_pass,17,0.2,test-135,-0.021851157316547718,-0.02886773095185864,-0.02886773095185864,now,False,False,False,False
historical_pass,17,0.2,test-159,-0.021851157316547718,-0.0238376261635066,-0.0238376261635066,now,False,False,False,False
historical_pass,17,0.2,test-210,-0.021851157316547718,-0.02659424985477697,-0.02659424985477697,now,False,False,False,False
historical_pass,17,0.2,test-365,-0.021851157316547718,-0.0242086700996545,-0.0242086700996545,now,False,False,False,False
historical_pass,17,0.2,test-392,-0.021851157316547718,-0.022275111050079614,-0.022275111050079614,now,False,False,False,False
historical_pass,17,0.2,test-450,-0.021851157316547718,-0.0238376261635066,-0.0238376261635066,now,False,False,False,False
historical_pass,17,0.2,test-518,-0.021851157316547718,-0.02449633523520784,-0.02449633523520784,now,False,False,False,False
historical_pass,17,0.2,test-80,-0.021851157316547718,-0.024445947910024187,-0.024445947910024187,now,False,False,False,False
historical_pass,17,0.2,test-903,-0.021851157316547718,-0.025179966683262594,-0.025179966683262594,now,False,False,False,False
historical_pass,17,0.2,test-916,-0.021851157316547718,-0.0238376261635066,-0.023515749593719704,delay1,False,False,False,False
historical_pass,17,0.2,test-979,-0.021851157316547718,0.009204628640318147,0.009204628640318147,now,True,True,True,True
historical_pass,17,0.2,test-984,-0.021851157316547718,-0.0238376261635066,-0.0238376261635066,now,False,False,False,False
historical_pass,17,0.5,test-135,-0.054627893291369314,-0.07216932737964663,-0.07216932737964663,now,False,False,False,False
historical_pass,17,0.5,test-159,-0.054627893291369314,-0.05959406540876652,-0.05959406540876652,now,False,False,False,False
historical_pass,17,0.5,test-210,-0.054627893291369314,-0.06648562463694244,-0.06648562463694244,now,False,False,False,False
historical_pass,17,0.5,test-365,-0.054627893291369314,-0.06052167524913629,-0.06052167524913629,now,False,False,False,False
historical_pass,17,0.5,test-392,-0.054627893291369314,-0.055687777625199046,-0.055687777625199046,now,False,False,False,False
historical_pass,17,0.5,test-450,-0.054627893291369314,-0.05959406540876652,-0.05959406540876652,now,False,False,False,False
historical_pass,17,0.5,test-518,-0.054627893291369314,-0.06124083808801963,-0.06124083808801963,now,False,False,False,False
historical_pass,17,0.5,test-80,-0.054627893291369314,-0.06111486977506049,-0.06111486977506049,now,False,False,False,False
historical_pass,17,0.5,test-903,-0.054627893291369314,-0.06294991670815647,-0.06294991670815647,now,False,False,False,False
historical_pass,17,0.5,test-916,-0.054627893291369314,-0.05959406540876652,-0.05959406540876652,now,False,False,False,False
historical_pass,17,0.5,test-979,-0.054627893291369314,0.023011571600795346,0.023011571600795346,now,True,True,True,True
historical_pass,17,0.5,test-984,-0.054627893291369314,-0.05959406540876652,-0.05959406540876652,now,False,False,False,False
historical_pass,17,1,test-135,-0.1092557865827386,-0.14433865475929322,-0.14433865475929322,now,False,False,False,False
historical_pass,17,1,test-159,-0.1092557865827386,-0.11918813081753302,-0.11918813081753302,now,False,False,False,False
historical_pass,17,1,test-210,-0.1092557865827386,-0.13297124927388485,-0.13297124927388485,now,False,False,False,False
historical_pass,17,1,test-365,-0.1092557865827386,-0.12104335049827256,-0.12104335049827256,now,False,False,False,False
historical_pass,17,1,test-392,-0.1092557865827386,-0.11137555525039808,-0.11137555525039808,now,False,False,False,False
historical_pass,17,1,test-450,-0.1092557865827386,-0.11918813081753302,-0.11918813081753302,now,False,False,False,False
historical_pass,17,1,test-518,-0.1092557865827386,-0.12248167617603925,-0.12248167617603925,now,False,False,False,False
historical_pass,17,1,test-80,-0.1092557865827386,-0.12222973955012097,-0.12222973955012097,now,False,False,False,False
historical_pass,17,1,test-903,-0.1092557865827386,-0.12589983341631295,-0.12589983341631295,now,False,False,False,False
historical_pass,17,1,test-916,-0.1092557865827386,-0.11918813081753302,-0.11918813081753302,now,False,False,False,False
historical_pass,17,1,test-979,-0.1092557865827386,0.04602314320159071,0.04602314320159071,now,True,True,True,True
historical_pass,17,1,test-984,-0.1092557865827386,-0.11918813081753302,-0.11918813081753302,now,False,False,False,False
historical_pass,29,0,test-135,0.0,0.0,0.0,delay1,False,False,False,False
historical_pass,29,0,test-159,0.0,0.0,0.0,delay1,False,False,False,False
historical_pass,29,0,test-210,0.0,0.0,-0.09090909090909091,endpoint_only,False,True,False,False
historical_pass,29,0,test-365,0.0,0.0,0.0,delay1,False,False,False,False
historical_pass,29,0,test-392,0.0,0.0,0.0,delay1,False,False,False,False
historical_pass,29,0,test-450,0.0,0.0,0.0,delay2,False,False,False,False
historical_pass,29,0,test-518,0.0,0.0,0.0,delay1,False,False,False,False
historical_pass,29,0,test-80,0.0,0.0,0.0,delay1,False,False,False,False
historical_pass,29,0,test-903,0.0,0.0,0.0,delay1,False,False,False,False
historical_pass,29,0,test-916,0.0,0.0,0.0,delay1,False,False,False,False
historical_pass,29,0,test-979,0.0,0.0,0.0,delay1,False,False,False,False
historical_pass,29,0,test-984,0.0,0.0,0.0,delay1,False,False,False,False
historical_pass,29,0.05,test-135,-0.002062908697759654,-0.002324468963434485,-0.002324468963434485,delay1,False,False,False,False
historical_pass,29,0.05,test-159,-0.002062908697759654,-0.0023335723932156804,-0.0023335723932156804,delay1,False,False,False,False
historical_pass,29,0.05,test-210,-0.002062908697759654,-0.002250445852101441,-0.06519512289584369,endpoint_only,False,False,False,False
historical_pass,29,0.05,test-365,-0.002062908697759654,-0.002250445852101441,-0.002250445852101441,delay1,False,False,False,False
historical_pass,29,0.05,test-392,-0.002062908697759654,-0.002250445852101441,-0.002250445852101441,delay1,False,False,False,False
historical_pass,29,0.05,test-450,-0.002062908697759654,-0.002250445852101441,0.005183835715843997,delay2,False,True,False,True
historical_pass,29,0.05,test-518,-0.002062908697759654,-0.002483880672177677,-0.002483880672177677,delay1,False,False,False,False
historical_pass,29,0.05,test-80,-0.002062908697759654,-0.002253729427954963,-0.002253729427954963,delay1,False,False,False,False
historical_pass,29,0.05,test-903,-0.002062908697759654,-0.0024430391002066673,-0.0024430391002066673,delay1,False,False,False,False
historical_pass,29,0.05,test-916,-0.002062908697759654,0.005253226009578779,0.005253226009578779,delay1,True,True,True,True
historical_pass,29,0.05,test-979,-0.002062908697759654,-0.002250445852101441,0.004873648821297758,delay2,False,True,False,True
historical_pass,29,0.05,test-984,-0.002062908697759654,-0.006917210565197951,-0.006917210565197951,delay1,False,False,False,False
historical_pass,29,0.1,test-135,-0.004125817395519317,-0.0046489379268689806,-0.0046489379268689806,delay1,False,False,False,False
historical_pass,29,0.1,test-159,-0.004125817395519317,-0.00466714478643137,-0.00466714478643137,delay1,False,False,False,False
historical_pass,29,0.1,test-210,-0.004125817395519317,-0.004500891704202891,-0.03948115488259651,endpoint_only,False,False,False,False
historical_pass,29,0.1,test-365,-0.004125817395519317,-0.004500891704202891,-0.004500891704202891,delay1,False,False,False,False
historical_pass,29,0.1,test-392,-0.004125817395519317,-0.004500891704202891,-0.004500891704202891,delay1,False,False,False,False
historical_pass,29,0.1,test-450,-0.004125817395519317,-0.004500891704202891,0.010367671431687995,delay2,False,True,False,True
historical_pass,29,0.1,test-518,-0.004125817395519317,-0.004967761344355354,-0.004967761344355354,delay1,False,False,False,False
historical_pass,29,0.1,test-80,-0.004125817395519317,-0.004507458855909936,-0.004507458855909936,delay1,False,False,False,False
historical_pass,29,0.1,test-903,-0.004125817395519317,-0.004886078200413345,-0.004886078200413345,delay1,False,False,False,False
historical_pass,29,0.1,test-916,-0.004125817395519317,0.01050645201915755,0.01050645201915755,delay1,True,True,True,True
historical_pass,29,0.1,test-979,-0.004125817395519317,-0.004500891704202891,0.009747297642595515,delay2,False,True,False,True
historical_pass,29,0.1,test-984,-0.004125817395519317,-0.013834421130395912,-0.013834421130395912,delay1,False,False,False,False
historical_pass,29,0.2,test-135,-0.008251634791038654,-0.009297875853737982,-0.009297875853737982,delay1,False,False,False,False
historical_pass,29,0.2,test-159,-0.008251634791038654,-0.009334289572862762,-0.009334289572862762,delay1,False,False,False,False
historical_pass,29,0.2,test-210,-0.008251634791038654,-0.009001783408405803,0.011946781143897894,endpoint_only,False,True,False,True
historical_pass,29,0.2,test-365,-0.008251634791038654,-0.009001783408405803,-0.009001783408405803,delay1,False,False,False,False
historical_pass,29,0.2,test-392,-0.008251634791038654,-0.009001783408405803,-0.009001783408405803,delay1,False,False,False,False
historical_pass,29,0.2,test-450,-0.008251634791038654,-0.009001783408405803,0.02073534286337598,delay2,False,True,False,True
historical_pass,29,0.2,test-518,-0.008251634791038654,-0.009935522688710717,-0.009935522688710717,delay1,False,False,False,False
historical_pass,29,0.2,test-80,-0.008251634791038654,-0.009014917711819892,-0.009014917711819892,delay1,False,False,False,False
historical_pass,29,0.2,test-903,-0.008251634791038654,-0.0097721564008267,-0.0097721564008267,delay1,False,False,False,False
historical_pass,29,0.2,test-916,-0.008251634791038654,0.02101290403831508,0.02101290403831508,delay1,True,True,True,True
historical_pass,29,0.2,test-979,-0.008251634791038654,-0.009001783408405803,0.019494595285191024,delay2,False,True,False,True
historical_pass,29,0.2,test-984,-0.008251634791038654,-0.027668842260791845,-0.027668842260791845,delay1,False,False,False,False
historical_pass,29,0.5,test-135,-0.02062908697759664,-0.023244689634344964,-0.023244689634344964,delay1,False,False,False,False
historical_pass,29,0.5,test-159,-0.02062908697759664,-0.02333572393215691,-0.02333572393215691,delay1,False,False,False,False
historical_pass,29,0.5,test-210,-0.02062908697759664,-0.022504458521014518,-0.43372946324457445,now,False,False,False,False
historical_pass,29,0.5,test-365,-0.02062908697759664,-0.022504458521014518,-0.022504458521014518,delay1,False,False,False,False
historical_pass,29,0.5,test-392,-0.02062908697759664,-0.022504458521014518,-0.022504458521014518,delay1,False,False,False,False
historical_pass,29,0.5,test-450,-0.02062908697759664,-0.022504458521014518,0.05183835715843997,delay2,False,True,False,True
historical_pass,29,0.5,test-518,-0.02062908697759664,-0.02483880672177682,-0.02483880672177682,delay1,False,False,False,False
historical_pass,29,0.5,test-80,-0.02062908697759664,-0.022537294279549737,-0.022537294279549737,delay1,False,False,False,False
historical_pass,29,0.5,test-903,-0.02062908697759664,-0.024430391002066756,-0.024430391002066756,delay1,False,False,False,False
historical_pass,29,0.5,test-916,-0.02062908697759664,0.0525322600957877,0.0525322600957877,delay1,True,True,True,True
historical_pass,29,0.5,test-979,-0.02062908697759664,-0.022504458521014518,0.04873648821297756,delay2,False,True,False,True
historical_pass,29,0.5,test-984,-0.02062908697759664,-0.06917210565197962,-0.06917210565197962,delay1,False,False,False,False
historical_pass,29,1,test-135,0.2541735199249121,0.27579974132778867,-0.3060236186974418,now,False,True,False,True
historical_pass,29,1,test-159,0.2541735199249121,0.2756176727321648,0.2756176727321648,delay1,False,False,False,False
historical_pass,29,1,test-210,0.2541735199249121,0.2772802035544496,-0.36335162407448846,now,False,True,False,True
historical_pass,29,1,test-365,0.2541735199249121,0.2772802035544496,-0.36274861928570235,now,False,True,False,True
historical_pass,29,1,test-392,0.2541735199249121,0.2772802035544496,-0.36126304299657414,now,False,True,False,True
historical_pass,29,1,test-450,0.2541735199249121,0.2872444952590767,-0.15794895711698026,now,False,True,False,True
historical_pass,29,1,test-518,0.2541735199249121,0.272611507152925,-0.3656368798832903,now,False,True,False,True
historical_pass,29,1,test-80,0.2541735199249121,0.27721453203737917,-0.36477416102179006,now,False,True,False,True
historical_pass,29,1,test-903,0.2541735199249121,0.2734283385923451,-0.364844603706553,now,False,True,False,True
historical_pass,29,1,test-916,0.2541735199249121,0.09510022848694828,0.09510022848694828,delay1,False,False,False,False
historical_pass,29,1,test-979,0.2541735199249121,0.2772802035544496,0.4197620970224337,delay2,False,False,False,False
historical_pass,29,1,test-984,0.2541735199249121,0.1839449092925194,0.1839449092925194,delay1,False,False,False,False
historical_pass,43,0,test-135,0.0,0.0,0.0,now,False,False,False,False
historical_pass,43,0,test-159,0.0,0.0,0.0,now,False,False,False,False
historical_pass,43,0,test-210,0.0,0.0,0.0,now,False,False,False,False
historical_pass,43,0,test-365,0.0,0.0,0.0,now,False,False,False,False
historical_pass,43,0,test-392,0.0,0.0,0.0,now,False,False,False,False
historical_pass,43,0,test-450,0.0,0.0,0.0,now,False,False,False,False
historical_pass,43,0,test-518,0.0,0.0,0.0,now,False,False,False,False
historical_pass,43,0,test-80,0.0,0.0,0.0,now,False,False,False,False
historical_pass,43,0,test-903,0.0,0.0,0.0,now,False,False,False,False
historical_pass,43,0,test-916,0.0,0.0,0.0,now,False,False,False,False
historical_pass,43,0,test-979,0.0,0.0,0.0,now,False,False,False,False
historical_pass,43,0,test-984,0.0,0.0,0.0,now,False,False,False,False
historical_pass,43,0.05,test-135,0.08462733460667048,0.09232072866182234,0.09232072866182234,now,False,False,False,False
historical_pass,43,0.05,test-159,0.08462733460667048,0.09232072866182234,0.09232072866182234,now,False,False,False,False
historical_pass,43,0.05,test-210,0.08462733460667048,0.0006919747120266332,0.0006919747120266332,now,False,False,False,False
historical_pass,43,0.05,test-365,0.08462733460667048,0.09217958139312207,0.09217958139312207,now,False,False,False,False
historical_pass,43,0.05,test-392,0.08462733460667048,0.09227195977372354,0.09227195977372354,now,False,False,False,False
historical_pass,43,0.05,test-450,0.08462733460667048,0.09232072866182234,0.09232072866182234,now,False,False,False,False
historical_pass,43,0.05,test-518,0.08462733460667048,0.09217361267015613,0.09217361267015613,now,False,False,False,False
historical_pass,43,0.05,test-80,0.08462733460667048,0.09216243363948132,0.09216243363948132,now,False,False,False,False
historical_pass,43,0.05,test-903,0.08462733460667048,0.09212408112060201,0.09212408112060201,now,False,False,False,False
historical_pass,43,0.05,test-916,0.08462733460667048,0.09232072866182234,0.09232072866182234,now,False,False,False,False
historical_pass,43,0.05,test-979,0.08462733460667048,0.09232072866182234,0.09232072866182234,now,False,False,False,False
historical_pass,43,0.05,test-984,0.08462733460667048,0.09232072866182234,0.09232072866182234,now,False,False,False,False
historical_pass,43,0.1,test-135,0.08592133588000762,0.09373236641455378,0.09373236641455378,now,False,False,False,False
historical_pass,43,0.1,test-159,0.08592133588000762,0.09373236641455378,0.09373236641455378,now,False,False,False,False
historical_pass,43,0.1,test-210,0.08592133588000762,0.0013839494240532664,0.0013839494240532664,now,False,False,False,False
historical_pass,43,0.1,test-365,0.08592133588000762,0.09345007187715325,0.09345007187715325,now,False,False,False,False
historical_pass,43,0.1,test-392,0.08592133588000762,0.09363482863835619,0.09363482863835619,now,False,False,False,False
historical_pass,43,0.1,test-450,0.08592133588000762,0.09373236641455378,0.09373236641455378,now,False,False,False,False
historical_pass,43,0.1,test-518,0.08592133588000762,0.09343813443122134,0.09343813443122134,now,False,False,False,False
historical_pass,43,0.1,test-80,0.08592133588000762,0.09341577636987174,0.09341577636987174,now,False,False,False,False
historical_pass,43,0.1,test-903,0.08592133588000762,0.09333907133211311,0.09333907133211311,now,False,False,False,False
historical_pass,43,0.1,test-916,0.08592133588000762,0.09373236641455378,0.09373236641455378,now,False,False,False,False
historical_pass,43,0.1,test-979,0.08592133588000762,0.09373236641455378,0.09373236641455378,now,False,False,False,False
historical_pass,43,0.1,test-984,0.08592133588000762,0.09373236641455378,0.09373236641455378,now,False,False,False,False
historical_pass,43,0.2,test-135,0.08850933842668193,0.09655564192001666,0.09655564192001666,now,False,False,False,False
historical_pass,43,0.2,test-159,0.08850933842668193,0.09655564192001666,0.09655564192001666,now,False,False,False,False
historical_pass,43,0.2,test-210,0.08850933842668193,0.0027678988481065533,0.0027678988481065533,now,False,False,False,False
historical_pass,43,0.2,test-365,0.08850933842668193,0.0959910528452156,0.0959910528452156,now,False,False,False,False
historical_pass,43,0.2,test-392,0.08850933842668193,0.09636056636762148,0.09636056636762148,now,False,False,False,False
historical_pass,43,0.2,test-450,0.08850933842668193,0.09655564192001666,0.09655564192001666,now,False,False,False,False
historical_pass,43,0.2,test-518,0.08850933842668193,0.09596717795335177,0.09596717795335177,now,False,False,False,False
historical_pass,43,0.2,test-80,0.08850933842668193,0.09592246183065258,0.09592246183065258,now,False,False,False,False
historical_pass,43,0.2,test-903,0.08850933842668193,0.09576905175513532,0.09576905175513532,now,False,False,False,False
historical_pass,43,0.2,test-916,0.08850933842668193,0.09655564192001666,0.09655564192001666,now,False,False,False,False
historical_pass,43,0.2,test-979,0.08850933842668193,0.09655564192001666,0.09655564192001666,now,False,False,False,False
historical_pass,43,0.2,test-984,0.08850933842668193,0.09655564192001666,0.09655564192001666,now,False,False,False,False
historical_pass,43,0.5,test-135,0.09627334606670486,0.1050254684364053,0.1050254684364053,now,False,False,False,False
historical_pass,43,0.5,test-159,0.09627334606670486,0.1050254684364053,0.1050254684364053,now,False,False,False,False
historical_pass,43,0.5,test-210,0.09627334606670486,0.006919747120266373,0.006919747120266373,now,False,False,False,False
historical_pass,43,0.5,test-365,0.09627334606670486,0.10361399574940265,0.10361399574940265,now,False,False,False,False
historical_pass,43,0.5,test-392,0.09627334606670486,0.10453777955541736,0.10453777955541736,now,False,False,False,False
historical_pass,43,0.5,test-450,0.09627334606670486,0.1050254684364053,0.1050254684364053,now,False,False,False,False
historical_pass,43,0.5,test-518,0.09627334606670486,0.1035543085197431,0.1035543085197431,now,False,False,False,False
historical_pass,43,0.5,test-80,0.09627334606670486,0.10344251821299508,0.10344251821299508,now,False,False,False,False
historical_pass,43,0.5,test-903,0.09627334606670486,0.10305899302420195,0.10305899302420195,now,False,False,False,False
historical_pass,43,0.5,test-916,0.09627334606670486,0.1050254684364053,0.1050254684364053,now,False,False,False,False
historical_pass,43,0.5,test-979,0.09627334606670486,0.1050254684364053,0.1050254684364053,now,False,False,False,False
historical_pass,43,0.5,test-984,0.09627334606670486,0.1050254684364053,0.1050254684364053,now,False,False,False,False
historical_pass,43,1,test-135,0.10921335880007638,0.1191418459637197,0.1191418459637197,now,False,False,False,False
historical_pass,43,1,test-159,0.10921335880007638,0.1191418459637197,0.1191418459637197,now,False,False,False,False
historical_pass,43,1,test-210,0.10921335880007638,0.013839494240532746,0.013839494240532746,now,False,False,False,False
historical_pass,43,1,test-365,0.10921335880007638,0.1163189005897144,0.1163189005897144,now,False,False,False,False
historical_pass,43,1,test-392,0.10921335880007638,0.11816646820174381,0.11816646820174381,now,False,False,False,False
historical_pass,43,1,test-450,0.10921335880007638,0.1191418459637197,0.1191418459637197,now,False,False,False,False
historical_pass,43,1,test-518,0.10921335880007638,0.11619952613039528,0.11619952613039528,now,False,False,False,False
historical_pass,43,1,test-80,0.10921335880007638,0.11597594551689924,0.11597594551689924,now,False,False,False,False
historical_pass,43,1,test-903,0.10921335880007638,0.11520889513931298,0.11520889513931298,now,False,False,False,False
historical_pass,43,1,test-916,0.10921335880007638,0.1191418459637197,0.1191418459637197,now,False,False,False,False
historical_pass,43,1,test-979,0.10921335880007638,0.1191418459637197,0.1191418459637197,now,False,False,False,False
historical_pass,43,1,test-984,0.10921335880007638,0.1191418459637197,0.1191418459637197,now,False,False,False,False
combined,17,0,test-1149,-0.0625,-0.06451612903225806,-0.06451612903225806,"{""initial"": ""delay2"", ""historical_pass"": ""now""}",False,False,False,False
combined,17,0,test-1155,-0.0625,-0.06451612903225806,-0.06451612903225806,"{""initial"": ""delay2"", ""historical_pass"": ""now""}",False,False,False,False
combined,17,0,test-135,-0.0625,-0.06666666666666667,-0.06666666666666667,"{""initial"": ""delay2"", ""historical_pass"": ""now""}",False,False,False,False
combined,17,0,test-159,-0.0625,-0.06666666666666667,-0.06666666666666667,"{""initial"": ""delay2"", ""historical_pass"": ""now""}",False,False,False,False
combined,17,0,test-179,-0.0625,-0.06451612903225806,-0.06451612903225806,"{""initial"": ""delay2"", ""historical_pass"": ""now""}",False,False,False,False
combined,17,0,test-208,-0.0625,-0.06451612903225806,-0.06451612903225806,"{""initial"": ""delay2"", ""historical_pass"": ""now""}",False,False,False,False
combined,17,0,test-210,-0.0625,-0.06666666666666667,-0.06666666666666667,"{""initial"": ""delay2"", ""historical_pass"": ""now""}",False,False,False,False
combined,17,0,test-23,-0.0625,-0.06451612903225806,-0.06451612903225806,"{""initial"": ""delay2"", ""historical_pass"": ""now""}",False,False,False,False
combined,17,0,test-365,-0.0625,-0.03333333333333333,-0.03333333333333333,"{""initial"": ""delay2"", ""historical_pass"": ""now""}",False,False,False,False
combined,17,0,test-392,-0.0625,-0.06666666666666667,-0.06666666666666667,"{""initial"": ""delay2"", ""historical_pass"": ""now""}",False,False,False,False
combined,17,0,test-42,-0.0625,-0.06451612903225806,-0.06451612903225806,"{""initial"": ""delay2"", ""historical_pass"": ""now""}",False,False,False,False
combined,17,0,test-450,-0.0625,-0.06666666666666667,-0.06666666666666667,"{""initial"": ""delay2"", ""historical_pass"": ""now""}",False,False,False,False
combined,17,0,test-489,-0.0625,-0.06451612903225806,-0.06451612903225806,"{""initial"": ""delay2"", ""historical_pass"": ""now""}",False,False,False,False
combined,17,0,test-518,-0.0625,-0.06666666666666667,-0.06666666666666667,"{""initial"": ""delay2"", ""historical_pass"": ""now""}",False,False,False,False
combined,17,0,test-788,-0.0625,-0.03225806451612903,-0.03225806451612903,"{""initial"": ""delay2"", ""historical_pass"": ""now""}",False,False,False,False
combined,17,0,test-80,-0.0625,-0.06666666666666667,-0.06666666666666667,"{""initial"": ""delay2"", ""historical_pass"": ""now""}",False,False,False,False
combined,17,0,test-903,-0.0625,-0.06666666666666667,-0.06666666666666667,"{""initial"": ""delay2"", ""historical_pass"": ""now""}",False,False,False,False
combined,17,0,test-916,-0.0625,-0.06666666666666667,-0.06666666666666667,"{""initial"": ""delay2"", ""historical_pass"": ""delay1""}",False,False,False,False
combined,17,0,test-979,-0.0625,-0.06666666666666667,-0.06666666666666667,"{""initial"": ""delay2"", ""historical_pass"": ""now""}",False,False,False,False
combined,17,0,test-984,-0.0625,-0.06666666666666667,-0.06666666666666667,"{""initial"": ""delay2"", ""historical_pass"": ""now""}",False,False,False,False
combined,17,0.05,test-1149,-0.031876720100324676,-0.03290027219313552,-0.03290027219313552,"{""initial"": ""delay2"", ""historical_pass"": ""now""}",False,False,False,False
combined,17,0.05,test-1155,-0.031876720100324676,-0.03290500139388353,-0.03290500139388353,"{""initial"": ""delay2"", ""historical_pass"": ""now""}",False,False,False,False
combined,17,0.05,test-135,-0.031876720100324676,-0.034480060207289394,-0.034480060207289394,"{""initial"": ""delay2"", ""historical_pass"": ""now""}",False,False,False,False
combined,17,0.05,test-159,-0.031876720100324676,-0.03400183477367966,-0.03400183477367966,"{""initial"": ""delay2"", ""historical_pass"": ""now""}",False,False,False,False
combined,17,0.05,test-179,-0.031876720100324676,-0.03290224492744008,-0.03290224492744008,"{""initial"": ""delay2"", ""historical_pass"": ""now""}",False,False,False,False
combined,17,0.05,test-208,-0.031876720100324676,-0.03289904236468941,-0.03289904236468941,"{""initial"": ""delay2"", ""historical_pass"": ""now""}",False,False,False,False
combined,17,0.05,test-210,-0.031876720100324676,-0.03425452527871277,-0.03425452527871277,"{""initial"": ""delay2"", ""historical_pass"": ""now""}",False,False,False,False
combined,17,0.05,test-23,-0.031876720100324676,-0.03290437193508558,-0.03290437193508558,"{""initial"": ""delay2"", ""historical_pass"": ""now""}",False,False,False,False
combined,17,0.05,test-365,-0.031876720100324676,-0.03403584713449321,-0.03403584713449321,"{""initial"": ""delay2"", ""historical_pass"": ""now""}",False,False,False,False
combined,17,0.05,test-392,-0.031876720100324676,-0.03624792041855255,-0.03624792041855255,"{""initial"": ""delay2"", ""historical_pass"": ""now""}",False,False,False,False
combined,17,0.05,test-42,-0.031876720100324676,-0.0328972400256767,-0.0328972400256767,"{""initial"": ""delay2"", ""historical_pass"": ""now""}",False,False,False,False
combined,17,0.05,test-450,-0.031876720100324676,-0.03400183477367966,-0.03400183477367966,"{""initial"": ""delay2"", ""historical_pass"": ""now""}",False,False,False,False
combined,17,0.05,test-489,-0.031876720100324676,-0.033203808521802,-0.033203808521802,"{""initial"": ""delay2"", ""historical_pass"": ""now""}",False,False,False,False
combined,17,0.05,test-518,-0.031876720100324676,-0.034110900183573406,-0.034110900183573406,"{""initial"": ""delay2"", ""historical_pass"": ""now""}",False,False,False,False
combined,17,0.05,test-788,-0.031876720100324676,-0.001486618002045184,-0.001486618002045184,"{""initial"": ""delay2"", ""historical_pass"": ""now""}",False,False,False,False
combined,17,0.05,test-80,-0.031876720100324676,-0.0340905004134536,-0.0340905004134536,"{""initial"": ""delay2"", ""historical_pass"": ""now""}",False,False,False,False
combined,17,0.05,test-903,-0.031876720100324676,-0.03418306995484725,-0.03418306995484725,"{""initial"": ""delay2"", ""historical_pass"": ""now""}",False,False,False,False
combined,17,0.05,test-916,-0.031876720100324676,-0.03400183477367966,-0.03397232942144919,"{""initial"": ""delay2"", ""historical_pass"": ""delay1""}",False,False,False,False
combined,17,0.05,test-979,-0.031876720100324676,-0.0253097100433312,-0.0253097100433312,"{""initial"": ""delay2"", ""historical_pass"": ""now""}",False,False,False,False
combined,17,0.05,test-984,-0.031876720100324676,-0.037481603402071136,-0.037481603402071136,"{""initial"": ""delay2"", ""historical_pass"": ""now""}",False,False,False,False
combined,17,0.1,test-1149,-0.03250344020064937,-0.03354247987014203,-0.03354247987014203,"{""initial"": ""delay2"", ""historical_pass"": ""now""}",False,False,False,False
combined,17,0.1,test-1155,-0.03250344020064937,-0.033551938271638056,-0.033551938271638056,"{""initial"": ""delay2"", ""historical_pass"": ""now""}",False,False,False,False
combined,17,0.1,test-135,-0.03250344020064937,-0.03562678708124546,-0.03562678708124546,"{""initial"": ""delay2"", ""historical_pass"": ""now""}",False,False,False,False
combined,17,0.1,test-159,-0.03250344020064937,-0.03467033621402599,-0.03467033621402599,"{""initial"": ""delay2"", ""historical_pass"": ""now""}",False,False,False,False
combined,17,0.1,test-179,-0.03250344020064937,-0.033546425338751136,-0.033546425338751136,"{""initial"": ""delay2"", ""historical_pass"": ""now""}",False,False,False,False
combined,17,0.1,test-208,-0.03250344020064937,-0.03354002021324978,-0.03354002021324978,"{""initial"": ""delay2"", ""historical_pass"": ""now""}",False,False,False,False
combined,17,0.1,test-210,-0.03250344020064937,-0.03517571722409222,-0.03517571722409222,"{""initial"": ""delay2"", ""historical_pass"": ""now""}",False,False,False,False
combined,17,0.1,test-23,-0.03250344020064937,-0.03355067935404214,-0.03355067935404214,"{""initial"": ""delay2"", ""historical_pass"": ""now""}",False,False,False,False
combined,17,0.1,test-365,-0.03250344020064937,-0.034738360935653106,-0.034738360935653106,"{""initial"": ""delay2"", ""historical_pass"": ""now""}",False,False,False,False
combined,17,0.1,test-392,-0.03250344020064937,-0.03916250750377178,-0.03916250750377178,"{""initial"": ""delay2"", ""historical_pass"": ""now""}",False,False,False,False
combined,17,0.1,test-42,-0.03250344020064937,-0.03353641553522438,-0.03353641553522438,"{""initial"": ""delay2"", ""historical_pass"": ""now""}",False,False,False,False
combined,17,0.1,test-450,-0.03250344020064937,-0.03467033621402599,-0.03467033621402599,"{""initial"": ""delay2"", ""historical_pass"": ""now""}",False,False,False,False
combined,17,0.1,test-489,-0.03250344020064937,-0.03414955252747498,-0.03414955252747498,"{""initial"": ""delay2"", ""historical_pass"": ""now""}",False,False,False,False
combined,17,0.1,test-518,-0.03250344020064937,-0.03488846703381349,-0.03488846703381349,"{""initial"": ""delay2"", ""historical_pass"": ""now""}",False,False,False,False
combined,17,0.1,test-788,-0.03250344020064937,-0.0029732360040903858,-0.0029732360040903858,"{""initial"": ""delay2"", ""historical_pass"": ""now""}",False,False,False,False
combined,17,0.1,test-80,-0.03250344020064937,-0.03484766749357389,-0.03484766749357389,"{""initial"": ""delay2"", ""historical_pass"": ""now""}",False,False,False,False
combined,17,0.1,test-903,-0.03250344020064937,-0.03503280657636118,-0.03503280657636118,"{""initial"": ""delay2"", ""historical_pass"": ""now""}",False,False,False,False
combined,17,0.1,test-916,-0.03250344020064937,-0.03467033621402599,-0.03461132550956506,"{""initial"": ""delay2"", ""historical_pass"": ""delay1""}",False,False,False,False
combined,17,0.1,test-979,-0.03250344020064937,-0.017286086753329082,-0.017286086753329082,"{""initial"": ""delay2"", ""historical_pass"": ""now""}",False,False,False,False
combined,17,0.1,test-984,-0.03250344020064937,-0.04162987347080895,-0.04162987347080895,"{""initial"": ""delay2"", ""historical_pass"": ""now""}",False,False,False,False
combined,17,0.2,test-1149,-0.020260445694048175,-0.020989415651785304,-0.020989415651785304,"{""initial"": ""delay1"", ""historical_pass"": ""now""}",False,False,False,False
combined,17,0.2,test-1155,-0.020260445694048175,-0.020931111056934574,-0.020931111056934574,"{""initial"": ""delay1"", ""historical_pass"": ""now""}",False,False,False,False
combined,17,0.2,test-135,-0.020260445694048175,-0.023603145005048887,-0.023603145005048887,"{""initial"": ""delay1"", ""historical_pass"": ""now""}",False,False,False,False
combined,17,0.2,test-159,-0.020260445694048175,-0.021852226717933076,-0.021852226717933076,"{""initial"": ""delay1"", ""historical_pass"": ""now""}",False,False,False,False
combined,17,0.2,test-179,-0.020260445694048175,-0.02108622730696648,-0.02108622730696648,"{""initial"": ""delay1"", ""historical_pass"": ""now""}",False,False,False,False
combined,17,0.2,test-208,-0.020260445694048175,-0.021046861232533035,-0.021046861232533035,"{""initial"": ""delay1"", ""historical_pass"": ""now""}",False,False,False,False
combined,17,0.2,test-210,-0.020260445694048175,-0.01684156761290747,-0.01684156761290747,"{""initial"": ""delay1"", ""historical_pass"": ""now""}",False,False,False,False
combined,17,0.2,test-23,-0.020260445694048175,-0.02091400845837231,-0.02091400845837231,"{""initial"": ""delay1"", ""historical_pass"": ""now""}",False,False,False,False
combined,17,0.2,test-365,-0.020260445694048175,-0.024046150378957156,-0.024046150378957156,"{""initial"": ""delay1"", ""historical_pass"": ""now""}",False,False,False,False
combined,17,0.2,test-392,-0.020260445694048175,-0.021038219865394826,-0.021038219865394826,"{""initial"": ""delay1"", ""historical_pass"": ""now""}",False,False,False,False
combined,17,0.2,test-42,-0.020260445694048175,-0.021059905396537598,-0.021059905396537598,"{""initial"": ""delay1"", ""historical_pass"": ""now""}",False,False,False,False
combined,17,0.2,test-450,-0.020260445694048175,-0.017125996347260617,-0.017125996347260617,"{""initial"": ""delay1"", ""historical_pass"": ""now""}",False,False,False,False
combined,17,0.2,test-489,-0.020260445694048175,-0.015362760070058186,-0.015362760070058186,"{""initial"": ""delay1"", ""historical_pass"": ""now""}",False,False,False,False
combined,17,0.2,test-518,-0.020260445694048175,-0.022436641168650902,-0.022436641168650902,"{""initial"": ""delay1"", ""historical_pass"": ""now""}",False,False,False,False
combined,17,0.2,test-788,-0.020260445694048175,-0.025778515874751926,-0.025778515874751926,"{""initial"": ""delay1"", ""historical_pass"": ""now""}",False,False,False,False
combined,17,0.2,test-80,-0.020260445694048175,-0.02270275794989337,-0.02270275794989337,"{""initial"": ""delay1"", ""historical_pass"": ""now""}",False,False,False,False
combined,17,0.2,test-903,-0.020260445694048175,-0.022426540569345472,-0.022426540569345472,"{""initial"": ""delay1"", ""historical_pass"": ""now""}",False,False,False,False
combined,17,0.2,test-916,-0.020260445694048175,-0.014690564515213464,-0.014572543106291603,"{""initial"": ""delay1"", ""historical_pass"": ""delay1""}",False,False,False,False
combined,17,0.2,test-979,-0.020260445694048175,-0.009495648645582312,-0.0012388401733248065,"{""initial"": ""delay2"", ""historical_pass"": ""now""}",False,False,False,False
combined,17,0.2,test-984,-0.020260445694048175,-0.021611142073651387,-0.032866533711250534,"{""initial"": ""delay2"", ""historical_pass"": ""now""}",False,False,False,False
combined,17,0.5,test-1149,-0.037103450608066406,-0.03848885409508491,-0.03848885409508491,"{""initial"": ""delay1"", ""historical_pass"": ""now""}",False,False,False,False
combined,17,0.5,test-1155,-0.037103450608066406,-0.03834309260795809,-0.03834309260795809,"{""initial"": ""delay1"", ""historical_pass"": ""now""}",False,False,False,False
combined,17,0.5,test-135,-0.037103450608066406,-0.04455702131043125,-0.04455702131043125,"{""initial"": ""delay1"", ""historical_pass"": ""now""}",False,False,False,False
combined,17,0.5,test-159,-0.037103450608066406,-0.04017972559264173,-0.04017972559264173,"{""initial"": ""delay1"", ""historical_pass"": ""now""}",False,False,False,False
combined,17,0.5,test-179,-0.037103450608066406,-0.038730883233037854,-0.038730883233037854,"{""initial"": ""delay1"", ""historical_pass"": ""now""}",False,False,False,False
combined,17,0.5,test-208,-0.037103450608066406,-0.038632468046954235,-0.038632468046954235,"{""initial"": ""delay1"", ""historical_pass"": ""now""}",False,False,False,False
combined,17,0.5,test-210,-0.037103450608066406,-0.042103919032268664,-0.042103919032268664,"{""initial"": ""delay1"", ""historical_pass"": ""now""}",False,False,False,False
combined,17,0.5,test-23,-0.037103450608066406,-0.03830033611155242,-0.03830033611155242,"{""initial"": ""delay1"", ""historical_pass"": ""now""}",False,False,False,False
combined,17,0.5,test-365,-0.037103450608066406,-0.045664534745201935,-0.045664534745201935,"{""initial"": ""delay1"", ""historical_pass"": ""now""}",False,False,False,False
combined,17,0.5,test-392,-0.037103450608066406,-0.03814470846129609,-0.03814470846129609,"{""initial"": ""delay1"", ""historical_pass"": ""now""}",False,False,False,False
combined,17,0.5,test-42,-0.037103450608066406,-0.038665078456965644,-0.038665078456965644,"{""initial"": ""delay1"", ""historical_pass"": ""now""}",False,False,False,False
combined,17,0.5,test-450,-0.037103450608066406,-0.028364149665960584,-0.028364149665960584,"{""initial"": ""delay1"", ""historical_pass"": ""now""}",False,False,False,False
combined,17,0.5,test-489,-0.037103450608066406,-0.024422215140767114,-0.024422215140767114,"{""initial"": ""delay1"", ""historical_pass"": ""now""}",False,False,False,False
combined,17,0.5,test-518,-0.037103450608066406,-0.041640761719436294,-0.041640761719436294,"{""initial"": ""delay1"", ""historical_pass"": ""now""}",False,False,False,False
combined,17,0.5,test-788,-0.037103450608066406,-0.050461604652501456,-0.050461604652501456,"{""initial"": ""delay1"", ""historical_pass"": ""now""}",False,False,False,False
combined,17,0.5,test-80,-0.037103450608066406,-0.04230605367254246,-0.04230605367254246,"{""initial"": ""delay1"", ""historical_pass"": ""now""}",False,False,False,False
combined,17,0.5,test-903,-0.037103450608066406,-0.0416155102211727,-0.0416155102211727,"{""initial"": ""delay1"", ""historical_pass"": ""now""}",False,False,False,False
combined,17,0.5,test-916,-0.037103450608066406,-0.022275570085842696,-0.022275570085842696,"{""initial"": ""delay1"", ""historical_pass"": ""now""}",False,False,False,False
combined,17,0.5,test-979,-0.037103450608066406,-0.009288280411764816,-0.009288280411764816,"{""initial"": ""delay1"", ""historical_pass"": ""now""}",False,False,False,False
combined,17,0.5,test-984,-0.037103450608066406,-0.0395770139819375,-0.017715493075935392,"{""initial"": ""delay2"", ""historical_pass"": ""now""}",False,False,False,False
combined,17,1,test-1149,-0.07420690121613281,-0.07697770819016982,-0.07697770819016982,"{""initial"": ""delay1"", ""historical_pass"": ""now""}",False,False,False,False
combined,17,1,test-1155,-0.07420690121613281,-0.07668618521591618,-0.07668618521591618,"{""initial"": ""delay1"", ""historical_pass"": ""now""}",False,False,False,False
combined,17,1,test-135,-0.07420690121613281,-0.0891140426208625,-0.0891140426208625,"{""initial"": ""delay1"", ""historical_pass"": ""now""}",False,False,False,False
combined,17,1,test-159,-0.07420690121613281,-0.08035945118528345,-0.08035945118528345,"{""initial"": ""delay1"", ""historical_pass"": ""now""}",False,False,False,False
combined,17,1,test-179,-0.07420690121613281,-0.07746176646607571,-0.07746176646607571,"{""initial"": ""delay1"", ""historical_pass"": ""now""}",False,False,False,False
combined,17,1,test-208,-0.07420690121613281,-0.07726493609390847,-0.07726493609390847,"{""initial"": ""delay1"", ""historical_pass"": ""now""}",False,False,False,False
combined,17,1,test-210,-0.07420690121613281,-0.08420783806453733,-0.08420783806453733,"{""initial"": ""delay1"", ""historical_pass"": ""now""}",False,False,False,False
combined,17,1,test-23,-0.07420690121613281,-0.07660067222310483,-0.07660067222310483,"{""initial"": ""delay1"", ""historical_pass"": ""now""}",False,False,False,False
combined,17,1,test-365,-0.07420690121613281,-0.09132906949040387,-0.09132906949040387,"{""initial"": ""delay1"", ""historical_pass"": ""now""}",False,False,False,False
combined,17,1,test-392,-0.07420690121613281,-0.07628941692259218,-0.07628941692259218,"{""initial"": ""delay1"", ""historical_pass"": ""now""}",False,False,False,False
combined,17,1,test-42,-0.07420690121613281,-0.07733015691393129,-0.07733015691393129,"{""initial"": ""delay1"", ""historical_pass"": ""now""}",False,False,False,False
combined,17,1,test-450,-0.07420690121613281,-0.05672829933192117,-0.05672829933192117,"{""initial"": ""delay1"", ""historical_pass"": ""now""}",False,False,False,False
combined,17,1,test-489,-0.07420690121613281,-0.04884443028153423,-0.04884443028153423,"{""initial"": ""delay1"", ""historical_pass"": ""now""}",False,False,False,False
combined,17,1,test-518,-0.07420690121613281,-0.08328152343887259,-0.08328152343887259,"{""initial"": ""delay1"", ""historical_pass"": ""now""}",False,False,False,False
combined,17,1,test-788,-0.07420690121613281,-0.10092320930500291,-0.10092320930500291,"{""initial"": ""delay1"", ""historical_pass"": ""now""}",False,False,False,False
combined,17,1,test-80,-0.07420690121613281,-0.08461210734508492,-0.08461210734508492,"{""initial"": ""delay1"", ""historical_pass"": ""now""}",False,False,False,False
combined,17,1,test-903,-0.07420690121613281,-0.08323102044234541,-0.08323102044234541,"{""initial"": ""delay1"", ""historical_pass"": ""now""}",False,False,False,False
combined,17,1,test-916,-0.07420690121613281,-0.04455114017168539,-0.04455114017168539,"{""initial"": ""delay1"", ""historical_pass"": ""now""}",False,False,False,False
combined,17,1,test-979,-0.07420690121613281,-0.018576560823529632,-0.018576560823529632,"{""initial"": ""delay1"", ""historical_pass"": ""now""}",False,False,False,False
combined,17,1,test-984,-0.07420690121613281,-0.079154027963875,-0.079154027963875,"{""initial"": ""delay1"", ""historical_pass"": ""now""}",False,False,False,False
combined,29,0,test-1149,-0.03125,-0.03225806451612903,-0.03225806451612903,"{""initial"": ""delay2"", ""historical_pass"": ""delay1""}",False,False,False,False
combined,29,0,test-1155,-0.03125,-0.03225806451612903,-0.03225806451612903,"{""initial"": ""delay2"", ""historical_pass"": ""delay1""}",False,False,False,False
combined,29,0,test-135,-0.03125,-0.03333333333333333,-0.03333333333333333,"{""initial"": ""delay2"", ""historical_pass"": ""delay1""}",False,False,False,False
combined,29,0,test-159,-0.03125,-0.03333333333333333,-0.03333333333333333,"{""initial"": ""delay2"", ""historical_pass"": ""delay1""}",False,False,False,False
combined,29,0,test-179,-0.03125,-0.03225806451612903,-0.03225806451612903,"{""initial"": ""delay2"", ""historical_pass"": ""delay1""}",False,False,False,False
combined,29,0,test-208,-0.03125,-0.03225806451612903,-0.03225806451612903,"{""initial"": ""delay2"", ""historical_pass"": ""delay1""}",False,False,False,False
combined,29,0,test-210,-0.03125,-0.03333333333333333,-0.06666666666666667,"{""initial"": ""delay2"", ""historical_pass"": ""endpoint_only""}",False,False,False,False
combined,29,0,test-23,-0.03125,-0.03225806451612903,-0.03225806451612903,"{""initial"": ""delay2"", ""historical_pass"": ""delay1""}",False,False,False,False
combined,29,0,test-365,-0.03125,-0.03333333333333333,-0.03333333333333333,"{""initial"": ""delay2"", ""historical_pass"": ""delay1""}",False,False,False,False
combined,29,0,test-392,-0.03125,-0.03333333333333333,-0.03333333333333333,"{""initial"": ""delay2"", ""historical_pass"": ""delay1""}",False,False,False,False
combined,29,0,test-42,-0.03125,-0.03225806451612903,-0.03225806451612903,"{""initial"": ""delay2"", ""historical_pass"": ""delay1""}",False,False,False,False
combined,29,0,test-450,-0.03125,-0.03333333333333333,-0.03333333333333333,"{""initial"": ""delay2"", ""historical_pass"": ""delay2""}",False,False,False,False
combined,29,0,test-489,-0.03125,-0.03225806451612903,-0.03225806451612903,"{""initial"": ""delay2"", ""historical_pass"": ""delay1""}",False,False,False,False
combined,29,0,test-518,-0.03125,-0.03333333333333333,-0.03333333333333333,"{""initial"": ""delay2"", ""historical_pass"": ""delay1""}",False,False,False,False
combined,29,0,test-788,-0.03125,-0.03225806451612903,-0.03225806451612903,"{""initial"": ""delay2"", ""historical_pass"": ""delay1""}",False,False,False,False
combined,29,0,test-80,-0.03125,-0.03333333333333333,-0.03333333333333333,"{""initial"": ""delay2"", ""historical_pass"": ""delay1""}",False,False,False,False
combined,29,0,test-903,-0.03125,-0.03333333333333333,-0.03333333333333333,"{""initial"": ""delay2"", ""historical_pass"": ""delay1""}",False,False,False,False
combined,29,0,test-916,-0.03125,0.0,0.0,"{""initial"": ""delay2"", ""historical_pass"": ""delay1""}",True,True,False,False
combined,29,0,test-979,-0.03125,-0.03333333333333333,-0.03333333333333333,"{""initial"": ""delay2"", ""historical_pass"": ""delay1""}",False,False,False,False
combined,29,0,test-984,-0.03125,-0.03333333333333333,-0.03333333333333333,"{""initial"": ""delay2"", ""historical_pass"": ""delay1""}",False,False,False,False
combined,29,0.05,test-1149,0.00038431266882510136,0.0003967098516904272,0.0003967098516904272,"{""initial"": ""delay2"", ""historical_pass"": ""delay1""}",False,False,False,False
combined,29,0.05,test-1155,0.00038431266882510136,0.0003967098516904272,0.0003967098516904272,"{""initial"": ""delay2"", ""historical_pass"": ""delay1""}",False,False,False,False
combined,29,0.05,test-135,0.00038431266882510136,0.00038530856909115284,0.00038530856909115284,"{""initial"": ""delay2"", ""historical_pass"": ""delay1""}",False,False,False,False
combined,29,0.05,test-159,0.00038431266882510136,0.00037945378167155363,0.00037945378167155363,"{""initial"": ""delay2"", ""historical_pass"": ""delay1""}",False,False,False,False
combined,29,0.05,test-179,0.00038431266882510136,0.0003967098516904272,0.0003967098516904272,"{""initial"": ""delay2"", ""historical_pass"": ""delay1""}",False,False,False,False
combined,29,0.05,test-208,0.00038431266882510136,0.0004089472913426371,0.0004089472913426371,"{""initial"": ""delay2"", ""historical_pass"": ""delay1""}",False,False,False,False
combined,29,0.05,test-210,0.00038431266882510136,0.00040993351341344145,-0.02266978140262538,"{""initial"": ""delay2"", ""historical_pass"": ""endpoint_only""}",False,True,False,True
combined,29,0.05,test-23,0.00038431266882510136,0.0003967098516904272,0.0003967098516904272,"{""initial"": ""delay2"", ""historical_pass"": ""delay1""}",False,False,False,False
combined,29,0.05,test-365,0.00038431266882510136,0.00040993351341344145,0.00040993351341344145,"{""initial"": ""delay2"", ""historical_pass"": ""delay1""}",False,False,False,False
combined,29,0.05,test-392,0.00038431266882510136,0.0003483288228454717,0.0003483288228454717,"{""initial"": ""delay2"", ""historical_pass"": ""delay1""}",False,False,False,False
combined,29,0.05,test-42,0.00038431266882510136,0.0003967098516904272,0.0003967098516904272,"{""initial"": ""delay2"", ""historical_pass"": ""delay1""}",False,False,False,False
combined,29,0.05,test-450,0.00038431266882510136,0.004162590741076536,0.00688849398265653,"{""initial"": ""delay2"", ""historical_pass"": ""delay2""}",False,False,False,False
combined,29,0.05,test-489,0.00038431266882510136,0.0004373594429635474,0.0004373594429635474,"{""initial"": ""delay2"", ""historical_pass"": ""delay1""}",False,False,False,False
combined,29,0.05,test-518,0.00038431266882510136,0.00026111925703747575,0.00026111925703747575,"{""initial"": ""delay2"", ""historical_pass"": ""delay1""}",False,False,False,False
combined,29,0.05,test-788,0.00038431266882510136,0.0004174355046376509,0.0004174355046376509,"{""initial"": ""delay2"", ""historical_pass"": ""delay1""}",False,False,False,False
combined,29,0.05,test-80,0.00038431266882510136,0.0003976775988555059,0.0003976775988555059,"{""initial"": ""delay2"", ""historical_pass"": ""delay1""}",False,False,False,False
combined,29,0.05,test-903,0.00038431266882510136,0.00027390016420324897,0.00027390016420324897,"{""initial"": ""delay2"", ""historical_pass"": ""delay1""}",False,False,False,False
combined,29,0.05,test-916,0.00038431266882510136,0.003161279862696189,0.003161279862696189,"{""initial"": ""delay2"", ""historical_pass"": ""delay1""}",False,False,False,False
combined,29,0.05,test-979,0.00038431266882510136,0.00040993351341344145,0.003022101560326481,"{""initial"": ""delay2"", ""historical_pass"": ""delay2""}",False,False,False,False
combined,29,0.05,test-984,0.00038431266882510136,-0.0061662571301712415,-0.0061662571301712415,"{""initial"": ""delay2"", ""historical_pass"": ""delay1""}",True,True,True,True
combined,29,0.1,test-1149,0.0007686253376502027,0.0007934197033808544,0.0007934197033808544,"{""initial"": ""delay2"", ""historical_pass"": ""delay1""}",False,False,False,False
combined,29,0.1,test-1155,0.0007686253376502027,0.0007934197033808544,0.0007934197033808544,"{""initial"": ""delay2"", ""historical_pass"": ""delay1""}",False,False,False,False
combined,29,0.1,test-135,0.0007686253376502027,0.000770617138182302,0.000770617138182302,"{""initial"": ""delay2"", ""historical_pass"": ""delay1""}",False,False,False,False
combined,29,0.1,test-159,0.0007686253376502027,0.0007589075633431073,0.0007589075633431073,"{""initial"": ""delay2"", ""historical_pass"": ""delay1""}",False,False,False,False
combined,29,0.1,test-179,0.0007686253376502027,0.0007934197033808544,0.0007934197033808544,"{""initial"": ""delay2"", ""historical_pass"": ""delay1""}",False,False,False,False
combined,29,0.1,test-208,0.0007686253376502027,0.0008178945826852742,0.0008178945826852742,"{""initial"": ""delay2"", ""historical_pass"": ""delay1""}",False,False,False,False
combined,29,0.1,test-210,0.0007686253376502027,0.0008198670268268829,-0.012006229471917443,"{""initial"": ""delay2"", ""historical_pass"": ""endpoint_only""}",False,True,False,True
combined,29,0.1,test-23,0.0007686253376502027,0.0007934197033808544,0.0007934197033808544,"{""initial"": ""delay2"", ""historical_pass"": ""delay1""}",False,False,False,False
combined,29,0.1,test-365,0.0007686253376502027,0.0008198670268268829,0.0008198670268268829,"{""initial"": ""delay2"", ""historical_pass"": ""delay1""}",False,False,False,False
combined,29,0.1,test-392,0.0007686253376502027,0.0006966576456909397,0.0006966576456909397,"{""initial"": ""delay2"", ""historical_pass"": ""delay1""}",False,False,False,False
combined,29,0.1,test-42,0.0007686253376502027,0.0007934197033808544,0.0007934197033808544,"{""initial"": ""delay2"", ""historical_pass"": ""delay1""}",False,False,False,False
combined,29,0.1,test-450,0.0007686253376502027,0.008325181482153072,0.013776987965313065,"{""initial"": ""delay2"", ""historical_pass"": ""delay2""}",False,False,False,False
combined,29,0.1,test-489,0.0007686253376502027,0.0008747188859270948,0.0008747188859270948,"{""initial"": ""delay2"", ""historical_pass"": ""delay1""}",False,False,False,False
combined,29,0.1,test-518,0.0007686253376502027,0.0005222385140749552,0.0005222385140749552,"{""initial"": ""delay2"", ""historical_pass"": ""delay1""}",False,False,False,False
combined,29,0.1,test-788,0.0007686253376502027,0.0008348710092753018,0.0008348710092753018,"{""initial"": ""delay2"", ""historical_pass"": ""delay1""}",False,False,False,False
combined,29,0.1,test-80,0.0007686253376502027,0.0007953551977110118,0.0007953551977110118,"{""initial"": ""delay2"", ""historical_pass"": ""delay1""}",False,False,False,False
combined,29,0.1,test-903,0.0007686253376502027,0.0005478003284065016,0.0005478003284065016,"{""initial"": ""delay2"", ""historical_pass"": ""delay1""}",False,False,False,False
combined,29,0.1,test-916,0.0007686253376502027,0.006322559725392378,0.006322559725392378,"{""initial"": ""delay2"", ""historical_pass"": ""delay1""}",False,False,False,False
combined,29,0.1,test-979,0.0007686253376502027,0.0008198670268268829,0.006044203120652966,"{""initial"": ""delay2"", ""historical_pass"": ""delay2""}",False,False,False,False
combined,29,0.1,test-984,0.0007686253376502027,-0.012332514260342483,-0.012332514260342483,"{""initial"": ""delay2"", ""historical_pass"": ""delay1""}",True,True,True,True
combined,29,0.2,test-1149,0.0015372506753003915,0.0015868394067616945,0.0015868394067616945,"{""initial"": ""delay2"", ""historical_pass"": ""delay1""}",False,False,False,False
combined,29,0.2,test-1155,0.0015372506753003915,0.0015868394067616945,0.0015868394067616945,"{""initial"": ""delay2"", ""historical_pass"": ""delay1""}",False,False,False,False
combined,29,0.2,test-135,0.0015372506753003915,0.001541234276364593,0.001541234276364593,"{""initial"": ""delay2"", ""historical_pass"": ""delay1""}",False,False,False,False
combined,29,0.2,test-159,0.0015372506753003915,0.0015178151266861996,0.0015178151266861996,"{""initial"": ""delay2"", ""historical_pass"": ""delay1""}",False,False,False,False
combined,29,0.2,test-179,0.0015372506753003915,0.0015868394067616945,0.0015868394067616945,"{""initial"": ""delay2"", ""historical_pass"": ""delay1""}",False,False,False,False
combined,29,0.2,test-208,0.0015372506753003915,0.001635789165370534,0.001635789165370534,"{""initial"": ""delay2"", ""historical_pass"": ""delay1""}",False,False,False,False
combined,29,0.2,test-210,0.0015372506753003915,0.001639734053653751,0.00932087438949844,"{""initial"": ""delay2"", ""historical_pass"": ""endpoint_only""}",False,False,False,False
combined,29,0.2,test-23,0.0015372506753003915,0.0015868394067616945,0.0015868394067616945,"{""initial"": ""delay2"", ""historical_pass"": ""delay1""}",False,False,False,False
combined,29,0.2,test-365,0.0015372506753003915,0.001639734053653751,0.001639734053653751,"{""initial"": ""delay2"", ""historical_pass"": ""delay1""}",False,False,False,False
combined,29,0.2,test-392,0.0015372506753003915,0.0013933152913818646,0.0013933152913818646,"{""initial"": ""delay2"", ""historical_pass"": ""delay1""}",False,False,False,False
combined,29,0.2,test-42,0.0015372506753003915,0.0015868394067616945,0.0015868394067616945,"{""initial"": ""delay2"", ""historical_pass"": ""delay1""}",False,False,False,False
combined,29,0.2,test-450,0.0015372506753003915,0.01665036296430613,0.027553975930626116,"{""initial"": ""delay2"", ""historical_pass"": ""delay2""}",False,False,False,False
combined,29,0.2,test-489,0.0015372506753003915,0.0017494377718541754,0.0017494377718541754,"{""initial"": ""delay2"", ""historical_pass"": ""delay1""}",False,False,False,False
combined,29,0.2,test-518,0.0015372506753003915,0.001044477028149903,0.001044477028149903,"{""initial"": ""delay2"", ""historical_pass"": ""delay1""}",False,False,False,False
combined,29,0.2,test-788,0.0015372506753003915,0.0016697420185505893,-0.033737676609085214,"{""initial"": ""delay1"", ""historical_pass"": ""delay1""}",False,True,False,True
combined,29,0.2,test-80,0.0015372506753003915,0.001590710395422009,0.001590710395422009,"{""initial"": ""delay2"", ""historical_pass"": ""delay1""}",False,False,False,False
combined,29,0.2,test-903,0.0015372506753003915,0.0010956006568129922,0.0010956006568129922,"{""initial"": ""delay2"", ""historical_pass"": ""delay1""}",False,False,False,False
combined,29,0.2,test-916,0.0015372506753003915,0.012645119450784741,0.012645119450784741,"{""initial"": ""delay2"", ""historical_pass"": ""delay1""}",False,False,False,False
combined,29,0.2,test-979,0.0015372506753003915,0.001639734053653751,0.012088406241305921,"{""initial"": ""delay2"", ""historical_pass"": ""delay2""}",False,False,False,False
combined,29,0.2,test-984,0.0015372506753003915,-0.02466502852068498,-0.02466502852068498,"{""initial"": ""delay2"", ""historical_pass"": ""delay1""}",True,True,True,True
combined,29,0.5,test-1149,-0.06678600116820654,-0.0682627881945183,-0.0682627881945183,"{""initial"": ""delay1"", ""historical_pass"": ""delay1""}",False,False,False,False
combined,29,0.5,test-1155,-0.06678600116820654,-0.0689026211391693,-0.0689026211391693,"{""initial"": ""delay1"", ""historical_pass"": ""delay1""}",False,False,False,False
combined,29,0.5,test-135,-0.06678600116820654,-0.07160946944785561,-0.07160946944785561,"{""initial"": ""delay1"", ""historical_pass"": ""delay1""}",False,False,False,False
combined,29,0.5,test-159,-0.06678600116820654,-0.07155334371421816,-0.07155334371421816,"{""initial"": ""delay1"", ""historical_pass"": ""delay1""}",False,False,False,False
combined,29,0.5,test-179,-0.06678600116820654,-0.0694136046475722,-0.0694136046475722,"{""initial"": ""delay1"", ""historical_pass"": ""delay1""}",False,False,False,False
combined,29,0.5,test-208,-0.06678600116820654,-0.06969390170380899,-0.06969390170380899,"{""initial"": ""delay1"", ""historical_pass"": ""delay1""}",False,False,False,False
combined,29,0.5,test-210,-0.06678600116820654,-0.07123840124608698,-0.22202090297805896,"{""initial"": ""delay1"", ""historical_pass"": ""now""}",False,False,False,False
combined,29,0.5,test-23,-0.06678600116820654,-0.06702653751374907,-0.06702653751374907,"{""initial"": ""delay1"", ""historical_pass"": ""delay1""}",False,False,False,False
combined,29,0.5,test-365,-0.06678600116820654,-0.07160310960045367,-0.07160310960045367,"{""initial"": ""delay1"", ""historical_pass"": ""delay1""}",False,False,False,False
combined,29,0.5,test-392,-0.06678600116820654,-0.07123840124608698,-0.07123840124608698,"{""initial"": ""delay1"", ""historical_pass"": ""delay1""}",False,False,False,False
combined,29,0.5,test-42,-0.06678600116820654,-0.06932117027240262,-0.06932117027240262,"{""initial"": ""delay1"", ""historical_pass"": ""delay1""}",False,False,False,False
combined,29,0.5,test-450,-0.06678600116820654,-0.02151123908259016,0.00574779333320982,"{""initial"": ""delay1"", ""historical_pass"": ""delay2""}",False,True,False,True
combined,29,0.5,test-489,-0.06678600116820654,-0.06894038830266482,-0.06894038830266482,"{""initial"": ""delay1"", ""historical_pass"": ""delay1""}",False,False,False,False
combined,29,0.5,test-518,-0.06678600116820654,-0.07261607133275294,-0.07261607133275294,"{""initial"": ""delay1"", ""historical_pass"": ""delay1""}",False,False,False,False
combined,29,0.5,test-788,-0.06678600116820654,-0.06876109802057237,-0.06876109802057237,"{""initial"": ""delay1"", ""historical_pass"": ""delay1""}",False,False,False,False
combined,29,0.5,test-80,-0.06678600116820654,-0.07151327890390884,-0.07151327890390884,"{""initial"": ""delay1"", ""historical_pass"": ""delay1""}",False,False,False,False
combined,29,0.5,test-903,-0.06678600116820654,-0.0725900947227267,-0.0725900947227267,"{""initial"": ""delay1"", ""historical_pass"": ""delay1""}",False,False,False,False
combined,29,0.5,test-916,-0.06678600116820654,-0.06138260543284405,-0.06138260543284405,"{""initial"": ""delay1"", ""historical_pass"": ""delay1""}",False,False,False,False
combined,29,0.5,test-979,-0.06678600116820654,-0.03965755696441474,-0.013535876495284309,"{""initial"": ""delay1"", ""historical_pass"": ""delay2""}",False,False,False,False
combined,29,0.5,test-984,-0.06678600116820654,-0.08834987186077418,-0.04556004134950043,"{""initial"": ""delay2"", ""historical_pass"": ""delay1""}",False,False,False,False
combined,29,1,test-1149,-0.022785117131373565,-0.02216492069351194,-0.02216492069351194,"{""initial"": ""delay1"", ""historical_pass"": ""delay1""}",False,False,False,False
combined,29,1,test-1155,-0.022785117131373565,-0.023444586582813925,-0.023444586582813925,"{""initial"": ""delay1"", ""historical_pass"": ""delay1""}",False,False,False,False
combined,29,1,test-135,-0.022785117131373565,-0.025046261343669052,-0.23838149335292025,"{""initial"": ""delay1"", ""historical_pass"": ""now""}",False,False,False,False
combined,29,1,test-159,-0.022785117131373565,-0.024934009876394162,-0.024934009876394162,"{""initial"": ""delay1"", ""historical_pass"": ""delay1""}",False,False,False,False
combined,29,1,test-179,-0.022785117131373565,-0.02446655359961973,-0.02446655359961973,"{""initial"": ""delay1"", ""historical_pass"": ""delay1""}",False,False,False,False
combined,29,1,test-208,-0.022785117131373565,-0.025027147712093314,-0.025027147712093314,"{""initial"": ""delay1"", ""historical_pass"": ""delay1""}",False,False,False,False
combined,29,1,test-210,-0.022785117131373565,-0.024304124940131802,-0.2592024617374091,"{""initial"": ""delay1"", ""historical_pass"": ""now""}",False,False,False,False
combined,29,1,test-23,-0.022785117131373565,-0.019692419331973472,-0.019692419331973472,"{""initial"": ""delay1"", ""historical_pass"": ""delay1""}",False,False,False,False
combined,29,1,test-365,-0.022785117131373565,-0.02503354164886519,-0.2597107766902542,"{""initial"": ""delay1"", ""historical_pass"": ""now""}",False,False,False,False
combined,29,1,test-392,-0.022785117131373565,-0.024304124940131802,-0.2584366486755072,"{""initial"": ""delay1"", ""historical_pass"": ""now""}",False,False,False,False
combined,29,1,test-42,-0.022785117131373565,-0.024281684849280567,-0.024281684849280567,"{""initial"": ""delay1"", ""historical_pass"": ""delay1""}",False,False,False,False
combined,29,1,test-450,-0.022785117131373565,0.07880377301189177,-0.08443382619266245,"{""initial"": ""delay1"", ""historical_pass"": ""now""}",True,False,True,False
combined,29,1,test-489,-0.022785117131373565,-0.02352012090980497,-0.02352012090980497,"{""initial"": ""delay1"", ""historical_pass"": ""delay1""}",False,False,False,False
combined,29,1,test-518,-0.022785117131373565,-0.027059465113463726,-0.26108387369340935,"{""initial"": ""delay1"", ""historical_pass"": ""now""}",False,False,False,False
combined,29,1,test-788,-0.022785117131373565,-0.023161540345620086,-0.023161540345620086,"{""initial"": ""delay1"", ""historical_pass"": ""delay1""}",False,False,False,False
combined,29,1,test-80,-0.022785117131373565,-0.024853880255775524,-0.2602497343774709,"{""initial"": ""delay1"", ""historical_pass"": ""now""}",False,False,False,False
combined,29,1,test-903,-0.022785117131373565,-0.02700751189341126,-0.2610409240696739,"{""initial"": ""delay1"", ""historical_pass"": ""now""}",False,False,False,False
combined,29,1,test-916,-0.022785117131373565,-0.12641878449071806,-0.12641878449071806,"{""initial"": ""delay1"", ""historical_pass"": ""delay1""}",False,False,False,False
combined,29,1,test-979,-0.022785117131373565,0.03885756362321268,0.09110092456147352,"{""initial"": ""delay1"", ""historical_pass"": ""delay2""}",True,True,True,True
combined,29,1,test-984,-0.022785117131373565,-0.05852706616950621,-0.05852706616950621,"{""initial"": ""delay1"", ""historical_pass"": ""delay1""}",False,False,False,False
combined,43,0,test-1149,-0.0625,-0.06451612903225806,-0.06451612903225806,"{""initial"": ""delay2"", ""historical_pass"": ""now""}",False,False,False,False
combined,43,0,test-1155,-0.0625,-0.06451612903225806,-0.06451612903225806,"{""initial"": ""delay2"", ""historical_pass"": ""now""}",False,False,False,False
combined,43,0,test-135,-0.0625,-0.06666666666666667,-0.06666666666666667,"{""initial"": ""delay2"", ""historical_pass"": ""now""}",False,False,False,False
combined,43,0,test-159,-0.0625,-0.06666666666666667,-0.06666666666666667,"{""initial"": ""delay2"", ""historical_pass"": ""now""}",False,False,False,False
combined,43,0,test-179,-0.0625,-0.06451612903225806,-0.06451612903225806,"{""initial"": ""delay2"", ""historical_pass"": ""now""}",False,False,False,False
combined,43,0,test-208,-0.0625,-0.06451612903225806,-0.06451612903225806,"{""initial"": ""delay2"", ""historical_pass"": ""now""}",False,False,False,False
combined,43,0,test-210,-0.0625,-0.03333333333333333,-0.03333333333333333,"{""initial"": ""delay2"", ""historical_pass"": ""now""}",False,False,False,False
combined,43,0,test-23,-0.0625,-0.06451612903225806,-0.06451612903225806,"{""initial"": ""delay2"", ""historical_pass"": ""now""}",False,False,False,False
combined,43,0,test-365,-0.0625,-0.06666666666666667,-0.06666666666666667,"{""initial"": ""delay2"", ""historical_pass"": ""now""}",False,False,False,False
combined,43,0,test-392,-0.0625,-0.03333333333333333,-0.03333333333333333,"{""initial"": ""delay2"", ""historical_pass"": ""now""}",False,False,False,False
combined,43,0,test-42,-0.0625,-0.06451612903225806,-0.06451612903225806,"{""initial"": ""delay2"", ""historical_pass"": ""now""}",False,False,False,False
combined,43,0,test-450,-0.0625,-0.06666666666666667,-0.06666666666666667,"{""initial"": ""delay2"", ""historical_pass"": ""now""}",False,False,False,False
combined,43,0,test-489,-0.0625,-0.06451612903225806,-0.06451612903225806,"{""initial"": ""delay2"", ""historical_pass"": ""now""}",False,False,False,False
combined,43,0,test-518,-0.0625,-0.06666666666666667,-0.06666666666666667,"{""initial"": ""delay2"", ""historical_pass"": ""now""}",False,False,False,False
combined,43,0,test-788,-0.0625,-0.06451612903225806,0.0,"{""initial"": ""delay1"", ""historical_pass"": ""now""}",False,True,False,False
combined,43,0,test-80,-0.0625,-0.06666666666666667,-0.06666666666666667,"{""initial"": ""delay2"", ""historical_pass"": ""now""}",False,False,False,False
combined,43,0,test-903,-0.0625,-0.06666666666666667,-0.06666666666666667,"{""initial"": ""delay2"", ""historical_pass"": ""now""}",False,False,False,False
combined,43,0,test-916,-0.0625,-0.06666666666666667,-0.06666666666666667,"{""initial"": ""delay2"", ""historical_pass"": ""now""}",False,False,False,False
combined,43,0,test-979,-0.0625,-0.06666666666666667,-0.06666666666666667,"{""initial"": ""delay2"", ""historical_pass"": ""now""}",False,False,False,False
combined,43,0,test-984,-0.0625,-0.06666666666666667,-0.06666666666666667,"{""initial"": ""delay2"", ""historical_pass"": ""now""}",False,False,False,False
combined,43,0.05,test-1149,-0.033480755421825006,-0.03451699642780675,-0.03451699642780675,"{""initial"": ""delay2"", ""historical_pass"": ""now""}",False,False,False,False
combined,43,0.05,test-1155,-0.033480755421825006,-0.03455266530001869,-0.03455266530001869,"{""initial"": ""delay2"", ""historical_pass"": ""now""}",False,False,False,False
combined,43,0.05,test-135,-0.033480755421825006,-0.03571911948824506,-0.03571911948824506,"{""initial"": ""delay2"", ""historical_pass"": ""now""}",False,False,False,False
combined,43,0.05,test-159,-0.033480755421825006,-0.03516536935067337,-0.03516536935067337,"{""initial"": ""delay2"", ""historical_pass"": ""now""}",False,False,False,False
combined,43,0.05,test-179,-0.033480755421825006,-0.03455720150586627,-0.03455720150586627,"{""initial"": ""delay2"", ""historical_pass"": ""now""}",False,False,False,False
combined,43,0.05,test-208,-0.033480755421825006,-0.03456077979027097,-0.03456077979027097,"{""initial"": ""delay2"", ""historical_pass"": ""now""}",False,False,False,False
combined,43,0.05,test-210,-0.033480755421825006,-0.032824868641232144,-0.032824868641232144,"{""initial"": ""delay2"", ""historical_pass"": ""now""}",False,False,False,False
combined,43,0.05,test-23,-0.033480755421825006,-0.034531159845473516,-0.034531159845473516,"{""initial"": ""delay2"", ""historical_pass"": ""now""}",False,False,False,False
combined,43,0.05,test-365,-0.033480755421825006,-0.035764559781803436,-0.035764559781803436,"{""initial"": ""delay2"", ""historical_pass"": ""now""}",False,False,False,False
combined,43,0.05,test-392,-0.033480755421825006,-0.03573451436469873,-0.03573451436469873,"{""initial"": ""delay2"", ""historical_pass"": ""now""}",False,False,False,False
combined,43,0.05,test-42,-0.033480755421825006,-0.03456077979027097,-0.03456077979027097,"{""initial"": ""delay2"", ""historical_pass"": ""now""}",False,False,False,False
combined,43,0.05,test-450,-0.033480755421825006,-0.0025832709031031434,-0.0025832709031031434,"{""initial"": ""delay2"", ""historical_pass"": ""now""}",False,False,False,False
combined,43,0.05,test-489,-0.033480755421825006,-0.03456097412179155,-0.03456097412179155,"{""initial"": ""delay2"", ""historical_pass"": ""now""}",False,False,False,False
combined,43,0.05,test-518,-0.033480755421825006,-0.0358273827386473,-0.0358273827386473,"{""initial"": ""delay2"", ""historical_pass"": ""now""}",False,False,False,False
combined,43,0.05,test-788,-0.033480755421825006,-0.03456077979027097,0.022189247448892557,"{""initial"": ""delay1"", ""historical_pass"": ""now""}",False,True,False,True
combined,43,0.05,test-80,-0.033480755421825006,-0.035774480216215286,-0.035774480216215286,"{""initial"": ""delay2"", ""historical_pass"": ""now""}",False,False,False,False
combined,43,0.05,test-903,-0.033480755421825006,-0.03583807605652994,-0.03583807605652994,"{""initial"": ""delay2"", ""historical_pass"": ""now""}",False,False,False,False
combined,43,0.05,test-916,-0.033480755421825006,-0.03571280578328001,-0.03571280578328001,"{""initial"": ""delay2"", ""historical_pass"": ""now""}",False,False,False,False
combined,43,0.05,test-979,-0.033480755421825006,-0.0285817110085343,-0.0285817110085343,"{""initial"": ""delay2"", ""historical_pass"": ""now""}",False,False,False,False
combined,43,0.05,test-984,-0.033480755421825006,-0.043402437091862096,-0.043402437091862096,"{""initial"": ""delay2"", ""historical_pass"": ""now""}",False,False,False,False
combined,43,0.1,test-1149,0.010707876667819331,0.0110532920442006,0.0110532920442006,"{""initial"": ""delay1"", ""historical_pass"": ""now""}",False,False,False,False
combined,43,0.1,test-1155,0.010707876667819331,0.011056753589845942,0.011056753589845942,"{""initial"": ""delay1"", ""historical_pass"": ""now""}",False,False,False,False
combined,43,0.1,test-135,0.010707876667819331,0.01140887196056877,0.01140887196056877,"{""initial"": ""delay1"", ""historical_pass"": ""now""}",False,False,False,False
combined,43,0.1,test-159,0.010707876667819331,0.012490020475679745,0.012490020475679745,"{""initial"": ""delay1"", ""historical_pass"": ""now""}",False,False,False,False
combined,43,0.1,test-179,0.010707876667819331,0.010998835478167117,0.010998835478167117,"{""initial"": ""delay1"", ""historical_pass"": ""now""}",False,False,False,False
combined,43,0.1,test-208,0.010707876667819331,0.011020995728902166,0.011020995728902166,"{""initial"": ""delay1"", ""historical_pass"": ""now""}",False,False,False,False
combined,43,0.1,test-210,0.010707876667819331,-0.011175092527137031,-0.032316403949130955,"{""initial"": ""delay2"", ""historical_pass"": ""now""}",True,True,True,True
combined,43,0.1,test-23,0.010707876667819331,0.0110532920442006,0.0110532920442006,"{""initial"": ""delay1"", ""historical_pass"": ""now""}",False,False,False,False
combined,43,0.1,test-365,0.010707876667819331,0.011257484563073886,0.011257484563073886,"{""initial"": ""delay1"", ""historical_pass"": ""now""}",False,False,False,False
combined,43,0.1,test-392,0.010707876667819331,0.011385971261068172,-0.03813569539606411,"{""initial"": ""delay2"", ""historical_pass"": ""now""}",False,True,False,True
combined,43,0.1,test-42,0.010707876667819331,0.01104480543958681,0.01104480543958681,"{""initial"": ""delay1"", ""historical_pass"": ""now""}",False,False,False,False
combined,43,0.1,test-450,0.010707876667819331,0.01142173511234062,-0.005166541806206272,"{""initial"": ""delay2"", ""historical_pass"": ""now""}",False,True,False,True
combined,43,0.1,test-489,0.010707876667819331,0.0110532920442006,-0.03686388372745406,"{""initial"": ""delay2"", ""historical_pass"": ""now""}",False,True,False,True
combined,43,0.1,test-518,0.010707876667819331,0.01129951244200074,0.01129951244200074,"{""initial"": ""delay1"", ""historical_pass"": ""now""}",False,False,False,False
combined,43,0.1,test-788,0.010707876667819331,0.012120430381656081,0.012120430381656081,"{""initial"": ""delay1"", ""historical_pass"": ""now""}",False,False,False,False
combined,43,0.1,test-80,0.010707876667819331,0.011220783397349002,0.011220783397349002,"{""initial"": ""delay1"", ""historical_pass"": ""now""}",False,False,False,False
combined,43,0.1,test-903,0.010707876667819331,0.011242871808760201,0.011242871808760201,"{""initial"": ""delay1"", ""historical_pass"": ""now""}",False,False,False,False
combined,43,0.1,test-916,0.010707876667819331,0.00586058981396374,0.00586058981396374,"{""initial"": ""delay1"", ""historical_pass"": ""now""}",False,False,False,False
combined,43,0.1,test-979,0.010707876667819331,0.026796730405344738,-0.023830088683735255,"{""initial"": ""delay2"", ""historical_pass"": ""now""}",False,True,False,True
combined,43,0.1,test-984,0.010707876667819331,0.01142173511234062,-0.053471540850390846,"{""initial"": ""delay2"", ""historical_pass"": ""now""}",False,True,False,True
combined,43,0.2,test-1149,0.018993869510021383,0.01960657497808659,0.01960657497808659,"{""initial"": ""delay1"", ""historical_pass"": ""now""}",False,False,False,False
combined,43,0.2,test-1155,0.018993869510021383,0.01961349806937727,0.01961349806937727,"{""initial"": ""delay1"", ""historical_pass"": ""now""}",False,False,False,False
combined,43,0.2,test-135,0.018993869510021383,0.020234401173812443,0.020234401173812443,"{""initial"": ""delay1"", ""historical_pass"": ""now""}",False,False,False,False
combined,43,0.2,test-159,0.018993869510021383,0.022396698204034393,0.022396698204034393,"{""initial"": ""delay1"", ""historical_pass"": ""now""}",False,False,False,False
combined,43,0.2,test-179,0.018993869510021383,0.019497661846019622,0.019497661846019622,"{""initial"": ""delay1"", ""historical_pass"": ""now""}",False,False,False,False
combined,43,0.2,test-208,0.018993869510021383,0.019541982347489724,0.019541982347489724,"{""initial"": ""delay1"", ""historical_pass"": ""now""}",False,False,False,False
combined,43,0.2,test-210,0.018993869510021383,0.008399805531734174,0.008399805531734174,"{""initial"": ""delay1"", ""historical_pass"": ""now""}",False,False,False,False
combined,43,0.2,test-23,0.018993869510021383,0.01960657497808659,0.01960657497808659,"{""initial"": ""delay1"", ""historical_pass"": ""now""}",False,False,False,False
combined,43,0.2,test-365,0.018993869510021383,0.019931626378822672,0.019931626378822672,"{""initial"": ""delay1"", ""historical_pass"": ""now""}",False,False,False,False
combined,43,0.2,test-392,0.018993869510021383,0.020188599774811244,0.020188599774811244,"{""initial"": ""delay1"", ""historical_pass"": ""now""}",False,False,False,False
combined,43,0.2,test-42,0.018993869510021383,0.019589601768859013,0.019589601768859013,"{""initial"": ""delay1"", ""historical_pass"": ""now""}",False,False,False,False
combined,43,0.2,test-450,0.018993869510021383,0.020260127477356143,0.020260127477356143,"{""initial"": ""delay1"", ""historical_pass"": ""now""}",False,False,False,False
combined,43,0.2,test-489,0.018993869510021383,0.01960657497808659,0.01960657497808659,"{""initial"": ""delay1"", ""historical_pass"": ""now""}",False,False,False,False
combined,43,0.2,test-518,0.018993869510021383,0.02001568213667638,0.02001568213667638,"{""initial"": ""delay1"", ""historical_pass"": ""now""}",False,False,False,False
combined,43,0.2,test-788,0.018993869510021383,0.021740851652997554,0.021740851652997554,"{""initial"": ""delay1"", ""historical_pass"": ""now""}",False,False,False,False
combined,43,0.2,test-80,0.018993869510021383,0.01985822404737291,0.01985822404737291,"{""initial"": ""delay1"", ""historical_pass"": ""now""}",False,False,False,False
combined,43,0.2,test-903,0.018993869510021383,0.0199024008701953,0.0199024008701953,"{""initial"": ""delay1"", ""historical_pass"": ""now""}",False,False,False,False
combined,43,0.2,test-916,0.018993869510021383,0.009137836880602384,0.009137836880602384,"{""initial"": ""delay1"", ""historical_pass"": ""now""}",False,False,False,False
combined,43,0.2,test-979,0.018993869510021383,0.020260127477356143,0.020260127477356143,"{""initial"": ""delay1"", ""historical_pass"": ""now""}",False,False,False,False
combined,43,0.2,test-984,0.018993869510021383,0.020260127477356143,0.020260127477356143,"{""initial"": ""delay1"", ""historical_pass"": ""now""}",False,False,False,False
combined,43,0.5,test-1149,0.000609673775053467,0.0006293406710229337,0.0006293406710229337,"{""initial"": ""delay1"", ""historical_pass"": ""now""}",False,False,False,False
combined,43,0.5,test-1155,0.000609673775053467,0.0006466483992496425,0.0006466483992496425,"{""initial"": ""delay1"", ""historical_pass"": ""now""}",False,False,False,False
combined,43,0.5,test-135,0.000609673775053467,0.0005860029345311078,0.0005860029345311078,"{""initial"": ""delay1"", ""historical_pass"": ""now""}",False,False,False,False
combined,43,0.5,test-159,0.000609673775053467,0.005991745510085991,0.005991745510085991,"{""initial"": ""delay1"", ""historical_pass"": ""now""}",False,False,False,False
combined,43,0.5,test-179,0.000609673775053467,0.0003570578408555185,0.0003570578408555185,"{""initial"": ""delay1"", ""historical_pass"": ""now""}",False,False,False,False
combined,43,0.5,test-208,0.000609673775053467,0.00046785909453076683,0.00046785909453076683,"{""initial"": ""delay1"", ""historical_pass"": ""now""}",False,False,False,False
combined,43,0.5,test-210,0.000609673775053467,0.020999513829335428,0.020999513829335428,"{""initial"": ""delay1"", ""historical_pass"": ""now""}",False,False,False,False
combined,43,0.5,test-23,0.000609673775053467,0.0006293406710229337,0.0006293406710229337,"{""initial"": ""delay1"", ""historical_pass"": ""now""}",False,False,False,False
combined,43,0.5,test-365,0.000609673775053467,-0.00017093405294331352,-0.00017093405294331352,"{""initial"": ""delay1"", ""historical_pass"": ""now""}",True,True,True,True
combined,43,0.5,test-392,0.000609673775053467,0.00047149943702812176,0.00047149943702812176,"{""initial"": ""delay1"", ""historical_pass"": ""now""}",False,False,False,False
combined,43,0.5,test-42,0.000609673775053467,0.000586907647953986,0.000586907647953986,"{""initial"": ""delay1"", ""historical_pass"": ""now""}",False,False,False,False
combined,43,0.5,test-450,0.000609673775053467,0.0006503186933903648,0.0006503186933903648,"{""initial"": ""delay1"", ""historical_pass"": ""now""}",False,False,False,False
combined,43,0.5,test-489,0.000609673775053467,0.0006293406710229337,0.0006293406710229337,"{""initial"": ""delay1"", ""historical_pass"": ""now""}",False,False,False,False
combined,43,0.5,test-518,0.000609673775053467,3.9205341690969066e-05,3.9205341690969066e-05,"{""initial"": ""delay1"", ""historical_pass"": ""now""}",False,False,False,False
combined,43,0.5,test-788,0.000609673775053467,0.005965032358300341,0.005965032358300341,"{""initial"": ""delay1"", ""historical_pass"": ""now""}",False,False,False,False
combined,43,0.5,test-80,0.000609673775053467,-0.0003544398815677215,-0.0003544398815677215,"{""initial"": ""delay1"", ""historical_pass"": ""now""}",True,True,True,True
combined,43,0.5,test-903,0.000609673775053467,-0.00024399782451174032,-0.00024399782451174032,"{""initial"": ""delay1"", ""historical_pass"": ""now""}",True,True,True,True
combined,43,0.5,test-916,0.000609673775053467,-0.02715540779849403,-0.02715540779849403,"{""initial"": ""delay1"", ""historical_pass"": ""now""}",True,True,True,True
combined,43,0.5,test-979,0.000609673775053467,0.0006503186933903648,0.0006503186933903648,"{""initial"": ""delay1"", ""historical_pass"": ""now""}",False,False,False,False
combined,43,0.5,test-984,0.000609673775053467,0.0006503186933903648,0.0006503186933903648,"{""initial"": ""delay1"", ""historical_pass"": ""now""}",False,False,False,False
combined,43,1,test-1149,-0.028219815444497125,-0.02913013207173897,-0.02913013207173897,"{""initial"": ""delay1"", ""historical_pass"": ""now""}",False,False,False,False
combined,43,1,test-1155,-0.028219815444497125,-0.029095516615285553,-0.029095516615285553,"{""initial"": ""delay1"", ""historical_pass"": ""now""}",False,False,False,False
combined,43,1,test-135,-0.028219815444497125,-0.030229767991848785,-0.030229767991848785,"{""initial"": ""delay1"", ""historical_pass"": ""now""}",False,False,False,False
combined,43,1,test-159,-0.028219815444497125,-0.019418282840739015,-0.019418282840739015,"{""initial"": ""delay1"", ""historical_pass"": ""now""}",False,False,False,False
combined,43,1,test-179,-0.028219815444497125,-0.029674697732073797,-0.029674697732073797,"{""initial"": ""delay1"", ""historical_pass"": ""now""}",False,False,False,False
combined,43,1,test-208,-0.028219815444497125,-0.029453095224723298,-0.029453095224723298,"{""initial"": ""delay1"", ""historical_pass"": ""now""}",False,False,False,False
combined,43,1,test-210,-0.028219815444497125,0.04393058713109319,0.04393058713109319,"{""initial"": ""delay1"", ""historical_pass"": ""now""}",True,True,True,True
combined,43,1,test-23,-0.028219815444497125,-0.02913013207173897,-0.02913013207173897,"{""initial"": ""delay1"", ""historical_pass"": ""now""}",False,False,False,False
combined,43,1,test-365,-0.028219815444497125,-0.031743641966797624,-0.031743641966797624,"{""initial"": ""delay1"", ""historical_pass"": ""now""}",False,False,False,False
combined,43,1,test-392,-0.028219815444497125,-0.03045877498685476,-0.03045877498685476,"{""initial"": ""delay1"", ""historical_pass"": ""now""}",False,False,False,False
combined,43,1,test-42,-0.028219815444497125,-0.029214998117876867,-0.029214998117876867,"{""initial"": ""delay1"", ""historical_pass"": ""now""}",False,False,False,False
combined,43,1,test-450,-0.028219815444497125,-0.030101136474130267,-0.030101136474130267,"{""initial"": ""delay1"", ""historical_pass"": ""now""}",False,False,False,False
combined,43,1,test-489,-0.028219815444497125,-0.02913013207173897,-0.02913013207173897,"{""initial"": ""delay1"", ""historical_pass"": ""now""}",False,False,False,False
combined,43,1,test-518,-0.028219815444497125,-0.03132336317752906,-0.03132336317752906,"{""initial"": ""delay1"", ""historical_pass"": ""now""}",False,False,False,False
combined,43,1,test-788,-0.028219815444497125,-0.020327999799528346,-0.020327999799528346,"{""initial"": ""delay1"", ""historical_pass"": ""now""}",False,False,False,False
combined,43,1,test-80,-0.028219815444497125,-0.03211065362404644,-0.03211065362404644,"{""initial"": ""delay1"", ""historical_pass"": ""now""}",False,False,False,False
combined,43,1,test-903,-0.028219815444497125,-0.031889769509934475,-0.031889769509934475,"{""initial"": ""delay1"", ""historical_pass"": ""now""}",False,False,False,False
combined,43,1,test-916,-0.028219815444497125,-0.08571258945789906,-0.08571258945789906,"{""initial"": ""delay1"", ""historical_pass"": ""now""}",False,False,False,False
combined,43,1,test-979,-0.028219815444497125,-0.030101136474130267,-0.030101136474130267,"{""initial"": ""delay1"", ""historical_pass"": ""now""}",False,False,False,False
combined,43,1,test-984,-0.028219815444497125,-0.030101136474130267,-0.030101136474130267,"{""initial"": ""delay1"", ""historical_pass"": ""now""}",False,False,False,False
