group,snapshot_id,question_id,evaluation_seed,selection_seeds,lambda,chosen_action,uniform_action,exact_tie_actions,exact_tie_count,selection_estimates,selected_correct,uniform_correct,selected_seconds,uniform_seconds,quality_gap,cost_gap_selected_minus_uniform,utility_gap
initial,initial/test-1149,test-1149,17,"[29, 43]",0,now,delay2,"[""now"", ""delay1"", ""delay2"", ""endpoint_only""]",4,"{""now"": 1.0, ""delay1"": 1.0, ""delay2"": 1.0, ""endpoint_only"": 1.0}",1,1,2.753441106004175,2.5262597979890415,0,0.22718130801513325,0.0
initial,initial/test-1155,test-1155,17,"[29, 43]",0,now,delay2,"[""now"", ""delay1"", ""delay2"", ""endpoint_only""]",4,"{""now"": 1.0, ""delay1"": 1.0, ""delay2"": 1.0, ""endpoint_only"": 1.0}",1,1,1.8590215820004232,1.6329485880123684,0,0.2260729939880548,0.0
initial,initial/test-135,test-135,17,"[29, 43]",0,delay1,delay2,"[""delay1"", ""delay2"", ""endpoint_only""]",3,"{""now"": 0.0, ""delay1"": 1.0, ""delay2"": 1.0, ""endpoint_only"": 1.0}",1,1,8.702076529007172,8.610142655001255,0,0.09193387400591746,0.0
initial,initial/test-159,test-159,17,"[29, 43]",0,now,delay2,"[""now"", ""delay1"", ""delay2"", ""endpoint_only""]",4,"{""now"": 0.0, ""delay1"": 0.0, ""delay2"": 0.0, ""endpoint_only"": 0.0}",0,0,3.171786698017968,2.7043789540039143,0,0.4674077440140536,0.0
initial,initial/test-179,test-179,17,"[29, 43]",0,now,delay2,"[""now"", ""delay1"", ""delay2"", ""endpoint_only""]",4,"{""now"": 1.0, ""delay1"": 1.0, ""delay2"": 1.0, ""endpoint_only"": 1.0}",1,1,3.276220526022371,3.0748183030227665,0,0.20140222299960442,0.0
initial,initial/test-208,test-208,17,"[29, 43]",0,now,delay2,"[""now"", ""delay1"", ""delay2"", ""endpoint_only""]",4,"{""now"": 1.0, ""delay1"": 1.0, ""delay2"": 1.0, ""endpoint_only"": 1.0}",1,1,3.2451498199952766,3.076393083014409,0,0.16875673698086757,0.0
initial,initial/test-210,test-210,17,"[29, 43]",0,delay2,delay2,"[""delay2""]",1,"{""now"": 0.5, ""delay1"": 0.5, ""delay2"": 1.0, ""endpoint_only"": 0.5}",0,0,22.65864637203049,22.65864637203049,0,0.0,0.0
initial,initial/test-23,test-23,17,"[29, 43]",0,now,delay2,"[""now"", ""delay1"", ""delay2"", ""endpoint_only""]",4,"{""now"": 1.0, ""delay1"": 1.0, ""delay2"": 1.0, ""endpoint_only"": 1.0}",1,1,2.397247973989579,2.24317630699079,0,0.15407166699878871,0.0
initial,initial/test-365,test-365,17,"[29, 43]",0,now,delay2,"[""now"", ""delay1"", ""delay2"", ""endpoint_only""]",4,"{""now"": 1.0, ""delay1"": 1.0, ""delay2"": 1.0, ""endpoint_only"": 1.0}",0,1,9.93784339701233,3.292969438,-1,6.64487395901233,-1.0
initial,initial/test-392,test-392,17,"[29, 43]",0,delay1,delay2,"[""delay1"", ""delay2"", ""endpoint_only""]",3,"{""now"": 0.5, ""delay1"": 1.0, ""delay2"": 1.0, ""endpoint_only"": 1.0}",1,1,7.531304458985687,18.639055171006476,0,-11.107750712020788,0.0
initial,initial/test-42,test-42,17,"[29, 43]",0,now,delay2,"[""now"", ""delay1"", ""delay2"", ""endpoint_only""]",4,"{""now"": 1.0, ""delay1"": 1.0, ""delay2"": 1.0, ""endpoint_only"": 1.0}",1,1,2.8825739819876617,2.71171972801676,0,0.17085425397090148,0.0
initial,initial/test-450,test-450,17,"[29, 43]",0,now,delay2,"[""now"", ""delay2""]",2,"{""now"": 0.5, ""delay1"": 0.0, ""delay2"": 0.5, ""endpoint_only"": 0.0}",0,0,13.498464298972976,25.542206012032693,0,-12.043741713059717,0.0
initial,initial/test-489,test-489,17,"[29, 43]",0,now,delay2,"[""now"", ""delay1"", ""delay2"", ""endpoint_only""]",4,"{""now"": 1.0, ""delay1"": 1.0, ""delay2"": 1.0, ""endpoint_only"": 1.0}",1,1,8.347698837984353,14.267442696014768,0,-5.919743858030415,0.0
initial,initial/test-518,test-518,17,"[29, 43]",0,now,delay2,"[""now"", ""delay1"", ""delay2"", ""endpoint_only""]",4,"{""now"": 1.0, ""delay1"": 1.0, ""delay2"": 1.0, ""endpoint_only"": 1.0}",1,1,7.988460347987711,7.88932051397569,0,0.09913983401202131,0.0
initial,initial/test-788,test-788,17,"[29, 43]",0,now,delay2,"[""now"", ""delay1"", ""delay2"", ""endpoint_only""]",4,"{""now"": 0.0, ""delay1"": 0.0, ""delay2"": 0.0, ""endpoint_only"": 0.0}",0,1,3.9972728839929914,8.031007545025204,-1,-4.033734661032213,-1.0
initial,initial/test-80,test-80,17,"[29, 43]",0,now,delay2,"[""now"", ""delay1"", ""delay2"", ""endpoint_only""]",4,"{""now"": 0.0, ""delay1"": 0.0, ""delay2"": 0.0, ""endpoint_only"": 0.0}",0,0,3.3417148740118137,3.380320115975337,0,-0.03860524196352344,0.0
initial,initial/test-903,test-903,17,"[29, 43]",0,now,delay2,"[""now"", ""delay1"", ""delay2"", ""endpoint_only""]",4,"{""now"": 1.0, ""delay1"": 1.0, ""delay2"": 1.0, ""endpoint_only"": 1.0}",1,1,9.836798599993926,9.793755395017797,0,0.043043204976129346,0.0
initial,initial/test-916,test-916,17,"[29, 43]",0,delay1,delay2,"[""delay1"", ""delay2""]",2,"{""now"": 0.5, ""delay1"": 1.0, ""delay2"": 1.0, ""endpoint_only"": 0.5}",0,0,10.706537469988689,18.749848188017495,0,-8.043310718028806,0.0
initial,initial/test-979,test-979,17,"[29, 43]",0,endpoint_only,delay2,"[""endpoint_only""]",1,"{""now"": 0.0, ""delay1"": 0.0, ""delay2"": 0.0, ""endpoint_only"": 0.5}",0,0,40.67410263197962,14.346074321991182,0,26.32802830998844,0.0
initial,initial/test-984,test-984,17,"[29, 43]",0,now,delay2,"[""now"", ""delay1"", ""delay2"", ""endpoint_only""]",4,"{""now"": 0.0, ""delay1"": 0.0, ""delay2"": 0.0, ""endpoint_only"": 0.0}",0,0,27.708323104016017,33.40195557002153,0,-5.693632466005511,0.0
initial,initial/test-1149,test-1149,17,"[29, 43]",0.05,endpoint_only,delay2,"[""endpoint_only""]",1,"{""now"": 0.9818037894821063, ""delay1"": 0.9828264377331565, ""delay2"": 0.982454799683725, ""endpoint_only"": 0.9828772772365723}",1,1,2.5489783520024503,2.5262597979890415,0,0.02271855401340872,-0.00014660522318843405
initial,initial/test-1155,test-1155,17,"[29, 43]",0.05,delay2,delay2,"[""delay2""]",1,"{""now"": 0.9871991669260607, ""delay1"": 0.9881876267054814, ""delay2"": 0.9882280352222226, ""endpoint_only"": 0.9881694722131631}",1,1,1.6329485880123684,1.6329485880123684,0,0.0,0.0
initial,initial/test-135,test-135,17,"[29, 43]",0.05,endpoint_only,delay2,"[""endpoint_only""]",1,"{""now"": -0.09596926169893706, ""delay1"": 0.9610761472505911, ""delay2"": 0.9612651434522228, ""endpoint_only"": 0.9613220960792013}",1,1,8.53049497999018,8.610142655001255,0,-0.07964767501107417,0.0005139748403240052
initial,initial/test-159,test-159,17,"[29, 43]",0.05,delay2,delay2,"[""delay2""]",1,"{""now"": -0.03376167254611903, ""delay1"": -0.01581005375876862, ""delay2"": -0.015595429768644017, ""endpoint_only"": -0.023077391651035627}",0,0,2.7043789540039143,2.7043789540039143,0,0.0,0.0
initial,initial/test-179,test-179,17,"[29, 43]",0.05,endpoint_only,delay2,"[""endpoint_only""]",1,"{""now"": 0.9790349065216866, ""delay1"": 0.9790078150817325, ""delay2"": 0.9802188022113714, ""endpoint_only"": 0.980299506812299}",1,1,3.088060061010765,3.0748183030227665,0,0.013241757987998426,-8.545045974717169e-05
initial,initial/test-208,test-208,17,"[29, 43]",0.05,endpoint_only,delay2,"[""endpoint_only""]",1,"{""now"": 0.9797545526329599, ""delay1"": 0.9792930925351526, ""delay2"": 0.9809010150650983, ""endpoint_only"": 0.9810425939160425}",1,1,3.1050195959978737,3.076393083014409,0,0.028626512983464636,-0.00018472990501805509
initial,initial/test-210,test-210,17,"[29, 43]",0.05,delay2,delay2,"[""delay2""]",1,"{""now"": 0.3556862836441071, ""delay1"": 0.4462039118108859, ""delay2"": 0.8848453813093682, ""endpoint_only"": 0.42511110546907227}",0,0,22.65864637203049,22.65864637203049,0,0.0,0.0
initial,initial/test-23,test-23,17,"[29, 43]",0.05,delay1,delay2,"[""delay1""]",1,"{""now"": 0.9804113587429166, ""delay1"": 0.9836852702518626, ""delay2"": 0.9811779106734038, ""endpoint_only"": 0.9815815772208208}",1,1,2.246200156994746,2.24317630699079,0,0.0030238500039558858,-1.9513222736633473e-05
initial,initial/test-365,test-365,17,"[29, 43]",0.05,delay2,delay2,"[""delay2""]",1,"{""now"": 0.9789710906783251, ""delay1"": 0.9793784700103514, ""delay2"": 0.9803811016835505, ""endpoint_only"": 0.9799397901231388}",1,1,3.292969438,3.292969438,0,0.0,0.0
initial,initial/test-392,test-392,17,"[29, 43]",0.05,delay1,delay2,"[""delay1""]",1,"{""now"": 0.3591028526084431, ""delay1"": 0.9457146361088012, ""delay2"": 0.9447331659135443, ""endpoint_only"": 0.9373143340576294}",1,1,7.531304458985687,18.639055171006476,0,-11.107750712020788,0.07167948590811102
initial,initial/test-42,test-42,17,"[29, 43]",0.05,endpoint_only,delay2,"[""endpoint_only""]",1,"{""now"": 0.9832120565290838, ""delay1"": 0.9840889786799425, ""delay2"": 0.984744961918793, ""endpoint_only"": 0.9848252310932134}",1,1,2.7490044770092936,2.71171972801676,0,0.03728474899253342,-0.00024060241441192787
initial,initial/test-450,test-450,17,"[29, 43]",0.05,delay2,delay2,"[""delay2""]",1,"{""now"": 0.2491523850217223, ""delay1"": -0.1441294850531263, ""delay2"": 0.33451265331922786, ""endpoint_only"": -0.29142910578159176}",0,0,25.542206012032693,25.542206012032693,0,0.0,0.0
initial,initial/test-489,test-489,17,"[29, 43]",0.05,endpoint_only,delay2,"[""endpoint_only""]",1,"{""now"": 0.9799707295917635, ""delay1"": 0.9800041988454704, ""delay2"": 0.9806312553716349, ""endpoint_only"": 0.9812091568710645}",1,1,12.832006511991494,14.267442696014768,0,-1.435436184023274,0.00926302096547238
initial,initial/test-518,test-518,17,"[29, 43]",0.05,endpoint_only,delay2,"[""endpoint_only""]",1,"{""now"": 0.9537670938682438, ""delay1"": 0.9548074845035113, ""delay2"": 0.9538397914849106, ""endpoint_only"": 0.9556976301964759}",1,1,7.662993456993718,7.88932051397569,0,-0.22632705698197242,0.0014605123496341799
initial,initial/test-788,test-788,17,"[29, 43]",0.05,now,delay2,"[""now""]",1,"{""now"": -0.047463552292134656, ""delay1"": -0.06747493217212232, ""delay2"": -0.07570190660396361, ""endpoint_only"": -0.07568250930761229}",0,1,3.9972728839929914,8.031007545025204,-1,-4.033734661032213,-0.9739698851469889
initial,initial/test-80,test-80,17,"[29, 43]",0.05,endpoint_only,delay2,"[""endpoint_only""]",1,"{""now"": -0.020671676781248954, ""delay1"": -0.02114194853313762, ""delay2"": -0.0203314493963659, ""endpoint_only"": -0.020111176474037692}",0,0,3.2273574209975777,3.380320115975337,0,-0.15296269497775938,0.0009870843902950975
initial,initial/test-903,test-903,17,"[29, 43]",0.05,endpoint_only,delay2,"[""endpoint_only""]",1,"{""now"": 0.9341330261854142, ""delay1"": 0.9337677100527589, ""delay2"": 0.93321717070767, ""endpoint_only"": 0.9349959007032811}",1,1,9.523247026998433,9.793755395017797,0,-0.27050836801936384,0.0017456190056990284
initial,initial/test-916,test-916,17,"[29, 43]",0.05,delay2,delay2,"[""delay2""]",1,"{""now"": 0.3987406466625293, ""delay1"": 0.8737162426272762, ""delay2"": 0.9419113338844796, ""endpoint_only"": 0.44393669476299824}",0,0,18.749848188017495,18.749848188017495,0,0.0,0.0
initial,initial/test-979,test-979,17,"[29, 43]",0.05,endpoint_only,delay2,"[""endpoint_only""]",1,"{""now"": -0.31115339101073936, ""delay1"": -0.0967489981337015, ""delay2"": -0.15246630763255514, ""endpoint_only"": 0.18859546815047587}",0,0,40.67410263197962,14.346074321991182,0,26.32802830998844,-0.16989754119993555
initial,initial/test-984,test-984,17,"[29, 43]",0.05,delay1,delay2,"[""delay1""]",1,"{""now"": -0.20880410449614462, ""delay1"": -0.14004808718152686, ""delay2"": -0.3283682105419976, ""endpoint_only"": -0.2207749511841}",0,0,17.224773785026628,33.40195557002153,0,-16.1771817849949,0.10439305885174446
initial,initial/test-1149,test-1149,17,"[29, 43]",0.1,endpoint_only,delay2,"[""endpoint_only""]",1,"{""now"": 0.9636075789642127, ""delay1"": 0.965652875466313, ""delay2"": 0.9649095993674498, ""endpoint_only"": 0.9657545544731445}",1,1,2.5489783520024503,2.5262597979890415,0,0.02271855401340872,-0.0002932104463767571
initial,initial/test-1155,test-1155,17,"[29, 43]",0.1,delay2,delay2,"[""delay2""]",1,"{""now"": 0.9743983338521214, ""delay1"": 0.9763752534109631, ""delay2"": 0.976456070444445, ""endpoint_only"": 0.9763389444263261}",1,1,1.6329485880123684,1.6329485880123684,0,0.0,0.0
initial,initial/test-135,test-135,17,"[29, 43]",0.1,endpoint_only,delay2,"[""endpoint_only""]",1,"{""now"": -0.19193852339787412, ""delay1"": 0.9221522945011822, ""delay2"": 0.9225302869044456, ""endpoint_only"": 0.9226441921584024}",1,1,8.53049497999018,8.610142655001255,0,-0.07964767501107417,0.0010279496806480104
initial,initial/test-159,test-159,17,"[29, 43]",0.1,delay2,delay2,"[""delay2""]",1,"{""now"": -0.06752334509223806, ""delay1"": -0.03162010751753724, ""delay2"": -0.031190859537288035, ""endpoint_only"": -0.046154783302071255}",0,0,2.7043789540039143,2.7043789540039143,0,0.0,0.0
initial,initial/test-179,test-179,17,"[29, 43]",0.1,endpoint_only,delay2,"[""endpoint_only""]",1,"{""now"": 0.9580698130433731, ""delay1"": 0.9580156301634648, ""delay2"": 0.9604376044227427, ""endpoint_only"": 0.9605990136245982}",1,1,3.088060061010765,3.0748183030227665,0,0.013241757987998426,-0.0001709009194944544
initial,initial/test-208,test-208,17,"[29, 43]",0.1,endpoint_only,delay2,"[""endpoint_only""]",1,"{""now"": 0.9595091052659197, ""delay1"": 0.9585861850703054, ""delay2"": 0.9618020301301966, ""endpoint_only"": 0.9620851878320851}",1,1,3.1050195959978737,3.076393083014409,0,0.028626512983464636,-0.0003694598100363322
initial,initial/test-210,test-210,17,"[29, 43]",0.1,delay2,delay2,"[""delay2""]",1,"{""now"": 0.2113725672882141, ""delay1"": 0.39240782362177185, ""delay2"": 0.7696907626187364, ""endpoint_only"": 0.35022221093814465}",0,0,22.65864637203049,22.65864637203049,0,0.0,0.0
initial,initial/test-23,test-23,17,"[29, 43]",0.1,delay1,delay2,"[""delay1""]",1,"{""now"": 0.9608227174858333, ""delay1"": 0.9673705405037252, ""delay2"": 0.9623558213468075, ""endpoint_only"": 0.9631631544416417}",1,1,2.246200156994746,2.24317630699079,0,0.0030238500039558858,-3.9026445473266946e-05
initial,initial/test-365,test-365,17,"[29, 43]",0.1,delay2,delay2,"[""delay2""]",1,"{""now"": 0.9579421813566504, ""delay1"": 0.9587569400207028, ""delay2"": 0.960762203367101, ""endpoint_only"": 0.9598795802462777}",1,1,3.292969438,3.292969438,0,0.0,0.0
initial,initial/test-392,test-392,17,"[29, 43]",0.1,delay1,delay2,"[""delay1""]",1,"{""now"": 0.21820570521688623, ""delay1"": 0.8914292722176025, ""delay2"": 0.8894663318270886, ""endpoint_only"": 0.8746286681152589}",1,1,7.531304458985687,18.639055171006476,0,-11.107750712020788,0.14335897181622215
initial,initial/test-42,test-42,17,"[29, 43]",0.1,endpoint_only,delay2,"[""endpoint_only""]",1,"{""now"": 0.9664241130581678, ""delay1"": 0.9681779573598851, ""delay2"": 0.969489923837586, ""endpoint_only"": 0.9696504621864268}",1,1,2.7490044770092936,2.71171972801676,0,0.03728474899253342,-0.00048120482882385573
initial,initial/test-450,test-450,17,"[29, 43]",0.1,delay2,delay2,"[""delay2""]",1,"{""now"": -0.0016952299565554108, ""delay1"": -0.2882589701062526, ""delay2"": 0.1690253066384558, ""endpoint_only"": -0.5828582115631835}",0,0,25.542206012032693,25.542206012032693,0,0.0,0.0
initial,initial/test-489,test-489,17,"[29, 43]",0.1,endpoint_only,delay2,"[""endpoint_only""]",1,"{""now"": 0.9599414591835267, ""delay1"": 0.9600083976909408, ""delay2"": 0.9612625107432696, ""endpoint_only"": 0.9624183137421289}",1,1,12.832006511991494,14.267442696014768,0,-1.435436184023274,0.018526041930944648
initial,initial/test-518,test-518,17,"[29, 43]",0.1,endpoint_only,delay2,"[""endpoint_only""]",1,"{""now"": 0.9075341877364875, ""delay1"": 0.9096149690070225, ""delay2"": 0.9076795829698211, ""endpoint_only"": 0.9113952603929517}",1,1,7.662993456993718,7.88932051397569,0,-0.22632705698197242,0.0029210246992682487
initial,initial/test-788,test-788,17,"[29, 43]",0.1,now,delay2,"[""now""]",1,"{""now"": -0.09492710458426931, ""delay1"": -0.13494986434424464, ""delay2"": -0.15140381320792723, ""endpoint_only"": -0.15136501861522458}",0,1,3.9972728839929914,8.031007545025204,-1,-4.033734661032213,-0.9479397702939777
initial,initial/test-80,test-80,17,"[29, 43]",0.1,endpoint_only,delay2,"[""endpoint_only""]",1,"{""now"": -0.04134335356249791, ""delay1"": -0.04228389706627524, ""delay2"": -0.0406628987927318, ""endpoint_only"": -0.040222352948075385}",0,0,3.2273574209975777,3.380320115975337,0,-0.15296269497775938,0.001974168780590195
initial,initial/test-903,test-903,17,"[29, 43]",0.1,endpoint_only,delay2,"[""endpoint_only""]",1,"{""now"": 0.8682660523708283, ""delay1"": 0.8675354201055179, ""delay2"": 0.8664343414153398, ""endpoint_only"": 0.8699918014065622}",1,1,9.523247026998433,9.793755395017797,0,-0.27050836801936384,0.0034912380113979458
initial,initial/test-916,test-916,17,"[29, 43]",0.1,delay2,delay2,"[""delay2""]",1,"{""now"": 0.29748129332505846, ""delay1"": 0.7474324852545523, ""delay2"": 0.8838226677689591, ""endpoint_only"": 0.3878733895259964}",0,0,18.749848188017495,18.749848188017495,0,0.0,0.0
initial,initial/test-979,test-979,17,"[29, 43]",0.1,endpoint_only,delay2,"[""endpoint_only""]",1,"{""now"": -0.6223067820214787, ""delay1"": -0.193497996267403, ""delay2"": -0.3049326152651103, ""endpoint_only"": -0.12280906369904826}",0,0,40.67410263197962,14.346074321991182,0,26.32802830998844,-0.3397950823998711
initial,initial/test-984,test-984,17,"[29, 43]",0.1,delay1,delay2,"[""delay1""]",1,"{""now"": -0.41760820899228923, ""delay1"": -0.28009617436305373, ""delay2"": -0.6567364210839952, ""endpoint_only"": -0.4415499023682}",0,0,17.224773785026628,33.40195557002153,0,-16.1771817849949,0.20878611770348893
initial,initial/test-1149,test-1149,17,"[29, 43]",0.2,endpoint_only,delay1,"[""endpoint_only""]",1,"{""now"": 0.9272151579284253, ""delay1"": 0.9313057509326258, ""delay2"": 0.9298191987348996, ""endpoint_only"": 0.9315091089462888}",1,1,2.5489783520024503,2.6395402930065757,0,-0.0905619410041254,0.0023376229958028683
initial,initial/test-1155,test-1155,17,"[29, 43]",0.2,delay2,delay1,"[""delay2""]",1,"{""now"": 0.9487966677042425, ""delay1"": 0.952750506821926, ""delay2"": 0.9529121408888901, ""endpoint_only"": 0.9526778888526521}",1,1,1.6329485880123684,1.653488332987763,0,-0.02053974497539457,0.000530180555430193
initial,initial/test-135,test-135,17,"[29, 43]",0.2,endpoint_only,delay1,"[""endpoint_only""]",1,"{""now"": -0.38387704679574824, ""delay1"": 0.8443045890023646, ""delay2"": 0.8450605738088911, ""endpoint_only"": 0.8452883843168049}",1,1,8.53049497999018,8.702076529007172,0,-0.17158154901699163,0.004428935270052614
initial,initial/test-159,test-159,17,"[29, 43]",0.2,delay2,delay1,"[""delay2""]",1,"{""now"": -0.13504669018447613, ""delay1"": -0.06324021503507447, ""delay2"": -0.06238171907457607, ""endpoint_only"": -0.09230956660414251}",0,0,2.7043789540039143,2.9845750340173254,0,-0.2801960800134111,0.007232539328450749
initial,initial/test-179,test-179,17,"[29, 43]",0.2,endpoint_only,delay1,"[""endpoint_only""]",1,"{""now"": 0.9161396260867463, ""delay1"": 0.9160312603269296, ""delay2"": 0.9208752088454855, ""endpoint_only"": 0.9211980272491964}",1,1,3.088060061010765,3.294890106000821,0,-0.2068300449900562,0.00533878430641932
initial,initial/test-208,test-208,17,"[29, 43]",0.2,endpoint_only,delay1,"[""endpoint_only""]",1,"{""now"": 0.9190182105318393, ""delay1"": 0.9171723701406107, ""delay2"": 0.923604060260393, ""endpoint_only"": 0.9241703756641702}",1,1,3.1050195959978737,3.264572080996004,0,-0.15955248499813024,0.004118435998982539
initial,initial/test-210,test-210,17,"[29, 43]",0.2,delay2,delay1,"[""delay2""]",1,"{""now"": -0.0772548654235718, ""delay1"": 0.2848156472435437, ""delay2"": 0.5393815252374725, ""endpoint_only"": 0.2004444218762893}",0,0,22.65864637203049,15.94055933697382,0,6.718087035056669,-0.17341009442629157
initial,initial/test-23,test-23,17,"[29, 43]",0.2,delay1,delay1,"[""delay1""]",1,"{""now"": 0.9216454349716663, ""delay1"": 0.9347410810074503, ""delay2"": 0.9247116426936153, ""endpoint_only"": 0.9263263088832834}",1,1,2.246200156994746,2.246200156994746,0,0.0,0.0
initial,initial/test-365,test-365,17,"[29, 43]",0.2,delay2,delay1,"[""delay2""]",1,"{""now"": 0.9158843627133008, ""delay1"": 0.9175138800414057, ""delay2"": 0.9215244067342021, ""endpoint_only"": 0.9197591604925555}",1,1,3.292969438,5.964891008028644,0,-2.671921570028644,0.06896876586154621
initial,initial/test-392,test-392,17,"[29, 43]",0.2,delay1,delay1,"[""delay1""]",1,"{""now"": -0.0635885895662276, ""delay1"": 0.782858544435205, ""delay2"": 0.778932663654177, ""endpoint_only"": 0.7492573362305177}",1,1,7.531304458985687,7.531304458985687,0,0.0,0.0
initial,initial/test-42,test-42,17,"[29, 43]",0.2,endpoint_only,delay1,"[""endpoint_only""]",1,"{""now"": 0.9328482261163356, ""delay1"": 0.9363559147197702, ""delay2"": 0.9389798476751721, ""endpoint_only"": 0.9393009243728537}",1,1,2.7490044770092936,2.9242226400092477,0,-0.17521816299995407,0.004522805083123971
initial,initial/test-450,test-450,17,"[29, 43]",0.2,delay2,delay1,"[""delay2""]",1,"{""now"": -0.5033904599131107, ""delay1"": -0.5765179402125052, ""delay2"": -0.1619493867230884, ""endpoint_only"": -1.165716423126367}",0,0,25.542206012032693,20.329429998993874,0,5.21277601303882,-0.13455437179172303
initial,initial/test-489,test-489,17,"[29, 43]",0.2,endpoint_only,delay1,"[""endpoint_only""]",1,"{""now"": 0.9198829183670534, ""delay1"": 0.9200167953818816, ""delay2"": 0.9225250214865393, ""endpoint_only"": 0.924836627484258}",1,1,12.832006511991494,6.165111666981829,0,6.666894845009665,-0.1720887000377378
initial,initial/test-518,test-518,17,"[29, 43]",0.2,endpoint_only,delay1,"[""endpoint_only""]",1,"{""now"": 0.8150683754729751, ""delay1"": 0.8192299380140451, ""delay2"": 0.8153591659396422, ""endpoint_only"": 0.8227905207859033}",1,1,7.662993456993718,8.341704403996118,0,-0.6787109470024006,0.01751917306127182
initial,initial/test-788,test-788,17,"[29, 43]",0.2,now,delay1,"[""now""]",1,"{""now"": -0.18985420916853862, ""delay1"": -0.26989972868848927, ""delay2"": -0.30280762641585446, ""endpoint_only"": -0.30273003723044917}",0,0,3.9972728839929914,9.83941093100293,0,-5.842138047009939,0.15079972990776808
initial,initial/test-80,test-80,17,"[29, 43]",0.2,endpoint_only,delay1,"[""endpoint_only""]",1,"{""now"": -0.08268670712499582, ""delay1"": -0.08456779413255049, ""delay2"": -0.0813257975854636, ""endpoint_only"": -0.08044470589615077}",0,0,3.2273574209975777,4.236830206995364,0,-1.0094727859977866,0.026056937075566056
initial,initial/test-903,test-903,17,"[29, 43]",0.2,endpoint_only,delay1,"[""endpoint_only""]",1,"{""now"": 0.7365321047416565, ""delay1"": 0.7350708402110356, ""delay2"": 0.7328686828306796, ""endpoint_only"": 0.7399836028131244}",1,1,9.523247026998433,9.898888233001344,0,-0.3756412060029106,0.009696209153506663
initial,initial/test-916,test-916,17,"[29, 43]",0.2,delay2,delay1,"[""delay2""]",1,"{""now"": 0.09496258665011692, ""delay1"": 0.49486497050910455, ""delay2"": 0.7676453355379182, ""endpoint_only"": 0.2757467790519928}",0,0,18.749848188017495,10.706537469988689,0,8.043310718028806,-0.20761732675313765
initial,initial/test-979,test-979,17,"[29, 43]",0.2,delay1,delay1,"[""delay1""]",1,"{""now"": -1.2446135640429574, ""delay1"": -0.386995992534806, ""delay2"": -0.6098652305302206, ""endpoint_only"": -0.7456181273980965}",0,0,20.846579037970514,20.846579037970514,0,0.0,0.0
initial,initial/test-984,test-984,17,"[29, 43]",0.2,delay1,delay1,"[""delay1""]",1,"{""now"": -0.8352164179845785, ""delay1"": -0.5601923487261075, ""delay2"": -1.3134728421679904, ""endpoint_only"": -0.8830998047364}",0,0,17.224773785026628,17.224773785026628,0,0.0,0.0
initial,initial/test-1149,test-1149,17,"[29, 43]",0.5,endpoint_only,delay1,"[""endpoint_only""]",1,"{""now"": 0.8180378948210634, ""delay1"": 0.8282643773315645, ""delay2"": 0.8245479968372491, ""endpoint_only"": 0.8287727723657222}",1,1,2.5489783520024503,2.6395402930065757,0,-0.0905619410041254,0.005844057489507226
initial,initial/test-1155,test-1155,17,"[29, 43]",0.5,delay2,delay1,"[""delay2""]",1,"{""now"": 0.8719916692606065, ""delay1"": 0.881876267054815, ""delay2"": 0.8822803522222253, ""endpoint_only"": 0.8816947221316305}",1,1,1.6329485880123684,1.653488332987763,0,-0.02053974497539457,0.0013254513885756491
initial,initial/test-135,test-135,17,"[29, 43]",0.5,endpoint_only,delay1,"[""endpoint_only""]",1,"{""now"": -0.9596926169893706, ""delay1"": 0.6107614725059114, ""delay2"": 0.6126514345222278, ""endpoint_only"": 0.613220960792012}",1,1,8.53049497999018,8.702076529007172,0,-0.17158154901699163,0.011072338175131535
initial,initial/test-159,test-159,17,"[29, 43]",0.5,delay2,delay1,"[""delay2""]",1,"{""now"": -0.3376167254611903, ""delay1"": -0.1581005375876862, ""delay2"": -0.15595429768644017, ""endpoint_only"": -0.23077391651035628}",0,0,2.7043789540039143,2.9845750340173254,0,-0.2801960800134111,0.018081348321126844
initial,initial/test-179,test-179,17,"[29, 43]",0.5,endpoint_only,delay1,"[""endpoint_only""]",1,"{""now"": 0.7903490652168657, ""delay1"": 0.7900781508173241, ""delay2"": 0.8021880221137138, ""endpoint_only"": 0.802995068122991}",1,1,3.088060061010765,3.294890106000821,0,-0.2068300449900562,0.013346960766048355
initial,initial/test-208,test-208,17,"[29, 43]",0.5,endpoint_only,delay1,"[""endpoint_only""]",1,"{""now"": 0.7975455263295982, ""delay1"": 0.7929309253515268, ""delay2"": 0.8090101506509826, ""endpoint_only"": 0.8104259391604254}",1,1,3.1050195959978737,3.264572080996004,0,-0.15955248499813024,0.010296089997456348
initial,initial/test-210,test-210,17,"[29, 43]",0.5,delay1,delay1,"[""delay1""]",1,"{""now"": -0.9431371635589292, ""delay1"": -0.03796088189114072, ""delay2"": -0.1515461869063186, ""endpoint_only"": -0.24888894530927674}",0,0,15.94055933697382,15.94055933697382,0,0.0,0.0
initial,initial/test-23,test-23,17,"[29, 43]",0.5,delay1,delay1,"[""delay1""]",1,"{""now"": 0.8041135874291658, ""delay1"": 0.8368527025186256, ""delay2"": 0.8117791067340381, ""endpoint_only"": 0.8158157722082084}",1,1,2.246200156994746,2.246200156994746,0,0.0,0.0
initial,initial/test-365,test-365,17,"[29, 43]",0.5,delay2,delay1,"[""delay2""]",1,"{""now"": 0.789710906783252, ""delay1"": 0.7937847001035141, ""delay2"": 0.803811016835505, ""endpoint_only"": 0.7993979012313887}",1,1,3.292969438,5.964891008028644,0,-2.671921570028644,0.17242191465386547
initial,initial/test-392,test-392,17,"[29, 43]",0.5,delay1,delay1,"[""delay1""]",1,"{""now"": -0.9089714739155689, ""delay1"": 0.45714636108801243, ""delay2"": 0.44733165913544237, ""endpoint_only"": 0.37314334057629406}",1,1,7.531304458985687,7.531304458985687,0,0.0,0.0
initial,initial/test-42,test-42,17,"[29, 43]",0.5,endpoint_only,delay1,"[""endpoint_only""]",1,"{""now"": 0.8321205652908387, ""delay1"": 0.8408897867994256, ""delay2"": 0.8474496191879302, ""endpoint_only"": 0.8482523109321343}",1,1,2.7490044770092936,2.9242226400092477,0,-0.17521816299995407,0.011307012707809871
initial,initial/test-450,test-450,17,"[29, 43]",0.5,delay2,delay1,"[""delay2""]",1,"{""now"": -2.008476149782777, ""delay1"": -1.441294850531263, ""delay2"": -1.154873466807721, ""endpoint_only"": -2.914291057815917}",0,0,25.542206012032693,20.329429998993874,0,5.21277601303882,-0.33638592947930746
initial,initial/test-489,test-489,17,"[29, 43]",0.5,endpoint_only,delay1,"[""endpoint_only""]",1,"{""now"": 0.7997072959176336, ""delay1"": 0.8000419884547041, ""delay2"": 0.8063125537163482, ""endpoint_only"": 0.8120915687106449}",1,1,12.832006511991494,6.165111666981829,0,6.666894845009665,-0.4302217500943445
initial,initial/test-518,test-518,17,"[29, 43]",0.5,endpoint_only,delay1,"[""endpoint_only""]",1,"{""now"": 0.5376709386824376, ""delay1"": 0.5480748450351128, ""delay2"": 0.5383979148491056, ""endpoint_only"": 0.5569763019647583}",1,1,7.662993456993718,8.341704403996118,0,-0.6787109470024006,0.04379793265317955
initial,initial/test-788,test-788,17,"[29, 43]",0.5,now,delay1,"[""now""]",1,"{""now"": -0.4746355229213466, ""delay1"": -0.674749321721223, ""delay2"": -0.7570190660396361, ""endpoint_only"": -0.7568250930761229}",0,0,3.9972728839929914,9.83941093100293,0,-5.842138047009939,0.3769993247694202
initial,initial/test-80,test-80,17,"[29, 43]",0.5,endpoint_only,delay1,"[""endpoint_only""]",1,"{""now"": -0.20671676781248954, ""delay1"": -0.2114194853313762, ""delay2"": -0.20331449396365897, ""endpoint_only"": -0.20111176474037695}",0,0,3.2273574209975777,4.236830206995364,0,-1.0094727859977866,0.06514234268891517
initial,initial/test-903,test-903,17,"[29, 43]",0.5,endpoint_only,delay1,"[""endpoint_only""]",1,"{""now"": 0.34133026185414134, ""delay1"": 0.33767710052758926, ""delay2"": 0.3321717070766991, ""endpoint_only"": 0.349959007032811}",1,1,9.523247026998433,9.898888233001344,0,-0.3756412060029106,0.024240522883766547
initial,initial/test-916,test-916,17,"[29, 43]",0.5,delay2,delay1,"[""delay2""]",1,"{""now"": -0.5125935333747076, ""delay1"": -0.2628375737272386, ""delay2"": 0.4191133388447957, ""endpoint_only"": -0.06063305237001798}",0,0,18.749848188017495,10.706537469988689,0,8.043310718028806,-0.5190433168828441
initial,initial/test-979,test-979,17,"[29, 43]",0.5,delay1,delay1,"[""delay1""]",1,"{""now"": -3.1115339101073936, ""delay1"": -0.967489981337015, ""delay2"": -1.5246630763255515, ""endpoint_only"": -2.6140453184952412}",0,0,20.846579037970514,20.846579037970514,0,0.0,0.0
initial,initial/test-984,test-984,17,"[29, 43]",0.5,delay1,delay1,"[""delay1""]",1,"{""now"": -2.088041044961446, ""delay1"": -1.4004808718152686, ""delay2"": -3.283682105419976, ""endpoint_only"": -2.2077495118409995}",0,0,17.224773785026628,17.224773785026628,0,0.0,0.0
initial,initial/test-1149,test-1149,17,"[29, 43]",1,endpoint_only,delay1,"[""endpoint_only""]",1,"{""now"": 0.6360757896421267, ""delay1"": 0.6565287546631291, ""delay2"": 0.6490959936744982, ""endpoint_only"": 0.6575455447314444}",1,1,2.5489783520024503,2.6395402930065757,0,-0.0905619410041254,0.011688114979014341
initial,initial/test-1155,test-1155,17,"[29, 43]",1,delay2,delay1,"[""delay2""]",1,"{""now"": 0.7439833385212129, ""delay1"": 0.7637525341096302, ""delay2"": 0.7645607044444507, ""endpoint_only"": 0.7633894442632609}",1,1,1.6329485880123684,1.653488332987763,0,-0.02053974497539457,0.0026509027771512983
initial,initial/test-135,test-135,17,"[29, 43]",1,endpoint_only,delay1,"[""endpoint_only""]",1,"{""now"": -1.9193852339787412, ""delay1"": 0.22152294501182268, ""delay2"": 0.22530286904445557, ""endpoint_only"": 0.22644192158402426}",1,1,8.53049497999018,8.702076529007172,0,-0.17158154901699163,0.02214467635026307
initial,initial/test-159,test-159,17,"[29, 43]",1,delay2,delay1,"[""delay2""]",1,"{""now"": -0.6752334509223806, ""delay1"": -0.3162010751753724, ""delay2"": -0.31190859537288035, ""endpoint_only"": -0.46154783302071256}",0,0,2.7043789540039143,2.9845750340173254,0,-0.2801960800134111,0.03616269664225369
initial,initial/test-179,test-179,17,"[29, 43]",1,endpoint_only,delay1,"[""endpoint_only""]",1,"{""now"": 0.5806981304337315, ""delay1"": 0.5801563016346483, ""delay2"": 0.6043760442274275, ""endpoint_only"": 0.6059901362459821}",1,1,3.088060061010765,3.294890106000821,0,-0.2068300449900562,0.02669392153209671
initial,initial/test-208,test-208,17,"[29, 43]",1,endpoint_only,delay1,"[""endpoint_only""]",1,"{""now"": 0.5950910526591964, ""delay1"": 0.5858618507030535, ""delay2"": 0.618020301301965, ""endpoint_only"": 0.6208518783208508}",1,1,3.1050195959978737,3.264572080996004,0,-0.15955248499813024,0.020592179994912696
initial,initial/test-210,test-210,17,"[29, 43]",1,delay1,delay1,"[""delay1""]",1,"{""now"": -2.3862743271178584, ""delay1"": -0.5759217637822814, ""delay2"": -1.3030923738126372, ""endpoint_only"": -0.9977778906185535}",0,0,15.94055933697382,15.94055933697382,0,0.0,0.0
initial,initial/test-23,test-23,17,"[29, 43]",1,delay1,delay1,"[""delay1""]",1,"{""now"": 0.6082271748583317, ""delay1"": 0.6737054050372514, ""delay2"": 0.6235582134680762, ""endpoint_only"": 0.6316315444164169}",1,1,2.246200156994746,2.246200156994746,0,0.0,0.0
initial,initial/test-365,test-365,17,"[29, 43]",1,delay2,delay1,"[""delay2""]",1,"{""now"": 0.5794218135665038, ""delay1"": 0.5875694002070282, ""delay2"": 0.6076220336710103, ""endpoint_only"": 0.5987958024627773}",1,1,3.292969438,5.964891008028644,0,-2.671921570028644,0.34484382930773094
initial,initial/test-392,test-392,17,"[29, 43]",1,delay1,delay1,"[""delay1""]",1,"{""now"": -2.3179429478311375, ""delay1"": -0.08570727782397514, ""delay2"": -0.10533668172911526, ""endpoint_only"": -0.25371331884741183}",1,1,7.531304458985687,7.531304458985687,0,0.0,0.0
initial,initial/test-42,test-42,17,"[29, 43]",1,endpoint_only,delay1,"[""endpoint_only""]",1,"{""now"": 0.6642411305816773, ""delay1"": 0.6817795735988511, ""delay2"": 0.6948992383758603, ""endpoint_only"": 0.6965046218642685}",1,1,2.7490044770092936,2.9242226400092477,0,-0.17521816299995407,0.022614025415619743
initial,initial/test-450,test-450,17,"[29, 43]",1,delay2,delay1,"[""delay2""]",1,"{""now"": -4.516952299565554, ""delay1"": -2.882589701062526, ""delay2"": -2.809746933615442, ""endpoint_only"": -5.828582115631834}",0,0,25.542206012032693,20.329429998993874,0,5.21277601303882,-0.6727718589586149
initial,initial/test-489,test-489,17,"[29, 43]",1,endpoint_only,delay1,"[""endpoint_only""]",1,"{""now"": 0.5994145918352671, ""delay1"": 0.600083976909408, ""delay2"": 0.6126251074326965, ""endpoint_only"": 0.62418313742129}",1,1,12.832006511991494,6.165111666981829,0,6.666894845009665,-0.860443500188689
initial,initial/test-518,test-518,17,"[29, 43]",1,endpoint_only,delay1,"[""endpoint_only""]",1,"{""now"": 0.07534187736487524, ""delay1"": 0.09614969007022567, ""delay2"": 0.0767958296982112, ""endpoint_only"": 0.11395260392951667}",1,1,7.662993456993718,8.341704403996118,0,-0.6787109470024006,0.08759586530635899
initial,initial/test-788,test-788,17,"[29, 43]",1,now,delay1,"[""now""]",1,"{""now"": -0.9492710458426932, ""delay1"": -1.349498643442446, ""delay2"": -1.5140381320792722, ""endpoint_only"": -1.5136501861522458}",0,0,3.9972728839929914,9.83941093100293,0,-5.842138047009939,0.7539986495388404
initial,initial/test-80,test-80,17,"[29, 43]",1,endpoint_only,delay1,"[""endpoint_only""]",1,"{""now"": -0.4134335356249791, ""delay1"": -0.4228389706627524, ""delay2"": -0.40662898792731794, ""endpoint_only"": -0.4022235294807539}",0,0,3.2273574209975777,4.236830206995364,0,-1.0094727859977866,0.13028468537783033
initial,initial/test-903,test-903,17,"[29, 43]",1,endpoint_only,delay1,"[""endpoint_only""]",1,"{""now"": -0.3173394762917173, ""delay1"": -0.3246457989448215, ""delay2"": -0.33565658584660185, ""endpoint_only"": -0.30008198593437796}",1,1,9.523247026998433,9.898888233001344,0,-0.3756412060029106,0.04848104576753309
initial,initial/test-916,test-916,17,"[29, 43]",1,delay2,delay1,"[""delay2""]",1,"{""now"": -1.5251870667494152, ""delay1"": -1.5256751474544772, ""delay2"": -0.16177332231040864, ""endpoint_only"": -0.621266104740036}",0,0,18.749848188017495,10.706537469988689,0,8.043310718028806,-1.0380866337656882
initial,initial/test-979,test-979,17,"[29, 43]",1,delay1,delay1,"[""delay1""]",1,"{""now"": -6.223067820214787, ""delay1"": -1.93497996267403, ""delay2"": -3.049326152651103, ""endpoint_only"": -5.7280906369904825}",0,0,20.846579037970514,20.846579037970514,0,0.0,0.0
initial,initial/test-984,test-984,17,"[29, 43]",1,delay1,delay1,"[""delay1""]",1,"{""now"": -4.176082089922892, ""delay1"": -2.800961743630537, ""delay2"": -6.567364210839952, ""endpoint_only"": -4.415499023681999}",0,0,17.224773785026628,17.224773785026628,0,0.0,0.0
initial,initial/test-1149,test-1149,29,"[17, 43]",0,now,delay2,"[""now"", ""delay1"", ""delay2"", ""endpoint_only""]",4,"{""now"": 1.0, ""delay1"": 1.0, ""delay2"": 1.0, ""endpoint_only"": 1.0}",1,1,2.393673967992072,2.4183365030039568,0,-0.024662535011884756,0.0
initial,initial/test-1155,test-1155,29,"[17, 43]",0,now,delay2,"[""now"", ""delay1"", ""delay2"", ""endpoint_only""]",4,"{""now"": 1.0, ""delay1"": 1.0, ""delay2"": 1.0, ""endpoint_only"": 1.0}",1,1,2.137179297002149,2.0061419489939,0,0.13103734800824896,0.0
initial,initial/test-135,test-135,29,"[17, 43]",0,delay1,delay2,"[""delay1"", ""delay2"", ""endpoint_only""]",3,"{""now"": 0.0, ""delay1"": 1.0, ""delay2"": 1.0, ""endpoint_only"": 1.0}",1,1,7.7089175450237235,7.650890246004565,0,0.05802729901915882,0.0
initial,initial/test-159,test-159,29,"[17, 43]",0,now,delay2,"[""now"", ""delay1"", ""delay2"", ""endpoint_only""]",4,"{""now"": 0.0, ""delay1"": 0.0, ""delay2"": 0.0, ""endpoint_only"": 0.0}",0,0,2.7765949820168316,2.6651186310191406,0,0.11147635099769104,0.0
initial,initial/test-179,test-179,29,"[17, 43]",0,now,delay2,"[""now"", ""delay1"", ""delay2"", ""endpoint_only""]",4,"{""now"": 1.0, ""delay1"": 1.0, ""delay2"": 1.0, ""endpoint_only"": 1.0}",1,1,3.273825018972275,3.0668517660087673,0,0.20697325296350755,0.0
initial,initial/test-208,test-208,29,"[17, 43]",0,now,delay2,"[""now"", ""delay1"", ""delay2"", ""endpoint_only""]",4,"{""now"": 1.0, ""delay1"": 1.0, ""delay2"": 1.0, ""endpoint_only"": 1.0}",1,1,3.0366100919927703,2.758504923986038,0,0.27810516800673213,0.0
initial,initial/test-210,test-210,29,"[17, 43]",0,now,delay2,"[""now"", ""delay2""]",2,"{""now"": 0.5, ""delay1"": 0.0, ""delay2"": 0.5, ""endpoint_only"": 0.0}",1,1,10.26134834199911,15.876662245980697,0,-5.615313903981587,0.0
initial,initial/test-23,test-23,29,"[17, 43]",0,now,delay2,"[""now"", ""delay1"", ""delay2"", ""endpoint_only""]",4,"{""now"": 1.0, ""delay1"": 1.0, ""delay2"": 1.0, ""endpoint_only"": 1.0}",1,1,3.6605048299825285,3.5812487980292644,0,0.07925603195326403,0.0
initial,initial/test-365,test-365,29,"[17, 43]",0,delay1,delay2,"[""delay1"", ""delay2"", ""endpoint_only""]",3,"{""now"": 0.5, ""delay1"": 1.0, ""delay2"": 1.0, ""endpoint_only"": 1.0}",1,1,2.6284875810088124,2.4589374189963564,0,0.16955016201245598,0.0
initial,initial/test-392,test-392,29,"[17, 43]",0,delay1,delay2,"[""delay1"", ""delay2""]",2,"{""now"": 0.5, ""delay1"": 1.0, ""delay2"": 1.0, ""endpoint_only"": 0.5}",1,1,6.405641155986814,6.69203671401192,0,-0.28639555802510586,0.0
initial,initial/test-42,test-42,29,"[17, 43]",0,now,delay2,"[""now"", ""delay1"", ""delay2"", ""endpoint_only""]",4,"{""now"": 1.0, ""delay1"": 1.0, ""delay2"": 1.0, ""endpoint_only"": 1.0}",1,1,2.7471929380117217,2.533020486982423,0,0.21417245102929883,0.0
initial,initial/test-450,test-450,29,"[17, 43]",0,now,delay2,"[""now"", ""delay2""]",2,"{""now"": 0.5, ""delay1"": 0.0, ""delay2"": 0.5, ""endpoint_only"": 0.0}",0,0,51.749361752008554,34.303541460001725,0,17.44582029200683,0.0
initial,initial/test-489,test-489,29,"[17, 43]",0,now,delay2,"[""now"", ""delay1"", ""delay2"", ""endpoint_only""]",4,"{""now"": 1.0, ""delay1"": 1.0, ""delay2"": 1.0, ""endpoint_only"": 1.0}",1,1,2.8698673430044437,2.624471552990144,0,0.24539579001429956,0.0
initial,initial/test-518,test-518,29,"[17, 43]",0,now,delay2,"[""now"", ""delay1"", ""delay2"", ""endpoint_only""]",4,"{""now"": 1.0, ""delay1"": 1.0, ""delay2"": 1.0, ""endpoint_only"": 1.0}",1,1,6.619333501002984,6.472839861002285,0,0.1464936400006991,0.0
initial,initial/test-788,test-788,29,"[17, 43]",0,delay2,delay2,"[""delay2"", ""endpoint_only""]",2,"{""now"": 0.0, ""delay1"": 0.0, ""delay2"": 0.5, ""endpoint_only"": 0.5}",0,0,12.355391947043245,12.355391947043245,0,0.0,0.0
initial,initial/test-80,test-80,29,"[17, 43]",0,now,delay2,"[""now"", ""delay1"", ""delay2"", ""endpoint_only""]",4,"{""now"": 0.0, ""delay1"": 0.0, ""delay2"": 0.0, ""endpoint_only"": 0.0}",0,0,2.993177034004475,2.9718052849930245,0,0.021371749011450447,0.0
initial,initial/test-903,test-903,29,"[17, 43]",0,now,delay2,"[""now"", ""delay1"", ""delay2"", ""endpoint_only""]",4,"{""now"": 1.0, ""delay1"": 1.0, ""delay2"": 1.0, ""endpoint_only"": 1.0}",1,1,10.30710207701486,10.396314697994967,0,-0.0892126209801063,0.0
initial,initial/test-916,test-916,29,"[17, 43]",0,now,delay2,"[""now"", ""delay1"", ""delay2"", ""endpoint_only""]",4,"{""now"": 0.5, ""delay1"": 0.5, ""delay2"": 0.5, ""endpoint_only"": 0.5}",0,1,22.503256190990214,11.739959436963545,-1,10.763296754026669,-1.0
initial,initial/test-979,test-979,29,"[17, 43]",0,now,delay2,"[""now"", ""delay1"", ""delay2"", ""endpoint_only""]",4,"{""now"": 0.0, ""delay1"": 0.0, ""delay2"": 0.0, ""endpoint_only"": 0.0}",0,0,48.23665638602688,27.337808811062132,0,20.898847574964748,0.0
initial,initial/test-984,test-984,29,"[17, 43]",0,now,delay2,"[""now"", ""delay1"", ""delay2"", ""endpoint_only""]",4,"{""now"": 0.0, ""delay1"": 0.0, ""delay2"": 0.0, ""endpoint_only"": 0.0}",0,0,34.18980091006961,50.40638040196791,0,-16.2165794918983,0.0
initial,initial/test-1149,test-1149,29,"[17, 43]",0.05,delay2,delay2,"[""delay2""]",1,"{""now"": 0.9806429818547154, ""delay1"": 0.9810624318815727, ""delay2"": 0.9821065794858379, ""endpoint_only"": 0.9819729294072879}",1,1,2.4183365030039568,2.4183365030039568,0,0.0,0.0
initial,initial/test-1155,test-1155,29,"[17, 43]",0.05,delay2,delay2,"[""delay2""]",1,"{""now"": 0.9880966574500027, ""delay1"": 0.9892669430758814, ""delay2"": 0.9894321632654692, ""endpoint_only"": 0.9893295810789531}",1,1,2.0061419489939,2.0061419489939,0,0.0,0.0
initial,initial/test-135,test-135,29,"[17, 43]",0.05,endpoint_only,delay2,"[""endpoint_only""]",1,"{""now"": -0.07939253942145315, ""delay1"": 0.95787166745794, ""delay2"": 0.9581700650103475, ""endpoint_only"": 0.9585217580049854}",1,1,7.662590952953906,7.650890246004565,0,0.011700706949341111,-7.550589499483173e-05
initial,initial/test-159,test-159,29,"[17, 43]",0.05,delay2,delay2,"[""delay2""]",1,"{""now"": -0.035036779440958246, ""delay1"": -0.01682557894954397, ""delay2"": -0.015722105269431477, ""endpoint_only"": -0.0244467210538433}",0,0,2.6651186310191406,2.6651186310191406,0,0.0,0.0
initial,initial/test-179,test-179,29,"[17, 43]",0.05,delay2,delay2,"[""delay2""]",1,"{""now"": 0.979027177291967, ""delay1"": 0.97900552269672, ""delay2"": 0.9801930977599286, ""endpoint_only"": 0.980094909121782}",1,1,3.0668517660087673,3.0668517660087673,0,0.0,0.0
initial,initial/test-208,test-208,29,"[17, 43]",0.05,endpoint_only,delay2,"[""endpoint_only""]",1,"{""now"": 0.9790816882123323, ""delay1"": 0.9790178662741111, ""delay2"": 0.9798753321700558, ""endpoint_only"": 0.9801142263831004}",1,1,2.8172922219964676,2.758504923986038,0,0.05878729801042937,-0.0003793606292185059
initial,initial/test-210,test-210,29,"[17, 43]",0.05,delay2,delay2,"[""delay2""]",1,"{""now"": 0.3323565132937439, ""delay1"": -0.07815605044834163, ""delay2"": 0.3629629521751722, ""endpoint_only"": -0.1653946768933385}",1,1,15.876662245980697,15.876662245980697,0,0.0,0.0
initial,initial/test-23,test-23,29,"[17, 43]",0.05,delay2,delay2,"[""delay2""]",1,"{""now"": 0.9844873235514119, ""delay1"": 0.9850264063147769, ""delay2"": 0.9854952720705059, ""endpoint_only"": 0.9853685567215832}",1,1,3.5812487980292644,3.5812487980292644,0,0.0,0.0
initial,initial/test-365,test-365,29,"[17, 43]",0.05,delay2,delay2,"[""delay2""]",1,"{""now"": 0.4556267855759438, ""delay1"": 0.9686133885536694, ""delay2"": 0.9776900534280117, ""endpoint_only"": 0.977147197411435}",1,1,2.4589374189963564,2.4589374189963564,0,0.0,0.0
initial,initial/test-392,test-392,29,"[17, 43]",0.05,delay1,delay2,"[""delay1""]",1,"{""now"": 0.3365180575047844, ""delay1"": 0.9420826241490232, ""delay2"": 0.9061854813582302, ""endpoint_only"": 0.3978508413257619}",1,1,6.405641155986814,6.69203671401192,0,-0.28639555802510586,0.0018481407170390929
initial,initial/test-42,test-42,29,"[17, 43]",0.05,delay2,delay2,"[""delay2""]",1,"{""now"": 0.9827752424572935, ""delay1"": 0.9834169563733488, ""delay2"": 0.9841683794017021, ""endpoint_only"": 0.9841080695725917}",1,1,2.533020486982423,2.533020486982423,0,0.0,0.0
initial,initial/test-450,test-450,29,"[17, 43]",0.05,now,delay2,"[""now""]",1,"{""now"": 0.3725709211430942, ""delay1"": -0.11734216294051569, ""delay2"": 0.3627815637881719, ""endpoint_only"": -0.16272035900713952}",0,0,51.749361752008554,34.303541460001725,0,17.44582029200683,-0.11257971682989285
initial,initial/test-489,test-489,29,"[17, 43]",0.05,delay1,delay2,"[""delay1""]",1,"{""now"": 0.9622962176391996, ""delay1"": 0.9692102056215125, ""delay2"": 0.9430645954954902, ""endpoint_only"": 0.9483597966028869}",1,1,2.819747664994793,2.624471552990144,0,0.1952761120046489,-0.0012601373294667262
initial,initial/test-518,test-518,29,"[17, 43]",0.05,endpoint_only,delay2,"[""endpoint_only""]",1,"{""now"": 0.949349533955387, ""delay1"": 0.9486117858670164, ""delay2"": 0.9492694420218981, ""endpoint_only"": 0.9509092145730604}",1,1,6.178927928995108,6.472839861002285,0,-0.2939119320071768,0.0018966446704403728
initial,initial/test-788,test-788,29,"[17, 43]",0.05,endpoint_only,delay2,"[""endpoint_only""]",1,"{""now"": -0.04728532544263496, ""delay1"": -0.05931363917014275, ""delay2"": 0.4382509475265427, ""endpoint_only"": 0.438658563055246}",0,0,12.454955676948885,12.355391947043245,0,0.09956372990563978,-0.0006424952413639357
initial,initial/test-80,test-80,29,"[17, 43]",0.05,endpoint_only,delay2,"[""endpoint_only""]",1,"{""now"": -0.021796252486941243, ""delay1"": -0.024995140331410166, ""delay2"": -0.021649544023703997, ""endpoint_only"": -0.021101507957402902}",0,0,2.9204256649973104,2.9718052849930245,0,-0.051379619995714165,0.0003315581023493226
initial,initial/test-903,test-903,29,"[17, 43]",0.05,endpoint_only,delay2,"[""endpoint_only""]",1,"{""now"": 0.9356504851349193, ""delay1"": 0.93535972272891, ""delay2"": 0.935161360048353, ""endpoint_only"": 0.9368316621732397}",1,1,10.092201464009122,10.396314697994967,0,-0.304113233985845,0.0019624747471482795
initial,initial/test-916,test-916,29,"[17, 43]",0.05,delay2,delay2,"[""delay2""]",1,"{""now"": 0.3883041681797546, ""delay1"": 0.4035371345754345, ""delay2"": 0.41929355846911887, ""endpoint_only"": 0.30627435341034626}",1,1,11.739959436963545,11.739959436963545,0,0.0,0.0
initial,initial/test-979,test-979,29,"[17, 43]",0.05,delay2,delay2,"[""delay2""]",1,"{""now"": -0.29815785847725434, ""delay1"": -0.12317596966205557, ""delay2"": -0.11054779175231064, ""endpoint_only"": -0.30246298397346405}",0,0,27.337808811062132,27.337808811062132,0,0.0,0.0
initial,initial/test-984,test-984,29,"[17, 43]",0.05,delay1,delay2,"[""delay1""]",1,"{""now"": -0.18789127483748225, ""delay1"": -0.10596153878202912, ""delay2"": -0.27350253783663264, ""endpoint_only"": -0.3121871766635608}",0,0,27.78915988400695,50.40638040196791,0,-22.61722051796096,0.14595130746347887
initial,initial/test-1149,test-1149,29,"[17, 43]",0.1,delay2,delay2,"[""delay2""]",1,"{""now"": 0.9612859637094309, ""delay1"": 0.9621248637631454, ""delay2"": 0.9642131589716756, ""endpoint_only"": 0.9639458588145758}",1,1,2.4183365030039568,2.4183365030039568,0,0.0,0.0
initial,initial/test-1155,test-1155,29,"[17, 43]",0.1,delay2,delay2,"[""delay2""]",1,"{""now"": 0.9761933149000055, ""delay1"": 0.9785338861517627, ""delay2"": 0.9788643265309385, ""endpoint_only"": 0.9786591621579062}",1,1,2.0061419489939,2.0061419489939,0,0.0,0.0
initial,initial/test-135,test-135,29,"[17, 43]",0.1,endpoint_only,delay2,"[""endpoint_only""]",1,"{""now"": -0.1587850788429063, ""delay1"": 0.9157433349158799, ""delay2"": 0.916340130020695, ""endpoint_only"": 0.9170435160099708}",1,1,7.662590952953906,7.650890246004565,0,0.011700706949341111,-0.00015101178998955245
initial,initial/test-159,test-159,29,"[17, 43]",0.1,delay2,delay2,"[""delay2""]",1,"{""now"": -0.07007355888191649, ""delay1"": -0.03365115789908794, ""delay2"": -0.031444210538862954, ""endpoint_only"": -0.0488934421076866}",0,0,2.6651186310191406,2.6651186310191406,0,0.0,0.0
initial,initial/test-179,test-179,29,"[17, 43]",0.1,delay2,delay2,"[""delay2""]",1,"{""now"": 0.9580543545839342, ""delay1"": 0.9580110453934401, ""delay2"": 0.9603861955198572, ""endpoint_only"": 0.960189818243564}",1,1,3.0668517660087673,3.0668517660087673,0,0.0,0.0
initial,initial/test-208,test-208,29,"[17, 43]",0.1,endpoint_only,delay2,"[""endpoint_only""]",1,"{""now"": 0.9581633764246646, ""delay1"": 0.9580357325482223, ""delay2"": 0.9597506643401117, ""endpoint_only"": 0.9602284527662006}",1,1,2.8172922219964676,2.758504923986038,0,0.05878729801042937,-0.0007587212584370118
initial,initial/test-210,test-210,29,"[17, 43]",0.1,delay2,delay2,"[""delay2""]",1,"{""now"": 0.16471302658748774, ""delay1"": -0.15631210089668326, ""delay2"": 0.2259259043503444, ""endpoint_only"": -0.330789353786677}",1,1,15.876662245980697,15.876662245980697,0,0.0,0.0
initial,initial/test-23,test-23,29,"[17, 43]",0.1,delay2,delay2,"[""delay2""]",1,"{""now"": 0.9689746471028238, ""delay1"": 0.9700528126295538, ""delay2"": 0.9709905441410118, ""endpoint_only"": 0.9707371134431664}",1,1,3.5812487980292644,3.5812487980292644,0,0.0,0.0
initial,initial/test-365,test-365,29,"[17, 43]",0.1,delay2,delay2,"[""delay2""]",1,"{""now"": 0.4112535711518877, ""delay1"": 0.9372267771073388, ""delay2"": 0.9553801068560236, ""endpoint_only"": 0.9542943948228699}",1,1,2.4589374189963564,2.4589374189963564,0,0.0,0.0
initial,initial/test-392,test-392,29,"[17, 43]",0.1,delay1,delay2,"[""delay1""]",1,"{""now"": 0.17303611500956886, ""delay1"": 0.8841652482980464, ""delay2"": 0.8123709627164605, ""endpoint_only"": 0.2957016826515237}",1,1,6.405641155986814,6.69203671401192,0,-0.28639555802510586,0.003696281434078297
initial,initial/test-42,test-42,29,"[17, 43]",0.1,delay2,delay2,"[""delay2""]",1,"{""now"": 0.9655504849145872, ""delay1"": 0.9668339127466976, ""delay2"": 0.9683367588034042, ""endpoint_only"": 0.9682161391451833}",1,1,2.533020486982423,2.533020486982423,0,0.0,0.0
initial,initial/test-450,test-450,29,"[17, 43]",0.1,now,delay2,"[""now""]",1,"{""now"": 0.2451418422861884, ""delay1"": -0.23468432588103139, ""delay2"": 0.22556312757634386, ""endpoint_only"": -0.32544071801427904}",0,0,51.749361752008554,34.303541460001725,0,17.44582029200683,-0.2251594336597857
initial,initial/test-489,test-489,29,"[17, 43]",0.1,delay1,delay2,"[""delay1""]",1,"{""now"": 0.9245924352783992, ""delay1"": 0.938420411243025, ""delay2"": 0.8861291909909803, ""endpoint_only"": 0.896719593205774}",1,1,2.819747664994793,2.624471552990144,0,0.1952761120046489,-0.0025202746589334524
initial,initial/test-518,test-518,29,"[17, 43]",0.1,endpoint_only,delay2,"[""endpoint_only""]",1,"{""now"": 0.898699067910774, ""delay1"": 0.8972235717340329, ""delay2"": 0.8985388840437963, ""endpoint_only"": 0.9018184291461206}",1,1,6.178927928995108,6.472839861002285,0,-0.2939119320071768,0.0037932893408807455
initial,initial/test-788,test-788,29,"[17, 43]",0.1,endpoint_only,delay2,"[""endpoint_only""]",1,"{""now"": -0.09457065088526992, ""delay1"": -0.1186272783402855, ""delay2"": 0.37650189505308546, ""endpoint_only"": 0.377317126110492}",0,0,12.454955676948885,12.355391947043245,0,0.09956372990563978,-0.0012849904827278713
initial,initial/test-80,test-80,29,"[17, 43]",0.1,endpoint_only,delay2,"[""endpoint_only""]",1,"{""now"": -0.043592504973882486, ""delay1"": -0.04999028066282033, ""delay2"": -0.043299088047407994, ""endpoint_only"": -0.042203015914805804}",0,0,2.9204256649973104,2.9718052849930245,0,-0.051379619995714165,0.0006631162046986452
initial,initial/test-903,test-903,29,"[17, 43]",0.1,endpoint_only,delay2,"[""endpoint_only""]",1,"{""now"": 0.8713009702698387, ""delay1"": 0.87071944545782, ""delay2"": 0.8703227200967061, ""endpoint_only"": 0.8736633243464793}",1,1,10.092201464009122,10.396314697994967,0,-0.304113233985845,0.003924949494296448
initial,initial/test-916,test-916,29,"[17, 43]",0.1,delay2,delay2,"[""delay2""]",1,"{""now"": 0.27660833635950915, ""delay1"": 0.307074269150869, ""delay2"": 0.3385871169382378, ""endpoint_only"": 0.11254870682069251}",1,1,11.739959436963545,11.739959436963545,0,0.0,0.0
initial,initial/test-979,test-979,29,"[17, 43]",0.1,delay2,delay2,"[""delay2""]",1,"{""now"": -0.5963157169545087, ""delay1"": -0.24635193932411115, ""delay2"": -0.22109558350462127, ""endpoint_only"": -0.6049259679469281}",0,0,27.337808811062132,27.337808811062132,0,0.0,0.0
initial,initial/test-984,test-984,29,"[17, 43]",0.1,delay1,delay2,"[""delay1""]",1,"{""now"": -0.3757825496749645, ""delay1"": -0.21192307756405823, ""delay2"": -0.5470050756732653, ""endpoint_only"": -0.6243743533271215}",0,0,27.78915988400695,50.40638040196791,0,-22.61722051796096,0.29190261492695774
initial,initial/test-1149,test-1149,29,"[17, 43]",0.2,delay2,delay2,"[""delay2""]",1,"{""now"": 0.922571927418862, ""delay1"": 0.9242497275262909, ""delay2"": 0.9284263179433514, ""endpoint_only"": 0.9278917176291517}",1,1,2.4183365030039568,2.4183365030039568,0,0.0,0.0
initial,initial/test-1155,test-1155,29,"[17, 43]",0.2,delay2,delay2,"[""delay2""]",1,"{""now"": 0.9523866298000108, ""delay1"": 0.9570677723035257, ""delay2"": 0.957728653061877, ""endpoint_only"": 0.9573183243158123}",1,1,2.0061419489939,2.0061419489939,0,0.0,0.0
initial,initial/test-135,test-135,29,"[17, 43]",0.2,endpoint_only,delay2,"[""endpoint_only""]",1,"{""now"": -0.3175701576858126, ""delay1"": 0.8314866698317597, ""delay2"": 0.8326802600413901, ""endpoint_only"": 0.8340870320199415}",1,1,7.662590952953906,7.650890246004565,0,0.011700706949341111,-0.0003020235799792159
initial,initial/test-159,test-159,29,"[17, 43]",0.2,delay2,delay2,"[""delay2""]",1,"{""now"": -0.14014711776383298, ""delay1"": -0.06730231579817587, ""delay2"": -0.06288842107772591, ""endpoint_only"": -0.0977868842153732}",0,0,2.6651186310191406,2.6651186310191406,0,0.0,0.0
initial,initial/test-179,test-179,29,"[17, 43]",0.2,delay2,delay2,"[""delay2""]",1,"{""now"": 0.9161087091678684, ""delay1"": 0.9160220907868802, ""delay2"": 0.9207723910397143, ""endpoint_only"": 0.920379636487128}",1,1,3.0668517660087673,3.0668517660087673,0,0.0,0.0
initial,initial/test-208,test-208,29,"[17, 43]",0.2,endpoint_only,delay2,"[""endpoint_only""]",1,"{""now"": 0.9163267528493293, ""delay1"": 0.9160714650964445, ""delay2"": 0.9195013286802234, ""endpoint_only"": 0.9204569055324013}",1,1,2.8172922219964676,2.758504923986038,0,0.05878729801042937,-0.0015174425168740235
initial,initial/test-210,test-210,29,"[17, 43]",0.2,delay2,delay2,"[""delay2""]",1,"{""now"": -0.17057394682502447, ""delay1"": -0.31262420179336653, ""delay2"": -0.04814819129931125, ""endpoint_only"": -0.661578707573354}",1,1,15.876662245980697,15.876662245980697,0,0.0,0.0
initial,initial/test-23,test-23,29,"[17, 43]",0.2,delay2,delay2,"[""delay2""]",1,"{""now"": 0.9379492942056475, ""delay1"": 0.9401056252591076, ""delay2"": 0.9419810882820235, ""endpoint_only"": 0.9414742268863326}",1,1,3.5812487980292644,3.5812487980292644,0,0.0,0.0
initial,initial/test-365,test-365,29,"[17, 43]",0.2,delay2,delay2,"[""delay2""]",1,"{""now"": 0.3225071423037754, ""delay1"": 0.8744535542146779, ""delay2"": 0.9107602137120472, ""endpoint_only"": 0.9085887896457397}",1,1,2.4589374189963564,2.4589374189963564,0,0.0,0.0
initial,initial/test-392,test-392,29,"[17, 43]",0.2,delay1,delay2,"[""delay1""]",1,"{""now"": -0.15392776998086222, ""delay1"": 0.7683304965960926, ""delay2"": 0.624741925432921, ""endpoint_only"": 0.0914033653030474}",1,1,6.405641155986814,6.69203671401192,0,-0.28639555802510586,0.007392562868156594
initial,initial/test-42,test-42,29,"[17, 43]",0.2,delay2,delay2,"[""delay2""]",1,"{""now"": 0.9311009698291743, ""delay1"": 0.9336678254933951, ""delay2"": 0.9366735176068084, ""endpoint_only"": 0.9364322782903668}",1,1,2.533020486982423,2.533020486982423,0,0.0,0.0
initial,initial/test-450,test-450,29,"[17, 43]",0.2,now,delay2,"[""now""]",1,"{""now"": -0.009716315427623162, ""delay1"": -0.46936865176206277, ""delay2"": -0.04887374484731227, ""endpoint_only"": -0.6508814360285581}",0,0,51.749361752008554,34.303541460001725,0,17.44582029200683,-0.4503188673195714
initial,initial/test-489,test-489,29,"[17, 43]",0.2,delay1,delay2,"[""delay1""]",1,"{""now"": 0.8491848705567986, ""delay1"": 0.87684082248605, ""delay2"": 0.7722583819819606, ""endpoint_only"": 0.7934391864115481}",1,1,2.819747664994793,2.624471552990144,0,0.1952761120046489,-0.005040549317866905
initial,initial/test-518,test-518,29,"[17, 43]",0.2,endpoint_only,delay2,"[""endpoint_only""]",1,"{""now"": 0.7973981358215481, ""delay1"": 0.7944471434680659, ""delay2"": 0.7970777680875927, ""endpoint_only"": 0.8036368582922413}",1,1,6.178927928995108,6.472839861002285,0,-0.2939119320071768,0.00758657868176138
initial,initial/test-788,test-788,29,"[17, 43]",0.2,endpoint_only,delay2,"[""endpoint_only""]",1,"{""now"": -0.18914130177053984, ""delay1"": -0.237254556680571, ""delay2"": 0.2530037901061708, ""endpoint_only"": 0.254634252220984}",0,0,12.454955676948885,12.355391947043245,0,0.09956372990563978,-0.0025699809654557426
initial,initial/test-80,test-80,29,"[17, 43]",0.2,endpoint_only,delay2,"[""endpoint_only""]",1,"{""now"": -0.08718500994776497, ""delay1"": -0.09998056132564066, ""delay2"": -0.08659817609481599, ""endpoint_only"": -0.08440603182961161}",0,0,2.9204256649973104,2.9718052849930245,0,-0.051379619995714165,0.0013262324093972905
initial,initial/test-903,test-903,29,"[17, 43]",0.2,endpoint_only,delay2,"[""endpoint_only""]",1,"{""now"": 0.7426019405396773, ""delay1"": 0.74143889091564, ""delay2"": 0.7406454401934123, ""endpoint_only"": 0.7473266486929586}",1,1,10.092201464009122,10.396314697994967,0,-0.304113233985845,0.007849898988592896
initial,initial/test-916,test-916,29,"[17, 43]",0.2,delay2,delay2,"[""delay2""]",1,"{""now"": 0.05321667271901831, ""delay1"": 0.11414853830173799, ""delay2"": 0.17717423387647555, ""endpoint_only"": -0.27490258635861503}",1,1,11.739959436963545,11.739959436963545,0,0.0,0.0
initial,initial/test-979,test-979,29,"[17, 43]",0.2,delay2,delay2,"[""delay2""]",1,"{""now"": -1.1926314339090174, ""delay1"": -0.4927038786482223, ""delay2"": -0.44219116700924255, ""endpoint_only"": -1.2098519358938562}",0,0,27.337808811062132,27.337808811062132,0,0.0,0.0
initial,initial/test-984,test-984,29,"[17, 43]",0.2,delay1,delay2,"[""delay1""]",1,"{""now"": -0.751565099349929, ""delay1"": -0.42384615512811646, ""delay2"": -1.0940101513465306, ""endpoint_only"": -1.248748706654243}",0,0,27.78915988400695,50.40638040196791,0,-22.61722051796096,0.5838052298539155
initial,initial/test-1149,test-1149,29,"[17, 43]",0.5,delay2,delay1,"[""delay2""]",1,"{""now"": 0.8064298185471548, ""delay1"": 0.8106243188157273, ""delay2"": 0.8210657948583784, ""endpoint_only"": 0.8197292940728793}",1,1,2.4183365030039568,2.0928249530261382,0,0.3255115499778185,-0.02100560335254198
initial,initial/test-1155,test-1155,29,"[17, 43]",0.5,delay2,delay1,"[""delay2""]",1,"{""now"": 0.880966574500027, ""delay1"": 0.8926694307588141, ""delay2"": 0.8943216326546928, ""endpoint_only"": 0.893295810789531}",1,1,2.0061419489939,1.9879990240151528,0,0.018142924978747033,-0.001170782068361187
initial,initial/test-135,test-135,29,"[17, 43]",0.5,endpoint_only,delay1,"[""endpoint_only""]",1,"{""now"": -0.7939253942145315, ""delay1"": 0.5787166745793992, ""delay2"": 0.5817006501034754, ""endpoint_only"": 0.5852175800498538}",1,1,7.662590952953906,7.7089175450237235,0,-0.04632659206981771,0.002989503806423821
initial,initial/test-159,test-159,29,"[17, 43]",0.5,delay2,delay1,"[""delay2""]",1,"{""now"": -0.35036779440958243, ""delay1"": -0.16825578949543968, ""delay2"": -0.15722105269431474, ""endpoint_only"": -0.24446721053843298}",0,0,2.6651186310191406,2.669835035034339,0,-0.00471640401519835,0.00030435452136903796
initial,initial/test-179,test-179,29,"[17, 43]",0.5,delay2,delay1,"[""delay2""]",1,"{""now"": 0.7902717729196708, ""delay1"": 0.7900552269672005, ""delay2"": 0.8019309775992859, ""endpoint_only"": 0.8009490912178197}",1,1,3.0668517660087673,3.2941796310042264,0,-0.2273278649954591,0.014669706692128859
initial,initial/test-208,test-208,29,"[17, 43]",0.5,endpoint_only,delay1,"[""endpoint_only""]",1,"{""now"": 0.7908168821233232, ""delay1"": 0.7901786627411111, ""delay2"": 0.7987533217005585, ""endpoint_only"": 0.8011422638310033}",1,1,2.8172922219964676,3.1792716729833046,0,-0.36197945098683704,0.023358915435469307
initial,initial/test-210,test-210,29,"[17, 43]",0.5,delay1,delay1,"[""delay1""]",1,"{""now"": -1.176434867062561, ""delay1"": -0.7815605044834162, ""delay2"": -0.8703704782482781, ""endpoint_only"": -1.653946768933385}",1,1,8.390717573973234,8.390717573973234,0,0.0,0.0
initial,initial/test-23,test-23,29,"[17, 43]",0.5,delay2,delay1,"[""delay2""]",1,"{""now"": 0.8448732355141191, ""delay1"": 0.8502640631477691, ""delay2"": 0.8549527207050589, ""endpoint_only"": 0.8536855672158317}",1,1,3.5812487980292644,2.661856181002804,0,0.9193926170264604,-0.059329374456388195
initial,initial/test-365,test-365,29,"[17, 43]",0.5,delay2,delay1,"[""delay2""]",1,"{""now"": 0.056267855759438656, ""delay1"": 0.6861338855366945, ""delay2"": 0.7769005342801178, ""endpoint_only"": 0.7714719741143492}",1,1,2.4589374189963564,2.6284875810088124,0,-0.16955016201245598,0.01094125063100082
initial,initial/test-392,test-392,29,"[17, 43]",0.5,delay1,delay1,"[""delay1""]",1,"{""now"": -1.1348194249521555, ""delay1"": 0.42082624149023184, ""delay2"": 0.061854813582302326, ""endpoint_only"": -0.5214915867423816}",1,1,6.405641155986814,6.405641155986814,0,0.0,0.0
initial,initial/test-42,test-42,29,"[17, 43]",0.5,delay2,delay1,"[""delay2""]",1,"{""now"": 0.8277524245729357, ""delay1"": 0.8341695637334877, ""delay2"": 0.8416837940170209, ""endpoint_only"": 0.8410806957259169}",1,1,2.533020486982423,2.715943906980101,0,-0.18292341999767814,0.011804241061871723
initial,initial/test-450,test-450,29,"[17, 43]",0.5,now,delay1,"[""now""]",1,"{""now"": -0.7742907885690578, ""delay1"": -1.1734216294051567, ""delay2"": -0.8721843621182807, ""endpoint_only"": -1.6272035900713953}",0,0,51.749361752008554,28.631579282009625,0,23.11778246999893,-1.4918148649049046
initial,initial/test-489,test-489,29,"[17, 43]",0.5,delay1,delay1,"[""delay1""]",1,"{""now"": 0.6229621763919964, ""delay1"": 0.692102056215125, ""delay2"": 0.4306459549549017, ""endpoint_only"": 0.48359796602887023}",1,1,2.819747664994793,2.819747664994793,0,0.0,0.0
initial,initial/test-518,test-518,29,"[17, 43]",0.5,endpoint_only,delay1,"[""endpoint_only""]",1,"{""now"": 0.49349533955387004, ""delay1"": 0.4861178586701649, ""delay2"": 0.4926944202189818, ""endpoint_only"": 0.5090921457306035}",1,1,6.178927928995108,6.42148203997931,0,-0.24255411098420154,0.01565227239159339
initial,initial/test-788,test-788,29,"[17, 43]",0.5,endpoint_only,delay1,"[""endpoint_only""]",1,"{""now"": -0.4728532544263496, ""delay1"": -0.5931363917014274, ""delay2"": -0.11749052473457289, ""endpoint_only"": -0.11341436944753996}",0,0,12.454955676948885,12.368826621008338,0,0.0861290559405461,-0.005557998744865733
initial,initial/test-80,test-80,29,"[17, 43]",0.5,endpoint_only,delay1,"[""endpoint_only""]",1,"{""now"": -0.2179625248694124, ""delay1"": -0.24995140331410165, ""delay2"": -0.21649544023703993, ""endpoint_only"": -0.211015079574029}",0,0,2.9204256649973104,3.0426170120044844,0,-0.12219134700717404,0.007885136390768377
initial,initial/test-903,test-903,29,"[17, 43]",0.5,endpoint_only,delay1,"[""endpoint_only""]",1,"{""now"": 0.35650485134919346, ""delay1"": 0.35359722728910015, ""delay2"": 0.35161360048353074, ""endpoint_only"": 0.36831662173239654}",1,1,10.092201464009122,10.392298020000453,0,-0.3000965559913311,0.01936554700761728
initial,initial/test-916,test-916,29,"[17, 43]",0.5,delay2,delay1,"[""delay2""]",1,"{""now"": -0.6169583182024541, ""delay1"": -0.464628654245655, ""delay2"": -0.3070644153088111, ""endpoint_only"": -1.4372564658965372}",1,1,11.739959436963545,19.948875904025044,0,-8.2089164670615,0.5297300303875366
initial,initial/test-979,test-979,29,"[17, 43]",0.5,delay2,delay1,"[""delay2""]",1,"{""now"": -2.981578584772543, ""delay1"": -1.2317596966205557, ""delay2"": -1.1054779175231064, ""endpoint_only"": -3.02462983973464}",0,0,27.337808811062132,12.656112600001507,0,14.681696211060626,-0.9474253284501672
initial,initial/test-984,test-984,29,"[17, 43]",0.5,delay1,delay1,"[""delay1""]",1,"{""now"": -1.8789127483748225, ""delay1"": -1.059615387820291, ""delay2"": -2.7350253783663265, ""endpoint_only"": -3.121871766635607}",0,0,27.78915988400695,27.78915988400695,0,0.0,0.0
initial,initial/test-1149,test-1149,29,"[17, 43]",1,delay2,delay1,"[""delay2""]",1,"{""now"": 0.6128596370943096, ""delay1"": 0.6212486376314547, ""delay2"": 0.6421315897167568, ""endpoint_only"": 0.6394585881457585}",1,1,2.4183365030039568,2.0928249530261382,0,0.3255115499778185,-0.04201120670508396
initial,initial/test-1155,test-1155,29,"[17, 43]",1,delay2,delay1,"[""delay2""]",1,"{""now"": 0.761933149000054, ""delay1"": 0.7853388615176281, ""delay2"": 0.7886432653093853, ""endpoint_only"": 0.7865916215790619}",1,1,2.0061419489939,1.9879990240151528,0,0.018142924978747033,-0.002341564136722374
initial,initial/test-135,test-135,29,"[17, 43]",1,endpoint_only,delay1,"[""endpoint_only""]",1,"{""now"": -1.587850788429063, ""delay1"": 0.15743334915879847, ""delay2"": 0.1634013002069507, ""endpoint_only"": 0.17043516009970777}",1,1,7.662590952953906,7.7089175450237235,0,-0.04632659206981771,0.005979007612847642
initial,initial/test-159,test-159,29,"[17, 43]",1,delay2,delay1,"[""delay2""]",1,"{""now"": -0.7007355888191649, ""delay1"": -0.33651157899087936, ""delay2"": -0.3144421053886295, ""endpoint_only"": -0.48893442107686597}",0,0,2.6651186310191406,2.669835035034339,0,-0.00471640401519835,0.0006087090427380759
initial,initial/test-179,test-179,29,"[17, 43]",1,delay2,delay1,"[""delay2""]",1,"{""now"": 0.5805435458393415, ""delay1"": 0.5801104539344012, ""delay2"": 0.6038619551985718, ""endpoint_only"": 0.6018981824356393}",1,1,3.0668517660087673,3.2941796310042264,0,-0.2273278649954591,0.029339413384257607
initial,initial/test-208,test-208,29,"[17, 43]",1,endpoint_only,delay1,"[""endpoint_only""]",1,"{""now"": 0.5816337642466466, ""delay1"": 0.5803573254822223, ""delay2"": 0.5975066434011169, ""endpoint_only"": 0.6022845276620066}",1,1,2.8172922219964676,3.1792716729833046,0,-0.36197945098683704,0.046717830870938615
initial,initial/test-210,test-210,29,"[17, 43]",1,delay1,delay1,"[""delay1""]",1,"{""now"": -2.852869734125122, ""delay1"": -1.5631210089668324, ""delay2"": -2.2407409564965564, ""endpoint_only"": -3.30789353786677}",1,1,8.390717573973234,8.390717573973234,0,0.0,0.0
initial,initial/test-23,test-23,29,"[17, 43]",1,delay2,delay1,"[""delay2""]",1,"{""now"": 0.6897464710282382, ""delay1"": 0.7005281262955383, ""delay2"": 0.7099054414101177, ""endpoint_only"": 0.7073711344316634}",1,1,3.5812487980292644,2.661856181002804,0,0.9193926170264604,-0.1186587489127765
initial,initial/test-365,test-365,29,"[17, 43]",1,delay2,delay1,"[""delay2""]",1,"{""now"": -0.3874642884811227, ""delay1"": 0.3722677710733892, ""delay2"": 0.5538010685602359, ""endpoint_only"": 0.5429439482286985}",1,1,2.4589374189963564,2.6284875810088124,0,-0.16955016201245598,0.02188250126200164
initial,initial/test-392,test-392,29,"[17, 43]",1,delay1,delay1,"[""delay1""]",1,"{""now"": -2.769638849904311, ""delay1"": -0.1583475170195363, ""delay2"": -0.8762903728353953, ""endpoint_only"": -1.5429831734847632}",1,1,6.405641155986814,6.405641155986814,0,0.0,0.0
initial,initial/test-42,test-42,29,"[17, 43]",1,delay2,delay1,"[""delay2""]",1,"{""now"": 0.6555048491458715, ""delay1"": 0.6683391274669754, ""delay2"": 0.6833675880340417, ""endpoint_only"": 0.6821613914518339}",1,1,2.533020486982423,2.715943906980101,0,-0.18292341999767814,0.023608482123743446
initial,initial/test-450,test-450,29,"[17, 43]",1,now,delay1,"[""now""]",1,"{""now"": -2.0485815771381155, ""delay1"": -2.3468432588103134, ""delay2"": -2.244368724236561, ""endpoint_only"": -3.2544071801427905}",0,0,51.749361752008554,28.631579282009625,0,23.11778246999893,-2.983629729809809
initial,initial/test-489,test-489,29,"[17, 43]",1,delay1,delay1,"[""delay1""]",1,"{""now"": 0.2459243527839926, ""delay1"": 0.3842041124302501, ""delay2"": -0.13870809009019658, ""endpoint_only"": -0.03280406794225954}",1,1,2.819747664994793,2.819747664994793,0,0.0,0.0
initial,initial/test-518,test-518,29,"[17, 43]",1,endpoint_only,delay1,"[""endpoint_only""]",1,"{""now"": -0.013009320892259923, ""delay1"": -0.027764282659670236, ""delay2"": -0.014611159562036402, ""endpoint_only"": 0.01818429146120687}",1,1,6.178927928995108,6.42148203997931,0,-0.24255411098420154,0.03130454478318678
initial,initial/test-788,test-788,29,"[17, 43]",1,endpoint_only,delay1,"[""endpoint_only""]",1,"{""now"": -0.9457065088526992, ""delay1"": -1.1862727834028548, ""delay2"": -0.7349810494691458, ""endpoint_only"": -0.7268287388950799}",0,0,12.454955676948885,12.368826621008338,0,0.0861290559405461,-0.011115997489731466
initial,initial/test-80,test-80,29,"[17, 43]",1,endpoint_only,delay1,"[""endpoint_only""]",1,"{""now"": -0.4359250497388248, ""delay1"": -0.4999028066282033, ""delay2"": -0.43299088047407985, ""endpoint_only"": -0.422030159148058}",0,0,2.9204256649973104,3.0426170120044844,0,-0.12219134700717404,0.015770272781536754
initial,initial/test-903,test-903,29,"[17, 43]",1,endpoint_only,delay1,"[""endpoint_only""]",1,"{""now"": -0.2869902973016131, ""delay1"": -0.2928055454217997, ""delay2"": -0.2967727990329385, ""endpoint_only"": -0.2633667565352069}",1,1,10.092201464009122,10.392298020000453,0,-0.3000965559913311,0.03873109401523456
initial,initial/test-916,test-916,29,"[17, 43]",1,delay2,delay1,"[""delay2""]",1,"{""now"": -1.7339166364049081, ""delay1"": -1.42925730849131, ""delay2"": -1.1141288306176222, ""endpoint_only"": -3.3745129317930744}",1,1,11.739959436963545,19.948875904025044,0,-8.2089164670615,1.0594600607750733
initial,initial/test-979,test-979,29,"[17, 43]",1,delay2,delay1,"[""delay2""]",1,"{""now"": -5.963157169545086, ""delay1"": -2.4635193932411115, ""delay2"": -2.210955835046213, ""endpoint_only"": -6.04925967946928}",0,0,27.337808811062132,12.656112600001507,0,14.681696211060626,-1.8948506569003345
initial,initial/test-984,test-984,29,"[17, 43]",1,delay1,delay1,"[""delay1""]",1,"{""now"": -3.757825496749645, ""delay1"": -2.119230775640582, ""delay2"": -5.470050756732653, ""endpoint_only"": -6.243743533271214}",0,0,27.78915988400695,27.78915988400695,0,0.0,0.0
initial,initial/test-1149,test-1149,43,"[17, 29]",0,now,delay2,"[""now"", ""delay1"", ""delay2"", ""endpoint_only""]",4,"{""now"": 1.0, ""delay1"": 1.0, ""delay2"": 1.0, ""endpoint_only"": 1.0}",1,1,3.2458466779935407,3.0194176559889456,0,0.22642902200459503,0.0
initial,initial/test-1155,test-1155,43,"[17, 29]",0,now,delay2,"[""now"", ""delay1"", ""delay2"", ""endpoint_only""]",4,"{""now"": 1.0, ""delay1"": 1.0, ""delay2"": 1.0, ""endpoint_only"": 1.0}",1,1,1.8301611739880173,1.6423231170047075,0,0.1878380569833098,0.0
initial,initial/test-135,test-135,43,"[17, 29]",0,delay1,delay2,"[""delay1"", ""delay2"", ""endpoint_only""]",3,"{""now"": 0.0, ""delay1"": 1.0, ""delay2"": 1.0, ""endpoint_only"": 1.0}",1,1,4.354686081991531,4.354138108974439,0,0.0005479730170918629,0.0
initial,initial/test-159,test-159,43,"[17, 29]",0,now,delay2,"[""now"", ""delay1"", ""delay2"", ""endpoint_only""]",4,"{""now"": 0.0, ""delay1"": 0.0, ""delay2"": 0.0, ""endpoint_only"": 0.0}",0,0,7.687102895055432,2.168346450998797,0,5.518756444056635,0.0
initial,initial/test-179,test-179,43,"[17, 29]",0,now,delay2,"[""now"", ""delay1"", ""delay2"", ""endpoint_only""]",4,"{""now"": 1.0, ""delay1"": 1.0, ""delay2"": 1.0, ""endpoint_only"": 1.0}",1,1,3.223850824011606,3.063901294997777,0,0.1599495290138293,0.0
initial,initial/test-208,test-208,43,"[17, 29]",0,now,delay2,"[""now"", ""delay1"", ""delay2"", ""endpoint_only""]",4,"{""now"": 1.0, ""delay1"": 1.0, ""delay2"": 1.0, ""endpoint_only"": 1.0}",1,1,3.238027052997495,3.16081106501224,0,0.0772159879852552,0.0
initial,initial/test-210,test-210,43,"[17, 29]",0,now,delay2,"[""now""]",1,"{""now"": 1.0, ""delay1"": 0.5, ""delay2"": 0.5, ""endpoint_only"": 0.5}",0,1,34.46555686101783,19.81301330200222,-1,14.652543559015612,-1.0
initial,initial/test-23,test-23,43,"[17, 29]",0,now,delay2,"[""now"", ""delay1"", ""delay2"", ""endpoint_only""]",4,"{""now"": 1.0, ""delay1"": 1.0, ""delay2"": 1.0, ""endpoint_only"": 1.0}",1,1,2.410569511979702,2.252249404991744,0,0.15832010698795784,0.0
initial,initial/test-365,test-365,43,"[17, 29]",0,delay1,delay2,"[""delay1"", ""delay2"", ""endpoint_only""]",3,"{""now"": 0.5, ""delay1"": 1.0, ""delay2"": 1.0, ""endpoint_only"": 1.0}",1,1,3.7627082129765768,3.6215144420275465,0,0.1411937709490303,0.0
initial,initial/test-392,test-392,43,"[17, 29]",0,now,delay2,"[""now"", ""delay1"", ""delay2""]",3,"{""now"": 1.0, ""delay1"": 1.0, ""delay2"": 1.0, ""endpoint_only"": 0.5}",0,1,36.82535763498163,10.436719383986201,-1,26.388638250995427,-1.0
initial,initial/test-42,test-42,43,"[17, 29]",0,now,delay2,"[""now"", ""delay1"", ""delay2"", ""endpoint_only""]",4,"{""now"": 1.0, ""delay1"": 1.0, ""delay2"": 1.0, ""endpoint_only"": 1.0}",1,1,2.455865891999565,2.194947577008861,0,0.26091831499070395,0.0
initial,initial/test-450,test-450,43,"[17, 29]",0,now,delay2,"[""now"", ""delay1"", ""delay2"", ""endpoint_only""]",4,"{""now"": 0.0, ""delay1"": 0.0, ""delay2"": 0.0, ""endpoint_only"": 0.0}",1,1,25.99541385800694,16.98567105695838,0,9.00974280104856,0.0
initial,initial/test-489,test-489,43,"[17, 29]",0,now,delay2,"[""now"", ""delay1"", ""delay2"", ""endpoint_only""]",4,"{""now"": 1.0, ""delay1"": 1.0, ""delay2"": 1.0, ""endpoint_only"": 1.0}",1,1,3.33777044400631,3.378450600008364,0,-0.04068015600205399,0.0
initial,initial/test-518,test-518,43,"[17, 29]",0,now,delay2,"[""now"", ""delay1"", ""delay2"", ""endpoint_only""]",4,"{""now"": 1.0, ""delay1"": 1.0, ""delay2"": 1.0, ""endpoint_only"": 1.0}",1,1,7.709552636995795,7.83351522803423,0,-0.12396259103843477,0.0
initial,initial/test-788,test-788,43,"[17, 29]",0,delay2,delay2,"[""delay2"", ""endpoint_only""]",2,"{""now"": 0.0, ""delay1"": 0.0, ""delay2"": 0.5, ""endpoint_only"": 0.5}",0,0,11.106771497026784,11.106771497026784,0,0.0,0.0
initial,initial/test-80,test-80,43,"[17, 29]",0,now,delay2,"[""now"", ""delay1"", ""delay2"", ""endpoint_only""]",4,"{""now"": 0.0, ""delay1"": 0.0, ""delay2"": 0.0, ""endpoint_only"": 0.0}",0,0,3.4135606700001517,3.3294863229966722,0,0.08407434700347949,0.0
initial,initial/test-903,test-903,43,"[17, 29]",0,now,delay2,"[""now"", ""delay1"", ""delay2"", ""endpoint_only""]",4,"{""now"": 1.0, ""delay1"": 1.0, ""delay2"": 1.0, ""endpoint_only"": 1.0}",1,1,10.106937337986892,10.301574250974227,0,-0.19463691298733465,0.0
initial,initial/test-916,test-916,43,"[17, 29]",0,delay1,delay2,"[""delay1"", ""delay2""]",2,"{""now"": 0.0, ""delay1"": 0.5, ""delay2"": 0.5, ""endpoint_only"": 0.0}",1,1,19.190034709026804,6.263362273020903,0,12.926672436005902,0.0
initial,initial/test-979,test-979,43,"[17, 29]",0,endpoint_only,delay2,"[""endpoint_only""]",1,"{""now"": 0.0, ""delay1"": 0.0, ""delay2"": 0.0, ""endpoint_only"": 0.5}",0,0,53.067736697004875,19.91581517099985,0,33.151921526005026,0.0
initial,initial/test-984,test-984,43,"[17, 29]",0,now,delay2,"[""now"", ""delay1"", ""delay2"", ""endpoint_only""]",4,"{""now"": 0.0, ""delay1"": 0.0, ""delay2"": 0.0, ""endpoint_only"": 0.0}",0,0,30.524500846033334,51.36422183501418,0,-20.839720988980844,0.0
initial,initial/test-1149,test-1149,43,"[17, 29]",0.05,delay1,delay2,"[""delay1""]",1,"{""now"": 0.9833925620056151, ""delay1"": 0.9847307741792432, ""delay2"": 0.9840459994976856, ""endpoint_only"": 0.9844555219058944}",1,1,3.2297480559936957,3.0194176559889456,0,0.21033040000475012,-0.001357284236391143
initial,initial/test-1155,test-1155,43,"[17, 29]",0.05,endpoint_only,delay2,"[""endpoint_only""]",1,"{""now"": 0.9871060472989165, ""delay1"": 0.9882505491679616, ""delay2"": 0.9882582826339723, ""endpoint_only"": 0.9883486866362177}",1,1,1.6813042249996215,1.6423231170047075,0,0.038981107994914055,-0.0002515491978209994
initial,initial/test-135,test-135,43,"[17, 29]",0.05,endpoint_only,delay2,"[""endpoint_only""]",1,"{""now"": -0.10538388837303883, ""delay1"": 0.9470490629036818, ""delay2"": 0.9475329205300951, ""endpoint_only"": 0.9477521550027597}",1,1,4.324786170996958,4.354138108974439,0,-0.029351937977480702,0.000189411148951657
initial,initial/test-159,test-159,43,"[17, 29]",0.05,endpoint_only,delay2,"[""endpoint_only""]",1,"{""now"": -0.019192766918539862, ""delay1"": -0.0182442520259592, ""delay2"": -0.017324966883834406, ""endpoint_only"": -0.017108451572438656}",0,0,4.713337118984782,2.168346450998797,0,2.544990667985985,-0.01642309297819918
initial,initial/test-179,test-179,43,"[17, 29]",0.05,endpoint_only,delay2,"[""endpoint_only""]",1,"{""now"": 0.9788659329187217, ""delay1"": 0.9787400193069651, ""delay2"": 0.9801835779097475, ""endpoint_only"": 0.9802770206890747}",1,1,3.0810909749998245,3.063901294997777,0,0.01718968000204768,-0.00011092681654600867
initial,initial/test-208,test-208,43,"[17, 29]",0.05,delay2,delay2,"[""delay2""]",1,"{""now"": 0.9797315706499337, ""delay1"": 0.9792085985933421, ""delay2"": 0.9811733941321066, ""endpoint_only"": 0.9808913488649884}",1,1,3.16081106501224,3.16081106501224,0,0.0,0.0
initial,initial/test-210,test-210,43,"[17, 29]",0.05,now,delay2,"[""now""]",1,"{""now"": 0.9104526674313421, ""delay1"": 0.42149385300044745, ""delay2"": 0.37566379626884294, ""endpoint_only"": 0.3460496103698919}",0,1,34.46555686101783,19.81301330200222,-1,14.652543559015612,-1.0945544077091887
initial,initial/test-23,test-23,43,"[17, 29]",0.05,delay1,delay2,"[""delay1""]",1,"{""now"": 0.9804543413871707, ""delay1"": 0.9841638976136282, ""delay2"": 0.9812071855021771, ""endpoint_only"": 0.9816756249819287}",1,1,2.3945403229736257,2.252249404991744,0,0.14229091798188165,-0.0009182182887212953
initial,initial/test-365,test-365,43,"[17, 29]",0.05,delay2,delay2,"[""delay2""]",1,"{""now"": 0.45921435438587244, ""delay1"": 0.9722730111862623, ""delay2"": 0.9814411694505056, ""endpoint_only"": 0.9812661257243648}",1,1,3.6215144420275465,3.6215144420275465,0,0.0,0.0
initial,initial/test-392,test-392,43,"[17, 29]",0.05,delay1,delay2,"[""delay1""]",1,"{""now"": 0.9332588236830037, ""delay1"": 0.95503171061764, ""delay2"": 0.918267897305065, ""endpoint_only"": 0.4193178138597843}",1,1,10.418929549996392,10.436719383986201,0,-0.017789833989809267,0.00011479967347494124
initial,initial/test-42,test-42,43,"[17, 29]",0.05,delay2,delay2,"[""delay2""]",1,"{""now"": 0.9818352603929373, ""delay1"": 0.9818017054484844, ""delay2"": 0.9830775693441745, ""endpoint_only"": 0.9829775459332933}",1,1,2.194947577008861,2.194947577008861,0,0.0,0.0
initial,initial/test-450,test-450,43,"[17, 29]",0.05,delay1,delay2,"[""delay1""]",1,"{""now"": -0.21052554874565402, ""delay1"": -0.15797527626392488, ""delay2"": -0.19309545756818905, ""endpoint_only"": -0.18091485230864085}",0,1,16.038227425990044,16.98567105695838,-1,-0.947443630968337,-0.993886046405306
initial,initial/test-489,test-489,43,"[17, 29]",0.05,delay1,delay2,"[""delay1""]",1,"{""now"": 0.9638059316490004, ""delay1"": 0.9710098779415436, ""delay2"": 0.9454973486188235, ""endpoint_only"": 0.9500430699763287}",1,1,3.3775170530134346,3.378450600008364,0,-0.0009335469949292019,6.024277137806067e-06
initial,initial/test-518,test-518,43,"[17, 29]",0.05,endpoint_only,delay2,"[""endpoint_only""]",1,"{""now"": 0.9528671834427211, ""delay1"": 0.9523658010471665, ""delay2"": 0.9536597327893679, ""endpoint_only"": 0.9553383112994052}",1,1,7.551630361005664,7.83351522803423,0,-0.2818848670285661,0.0018190327526902417
initial,initial/test-788,test-788,43,"[17, 29]",0.05,delay2,delay2,"[""delay2""]",1,"{""now"": -0.025973050012840584, ""delay1"": -0.07165604864226248, ""delay2"": 0.43422220785314164, ""endpoint_only"": 0.43396793084412966}",0,0,11.106771497026784,11.106771497026784,0,0.0,0.0
initial,initial/test-80,test-80,43,"[17, 29]",0.05,endpoint_only,delay2,"[""endpoint_only""]",1,"{""now"": -0.020439862534844873, ""delay1"": -0.023487520015571688, ""delay2"": -0.020495467307909722, ""endpoint_only"": -0.019836146061587512}",0,0,3.312597129988717,3.3294863229966722,0,-0.016889193007955328,0.00010898774230709216
initial,initial/test-903,test-903,43,"[17, 29]",0.05,endpoint_only,delay2,"[""endpoint_only""]",1,"{""now"": 0.9350046430575072, ""delay1"": 0.9345294183858986, ""delay2"": 0.9348556750040442, ""endpoint_only"": 0.9367097218804679}",1,1,10.054408716008766,10.301574250974227,0,-0.24716553496546112,0.0015949852440740875
initial,initial/test-916,test-916,43,"[17, 29]",0.05,delay2,delay2,"[""delay2""]",1,"{""now"": -0.1556523621344564, ""delay1"": 0.4010886934754508, ""delay2"": 0.4016230291506854, ""endpoint_only"": -0.21193169646719404}",1,1,6.263362273020903,6.263362273020903,0,0.0,0.0
initial,initial/test-979,test-979,43,"[17, 29]",0.05,endpoint_only,delay2,"[""endpoint_only""]",1,"{""now"": -0.29828069442890287, ""delay1"": -0.10809819986997701, ""delay2"": -0.13449524530639517, ""endpoint_only"": 0.2285841814978537}",0,0,53.067736697004875,19.91581517099985,0,33.151921526005026,-0.21393284324237122
initial,initial/test-984,test-984,43,"[17, 29]",0.05,delay1,delay2,"[""delay1""]",1,"{""now"": -0.199717558623486, ""delay1"": -0.14523982882539593, ""delay2"": -0.27041201198300757, ""endpoint_only"": -0.2053868333530972}",0,0,15.615706107972073,51.36422183501418,0,-35.748515727042104,0.23068893925746262
initial,initial/test-1149,test-1149,43,"[17, 29]",0.1,delay1,delay1,"[""delay1""]",1,"{""now"": 0.9667851240112302, ""delay1"": 0.9694615483584863, ""delay2"": 0.9680919989953711, ""endpoint_only"": 0.9689110438117889}",1,1,3.2297480559936957,3.2297480559936957,0,0.0,0.0
initial,initial/test-1155,test-1155,43,"[17, 29]",0.1,endpoint_only,delay1,"[""endpoint_only""]",1,"{""now"": 0.974212094597833, ""delay1"": 0.9765010983359232, ""delay2"": 0.9765165652679446, ""endpoint_only"": 0.9766973732724353}",1,1,1.6813042249996215,1.672989785001846,0,0.00831443999777548,-0.00010730791500557224
initial,initial/test-135,test-135,43,"[17, 29]",0.1,endpoint_only,delay1,"[""endpoint_only""]",1,"{""now"": -0.21076777674607766, ""delay1"": 0.8940981258073637, ""delay2"": 0.89506584106019, ""endpoint_only"": 0.8955043100055193}",1,1,4.324786170996958,4.354686081991531,0,-0.029899910994572565,0.0003858945531555191
initial,initial/test-159,test-159,43,"[17, 29]",0.1,endpoint_only,delay1,"[""endpoint_only""]",1,"{""now"": -0.038385533837079724, ""delay1"": -0.0364885040519184, ""delay2"": -0.03464993376766881, ""endpoint_only"": -0.03421690314487731}",0,0,4.713337118984782,2.2301480960159097,0,2.4831890229688725,-0.03204856090017376
initial,initial/test-179,test-179,43,"[17, 29]",0.1,endpoint_only,delay1,"[""endpoint_only""]",1,"{""now"": 0.9577318658374433, ""delay1"": 0.9574800386139302, ""delay2"": 0.960367155819495, ""endpoint_only"": 0.9605540413781493}",1,1,3.0810909749998245,3.2118926159892,0,-0.1308016409893753,0.001688153547037996
initial,initial/test-208,test-208,43,"[17, 29]",0.1,delay2,delay1,"[""delay2""]",1,"{""now"": 0.9594631412998673, ""delay1"": 0.9584171971866842, ""delay2"": 0.9623467882642134, ""endpoint_only"": 0.9617826977299767}",1,1,3.16081106501224,3.2383850170008373,0,-0.0775739519885974,0.0010011857742514563
initial,initial/test-210,test-210,43,"[17, 29]",0.1,now,delay1,"[""now""]",1,"{""now"": 0.8209053348626842, ""delay1"": 0.3429877060008949, ""delay2"": 0.2513275925376859, ""endpoint_only"": 0.19209922073978386}",0,0,34.46555686101783,8.282212743986747,0,26.183344117031083,-0.33792775771117606
initial,initial/test-23,test-23,43,"[17, 29]",0.1,delay1,delay1,"[""delay1""]",1,"{""now"": 0.9609086827743415, ""delay1"": 0.9683277952272564, ""delay2"": 0.9624143710043542, ""endpoint_only"": 0.9633512499638575}",1,1,2.3945403229736257,2.3945403229736257,0,0.0,0.0
initial,initial/test-365,test-365,43,"[17, 29]",0.1,delay2,delay1,"[""delay2""]",1,"{""now"": 0.4184287087717449, ""delay1"": 0.9445460223725246, ""delay2"": 0.9628823389010113, ""endpoint_only"": 0.9625322514487296}",1,1,3.6215144420275465,3.7627082129765768,0,-0.1411937709490303,0.0018222765665962815
initial,initial/test-392,test-392,43,"[17, 29]",0.1,delay1,delay1,"[""delay1""]",1,"{""now"": 0.8665176473660073, ""delay1"": 0.9100634212352801, ""delay2"": 0.83653579461013, ""endpoint_only"": 0.3386356277195685}",1,1,10.418929549996392,10.418929549996392,0,0.0,0.0
initial,initial/test-42,test-42,43,"[17, 29]",0.1,delay2,delay1,"[""delay2""]",1,"{""now"": 0.9636705207858747, ""delay1"": 0.9636034108969689, ""delay2"": 0.9661551386883489, ""endpoint_only"": 0.9659550918665867}",1,1,2.194947577008861,2.2153319289936917,0,-0.020384351984830573,0.0002630847430274974
initial,initial/test-450,test-450,43,"[17, 29]",0.1,delay1,delay1,"[""delay1""]",1,"{""now"": -0.42105109749130804, ""delay1"": -0.31595055252784976, ""delay2"": -0.3861909151363781, ""endpoint_only"": -0.3618297046172817}",0,0,16.038227425990044,16.038227425990044,0,0.0,0.0
initial,initial/test-489,test-489,43,"[17, 29]",0.1,delay1,delay1,"[""delay1""]",1,"{""now"": 0.9276118632980008, ""delay1"": 0.9420197558830872, ""delay2"": 0.890994697237647, ""endpoint_only"": 0.9000861399526574}",1,1,3.3775170530134346,3.3775170530134346,0,0.0,0.0
initial,initial/test-518,test-518,43,"[17, 29]",0.1,endpoint_only,delay1,"[""endpoint_only""]",1,"{""now"": 0.9057343668854422, ""delay1"": 0.904731602094333, ""delay2"": 0.9073194655787358, ""endpoint_only"": 0.9106766225988103}",1,1,7.551630361005664,7.584957594022853,0,-0.03332723301718943,0.00043012829353961113
initial,initial/test-788,test-788,43,"[17, 29]",0.1,delay2,delay1,"[""delay2""]",1,"{""now"": -0.05194610002568117, ""delay1"": -0.14331209728452496, ""delay2"": 0.3684444157062833, ""endpoint_only"": 0.36793586168825937}",0,0,11.106771497026784,8.543564598963712,0,2.563206898063072,-0.03308128846111992
initial,initial/test-80,test-80,43,"[17, 29]",0.1,endpoint_only,delay1,"[""endpoint_only""]",1,"{""now"": -0.040879725069689746, ""delay1"": -0.046975040031143375, ""delay2"": -0.040990934615819444, ""endpoint_only"": -0.039672292123175024}",0,0,3.312597129988717,3.509871217989712,0,-0.1972740880009951,0.002546060958246027
initial,initial/test-903,test-903,43,"[17, 29]",0.1,endpoint_only,delay1,"[""endpoint_only""]",1,"{""now"": 0.8700092861150144, ""delay1"": 0.8690588367717973, ""delay2"": 0.8697113500080884, ""endpoint_only"": 0.8734194437609357}",1,1,10.054408716008766,10.134963204036467,0,-0.08055448802770115,0.0010396532005652048
initial,initial/test-916,test-916,43,"[17, 29]",0.1,delay2,delay1,"[""delay2""]",1,"{""now"": -0.3113047242689128, ""delay1"": 0.30217738695090157, ""delay2"": 0.3032460583013708, ""endpoint_only"": -0.4238633929343881}",1,1,6.263362273020903,19.190034709026804,0,-12.926672436005902,0.16683435895130638
initial,initial/test-979,test-979,43,"[17, 29]",0.1,endpoint_only,delay1,"[""endpoint_only""]",1,"{""now"": -0.5965613888578057, ""delay1"": -0.21619639973995403, ""delay2"": -0.26899049061279035, ""endpoint_only"": -0.0428316370042926}",0,0,53.067736697004875,17.32914020397584,0,35.738596493029036,-0.4612498587901236
initial,initial/test-984,test-984,43,"[17, 29]",0.1,delay1,delay1,"[""delay1""]",1,"{""now"": -0.399435117246972, ""delay1"": -0.29047965765079187, ""delay2"": -0.5408240239660151, ""endpoint_only"": -0.4107736667061944}",0,0,15.615706107972073,15.615706107972073,0,0.0,0.0
initial,initial/test-1149,test-1149,43,"[17, 29]",0.2,delay1,delay1,"[""delay1""]",1,"{""now"": 0.9335702480224604, ""delay1"": 0.9389230967169726, ""delay2"": 0.9361839979907424, ""endpoint_only"": 0.9378220876235777}",1,1,3.2297480559936957,3.2297480559936957,0,0.0,0.0
initial,initial/test-1155,test-1155,43,"[17, 29]",0.2,endpoint_only,delay1,"[""endpoint_only""]",1,"{""now"": 0.9484241891956658, ""delay1"": 0.9530021966718465, ""delay2"": 0.9530331305358893, ""endpoint_only"": 0.9533947465448706}",1,1,1.6813042249996215,1.672989785001846,0,0.00831443999777548,-0.00021461583001114448
initial,initial/test-135,test-135,43,"[17, 29]",0.2,endpoint_only,delay1,"[""endpoint_only""]",1,"{""now"": -0.4215355534921553, ""delay1"": 0.7881962516147274, ""delay2"": 0.7901316821203801, ""endpoint_only"": 0.7910086200110384}",1,1,4.324786170996958,4.354686081991531,0,-0.029899910994572565,0.0007717891063110383
initial,initial/test-159,test-159,43,"[17, 29]",0.2,endpoint_only,delay1,"[""endpoint_only""]",1,"{""now"": -0.07677106767415945, ""delay1"": -0.0729770081038368, ""delay2"": -0.06929986753533762, ""endpoint_only"": -0.06843380628975462}",0,0,4.713337118984782,2.2301480960159097,0,2.4831890229688725,-0.06409712180034752
initial,initial/test-179,test-179,43,"[17, 29]",0.2,endpoint_only,delay1,"[""endpoint_only""]",1,"{""now"": 0.9154637316748866, ""delay1"": 0.9149600772278602, ""delay2"": 0.92073431163899, ""endpoint_only"": 0.9211080827562987}",1,1,3.0810909749998245,3.2118926159892,0,-0.1308016409893753,0.003376307094075992
initial,initial/test-208,test-208,43,"[17, 29]",0.2,delay2,delay1,"[""delay2""]",1,"{""now"": 0.9189262825997349, ""delay1"": 0.9168343943733683, ""delay2"": 0.9246935765284267, ""endpoint_only"": 0.9235653954599534}",1,1,3.16081106501224,3.2383850170008373,0,-0.0775739519885974,0.0020023715485028015
initial,initial/test-210,test-210,43,"[17, 29]",0.2,now,delay1,"[""now""]",1,"{""now"": 0.6418106697253685, ""delay1"": 0.18597541200178977, ""delay2"": 0.0026551850753718242, ""endpoint_only"": -0.11580155852043228}",0,0,34.46555686101783,8.282212743986747,0,26.183344117031083,-0.6758555154223521
initial,initial/test-23,test-23,43,"[17, 29]",0.2,delay1,delay1,"[""delay1""]",1,"{""now"": 0.921817365548683, ""delay1"": 0.9366555904545129, ""delay2"": 0.9248287420087085, ""endpoint_only"": 0.9267024999277147}",1,1,2.3945403229736257,2.3945403229736257,0,0.0,0.0
initial,initial/test-365,test-365,43,"[17, 29]",0.2,delay2,delay1,"[""delay2""]",1,"{""now"": 0.33685741754348975, ""delay1"": 0.8890920447450494, ""delay2"": 0.9257646778020228, ""endpoint_only"": 0.925064502897459}",1,1,3.6215144420275465,3.7627082129765768,0,-0.1411937709490303,0.003644553133192452
initial,initial/test-392,test-392,43,"[17, 29]",0.2,delay1,delay1,"[""delay1""]",1,"{""now"": 0.7330352947320147, ""delay1"": 0.8201268424705601, ""delay2"": 0.6730715892202598, ""endpoint_only"": 0.177271255439137}",1,1,10.418929549996392,10.418929549996392,0,0.0,0.0
initial,initial/test-42,test-42,43,"[17, 29]",0.2,delay2,delay1,"[""delay2""]",1,"{""now"": 0.9273410415717492, ""delay1"": 0.9272068217939378, ""delay2"": 0.9323102773766978, ""endpoint_only"": 0.9319101837331735}",1,1,2.194947577008861,2.2153319289936917,0,-0.020384351984830573,0.0005261694860548838
initial,initial/test-450,test-450,43,"[17, 29]",0.2,delay1,delay1,"[""delay1""]",1,"{""now"": -0.8421021949826161, ""delay1"": -0.6319011050556995, ""delay2"": -0.7723818302727562, ""endpoint_only"": -0.7236594092345634}",0,0,16.038227425990044,16.038227425990044,0,0.0,0.0
initial,initial/test-489,test-489,43,"[17, 29]",0.2,delay1,delay1,"[""delay1""]",1,"{""now"": 0.8552237265960017, ""delay1"": 0.8840395117661741, ""delay2"": 0.781989394475294, ""endpoint_only"": 0.8001722799053147}",1,1,3.3775170530134346,3.3775170530134346,0,0.0,0.0
initial,initial/test-518,test-518,43,"[17, 29]",0.2,endpoint_only,delay1,"[""endpoint_only""]",1,"{""now"": 0.8114687337708844, ""delay1"": 0.8094632041886659, ""delay2"": 0.8146389311574715, ""endpoint_only"": 0.8213532451976204}",1,1,7.551630361005664,7.584957594022853,0,-0.03332723301718943,0.0008602565870791112
initial,initial/test-788,test-788,43,"[17, 29]",0.2,delay2,delay1,"[""delay2""]",1,"{""now"": -0.10389220005136234, ""delay1"": -0.2866241945690499, ""delay2"": 0.23688883141256656, ""endpoint_only"": 0.2358717233765187}",0,0,11.106771497026784,8.543564598963712,0,2.563206898063072,-0.06616257692223984
initial,initial/test-80,test-80,43,"[17, 29]",0.2,endpoint_only,delay1,"[""endpoint_only""]",1,"{""now"": -0.08175945013937949, ""delay1"": -0.09395008006228675, ""delay2"": -0.08198186923163889, ""endpoint_only"": -0.07934458424635005}",0,0,3.312597129988717,3.509871217989712,0,-0.1972740880009951,0.005092121916492054
initial,initial/test-903,test-903,43,"[17, 29]",0.2,endpoint_only,delay1,"[""endpoint_only""]",1,"{""now"": 0.7400185722300288, ""delay1"": 0.7381176735435946, ""delay2"": 0.7394227000161769, ""endpoint_only"": 0.7468388875218714}",1,1,10.054408716008766,10.134963204036467,0,-0.08055448802770115,0.0020793064011305207
initial,initial/test-916,test-916,43,"[17, 29]",0.2,delay2,delay1,"[""delay2""]",1,"{""now"": -0.6226094485378256, ""delay1"": 0.10435477390180309, ""delay2"": 0.10649211660274158, ""endpoint_only"": -0.8477267858687761}",1,1,6.263362273020903,19.190034709026804,0,-12.926672436005902,0.33366871790261277
initial,initial/test-979,test-979,43,"[17, 29]",0.2,delay1,delay1,"[""delay1""]",1,"{""now"": -1.1931227777156115, ""delay1"": -0.43239279947990805, ""delay2"": -0.5379809812255807, ""endpoint_only"": -0.5856632740085852}",0,0,17.32914020397584,17.32914020397584,0,0.0,0.0
initial,initial/test-984,test-984,43,"[17, 29]",0.2,delay1,delay1,"[""delay1""]",1,"{""now"": -0.798870234493944, ""delay1"": -0.5809593153015837, ""delay2"": -1.0816480479320303, ""endpoint_only"": -0.8215473334123888}",0,0,15.615706107972073,15.615706107972073,0,0.0,0.0
initial,initial/test-1149,test-1149,43,"[17, 29]",0.5,delay1,delay1,"[""delay1""]",1,"{""now"": 0.833925620056151, ""delay1"": 0.8473077417924314, ""delay2"": 0.840459994976856, ""endpoint_only"": 0.8445552190589443}",1,1,3.2297480559936957,3.2297480559936957,0,0.0,0.0
initial,initial/test-1155,test-1155,43,"[17, 29]",0.5,endpoint_only,delay1,"[""endpoint_only""]",1,"{""now"": 0.8710604729891647, ""delay1"": 0.8825054916796162, ""delay2"": 0.8825828263397235, ""endpoint_only"": 0.8834868663621764}",1,1,1.6813042249996215,1.672989785001846,0,0.00831443999777548,-0.0005365395750279722
initial,initial/test-135,test-135,43,"[17, 29]",0.5,endpoint_only,delay1,"[""endpoint_only""]",1,"{""now"": -1.0538388837303883, ""delay1"": 0.47049062903681865, ""delay2"": 0.47532920530095013, ""endpoint_only"": 0.47752155002759633}",1,1,4.324786170996958,4.354686081991531,0,-0.029899910994572565,0.0019294727657777067
initial,initial/test-159,test-159,43,"[17, 29]",0.5,endpoint_only,delay1,"[""endpoint_only""]",1,"{""now"": -0.1919276691853986, ""delay1"": -0.18244252025959198, ""delay2"": -0.17324966883834403, ""endpoint_only"": -0.17108451572438654}",0,0,4.713337118984782,2.2301480960159097,0,2.4831890229688725,-0.1602428045008688
initial,initial/test-179,test-179,43,"[17, 29]",0.5,endpoint_only,delay1,"[""endpoint_only""]",1,"{""now"": 0.7886593291872166, ""delay1"": 0.7874001930696506, ""delay2"": 0.801835779097475, ""endpoint_only"": 0.8027702068907467}",1,1,3.0810909749998245,3.2118926159892,0,-0.1308016409893753,0.008440767735189869
initial,initial/test-208,test-208,43,"[17, 29]",0.5,delay2,delay1,"[""delay2""]",1,"{""now"": 0.7973157064993369, ""delay1"": 0.7920859859334207, ""delay2"": 0.8117339413210667, ""endpoint_only"": 0.8089134886498835}",1,1,3.16081106501224,3.2383850170008373,0,-0.0775739519885974,0.00500592887125717
initial,initial/test-210,test-210,43,"[17, 29]",0.5,now,delay1,"[""now""]",1,"{""now"": 0.10452667431342116, ""delay1"": -0.2850614699955255, ""delay2"": -0.7433620373115705, ""endpoint_only"": -1.0395038963010808}",0,0,34.46555686101783,8.282212743986747,0,26.183344117031083,-1.6896387885558801
initial,initial/test-23,test-23,43,"[17, 29]",0.5,delay1,delay1,"[""delay1""]",1,"{""now"": 0.8045434138717074, ""delay1"": 0.8416389761362821, ""delay2"": 0.8120718550217714, ""endpoint_only"": 0.816756249819287}",1,1,2.3945403229736257,2.3945403229736257,0,0.0,0.0
initial,initial/test-365,test-365,43,"[17, 29]",0.5,delay2,delay1,"[""delay2""]",1,"{""now"": 0.09214354385872436, ""delay1"": 0.7227301118626235, ""delay2"": 0.8144116945050567, ""endpoint_only"": 0.8126612572436476}",1,1,3.6215144420275465,3.7627082129765768,0,-0.1411937709490303,0.009111382832981185
initial,initial/test-392,test-392,43,"[17, 29]",0.5,delay1,delay1,"[""delay1""]",1,"{""now"": 0.33258823683003674, ""delay1"": 0.5503171061764004, ""delay2"": 0.18267897305064945, ""endpoint_only"": -0.3068218614021575}",1,1,10.418929549996392,10.418929549996392,0,0.0,0.0
initial,initial/test-42,test-42,43,"[17, 29]",0.5,delay2,delay1,"[""delay2""]",1,"{""now"": 0.8183526039293731, ""delay1"": 0.8180170544848442, ""delay2"": 0.8307756934417445, ""endpoint_only"": 0.8297754593329336}",1,1,2.194947577008861,2.2153319289936917,0,-0.020384351984830573,0.001315423715137376
initial,initial/test-450,test-450,43,"[17, 29]",0.5,delay1,delay1,"[""delay1""]",1,"{""now"": -2.1052554874565406, ""delay1"": -1.5797527626392487, ""delay2"": -1.9309545756818904, ""endpoint_only"": -1.8091485230864084}",0,0,16.038227425990044,16.038227425990044,0,0.0,0.0
initial,initial/test-489,test-489,43,"[17, 29]",0.5,delay1,delay1,"[""delay1""]",1,"{""now"": 0.6380593164900041, ""delay1"": 0.7100987794154355, ""delay2"": 0.45497348618823513, ""endpoint_only"": 0.5004306997632868}",1,1,3.3775170530134346,3.3775170530134346,0,0.0,0.0
initial,initial/test-518,test-518,43,"[17, 29]",0.5,endpoint_only,delay1,"[""endpoint_only""]",1,"{""now"": 0.528671834427211, ""delay1"": 0.5236580104716648, ""delay2"": 0.536597327893679, ""endpoint_only"": 0.5533831129940513}",1,1,7.551630361005664,7.584957594022853,0,-0.03332723301718943,0.0021506414676976116
initial,initial/test-788,test-788,43,"[17, 29]",0.5,delay2,delay1,"[""delay2""]",1,"{""now"": -0.2597305001284058, ""delay1"": -0.7165604864226247, ""delay2"": -0.15777792146858355, ""endpoint_only"": -0.16032069155870315}",0,0,11.106771497026784,8.543564598963712,0,2.563206898063072,-0.16540644230559964
initial,initial/test-80,test-80,43,"[17, 29]",0.5,endpoint_only,delay1,"[""endpoint_only""]",1,"{""now"": -0.20439862534844871, ""delay1"": -0.23487520015571686, ""delay2"": -0.20495467307909718, ""endpoint_only"": -0.1983614606158751}",0,0,3.312597129988717,3.509871217989712,0,-0.1972740880009951,0.012730304791230107
initial,initial/test-903,test-903,43,"[17, 29]",0.5,endpoint_only,delay1,"[""endpoint_only""]",1,"{""now"": 0.3500464305750718, ""delay1"": 0.34529418385898647, ""delay2"": 0.3485567500404423, ""endpoint_only"": 0.3670972188046784}",1,1,10.054408716008766,10.134963204036467,0,-0.08055448802770115,0.005198266002826246
initial,initial/test-916,test-916,43,"[17, 29]",0.5,delay2,delay1,"[""delay2""]",1,"{""now"": -1.556523621344564, ""delay1"": -0.48911306524549225, ""delay2"": -0.483769708493146, ""endpoint_only"": -2.11931696467194}",1,1,6.263362273020903,19.190034709026804,0,-12.926672436005902,0.8341717947565319
initial,initial/test-979,test-979,43,"[17, 29]",0.5,delay1,delay1,"[""delay1""]",1,"{""now"": -2.9828069442890284, ""delay1"": -1.0809819986997702, ""delay2"": -1.3449524530639516, ""endpoint_only"": -2.214158185021463}",0,0,17.32914020397584,17.32914020397584,0,0.0,0.0
initial,initial/test-984,test-984,43,"[17, 29]",0.5,delay1,delay1,"[""delay1""]",1,"{""now"": -1.9971755862348601, ""delay1"": -1.452398288253959, ""delay2"": -2.7041201198300757, ""endpoint_only"": -2.0538683335309718}",0,0,15.615706107972073,15.615706107972073,0,0.0,0.0
initial,initial/test-1149,test-1149,43,"[17, 29]",1,delay1,delay1,"[""delay1""]",1,"{""now"": 0.667851240112302, ""delay1"": 0.6946154835848628, ""delay2"": 0.680919989953712, ""endpoint_only"": 0.6891104381178886}",1,1,3.2297480559936957,3.2297480559936957,0,0.0,0.0
initial,initial/test-1155,test-1155,43,"[17, 29]",1,endpoint_only,delay1,"[""endpoint_only""]",1,"{""now"": 0.7421209459783294, ""delay1"": 0.7650109833592325, ""delay2"": 0.7651656526794469, ""endpoint_only"": 0.7669737327243529}",1,1,1.6813042249996215,1.672989785001846,0,0.00831443999777548,-0.0010730791500558334
initial,initial/test-135,test-135,43,"[17, 29]",1,endpoint_only,delay1,"[""endpoint_only""]",1,"{""now"": -2.1076777674607765, ""delay1"": -0.059018741926362694, ""delay2"": -0.04934158939809974, ""endpoint_only"": -0.04495689994480734}",1,1,4.324786170996958,4.354686081991531,0,-0.029899910994572565,0.0038589455315555243
initial,initial/test-159,test-159,43,"[17, 29]",1,endpoint_only,delay1,"[""endpoint_only""]",1,"{""now"": -0.3838553383707972, ""delay1"": -0.36488504051918397, ""delay2"": -0.34649933767668806, ""endpoint_only"": -0.3421690314487731}",0,0,4.713337118984782,2.2301480960159097,0,2.4831890229688725,-0.3204856090017376
initial,initial/test-179,test-179,43,"[17, 29]",1,endpoint_only,delay1,"[""endpoint_only""]",1,"{""now"": 0.5773186583744331, ""delay1"": 0.5748003861393012, ""delay2"": 0.6036715581949501, ""endpoint_only"": 0.6055404137814934}",1,1,3.0810909749998245,3.2118926159892,0,-0.1308016409893753,0.016881535470379627
initial,initial/test-208,test-208,43,"[17, 29]",1,delay2,delay1,"[""delay2""]",1,"{""now"": 0.5946314129986738, ""delay1"": 0.5841719718668414, ""delay2"": 0.6234678826421334, ""endpoint_only"": 0.6178269772997671}",1,1,3.16081106501224,3.2383850170008373,0,-0.0775739519885974,0.01001185774251423
initial,initial/test-210,test-210,43,"[17, 29]",1,now,delay1,"[""now""]",1,"{""now"": -0.7909466513731577, ""delay1"": -1.070122939991051, ""delay2"": -1.986724074623141, ""endpoint_only"": -2.5790077926021615}",0,0,34.46555686101783,8.282212743986747,0,26.183344117031083,-3.3792775771117602
initial,initial/test-23,test-23,43,"[17, 29]",1,delay1,delay1,"[""delay1""]",1,"{""now"": 0.6090868277434149, ""delay1"": 0.6832779522725644, ""delay2"": 0.6241437100435425, ""endpoint_only"": 0.6335124996385739}",1,1,2.3945403229736257,2.3945403229736257,0,0.0,0.0
initial,initial/test-365,test-365,43,"[17, 29]",1,delay2,delay1,"[""delay2""]",1,"{""now"": -0.3157129122825513, ""delay1"": 0.4454602237252471, ""delay2"": 0.6288233890101134, ""endpoint_only"": 0.625322514487295}",1,1,3.6215144420275465,3.7627082129765768,0,-0.1411937709490303,0.01822276566596237
initial,initial/test-392,test-392,43,"[17, 29]",1,delay1,delay1,"[""delay1""]",1,"{""now"": -0.33482352633992646, ""delay1"": 0.10063421235280079, ""delay2"": -0.6346420538987011, ""endpoint_only"": -1.113643722804315}",1,1,10.418929549996392,10.418929549996392,0,0.0,0.0
initial,initial/test-42,test-42,43,"[17, 29]",1,delay2,delay1,"[""delay2""]",1,"{""now"": 0.6367052078587463, ""delay1"": 0.6360341089696885, ""delay2"": 0.661551386883489, ""endpoint_only"": 0.6595509186658672}",1,1,2.194947577008861,2.2153319289936917,0,-0.020384351984830573,0.002630847430274863
initial,initial/test-450,test-450,43,"[17, 29]",1,delay1,delay1,"[""delay1""]",1,"{""now"": -4.210510974913081, ""delay1"": -3.1595055252784974, ""delay2"": -3.861909151363781, ""endpoint_only"": -3.6182970461728168}",0,0,16.038227425990044,16.038227425990044,0,0.0,0.0
initial,initial/test-489,test-489,43,"[17, 29]",1,delay1,delay1,"[""delay1""]",1,"{""now"": 0.27611863298000816, ""delay1"": 0.420197558830871, ""delay2"": -0.09005302762352974, ""endpoint_only"": 0.000861399526573603}",1,1,3.3775170530134346,3.3775170530134346,0,0.0,0.0
initial,initial/test-518,test-518,43,"[17, 29]",1,endpoint_only,delay1,"[""endpoint_only""]",1,"{""now"": 0.057343668854421936, ""delay1"": 0.04731602094332965, ""delay2"": 0.07319465578735795, ""endpoint_only"": 0.10676622598810254}",1,1,7.551630361005664,7.584957594022853,0,-0.03332723301718943,0.004301282935395223
initial,initial/test-788,test-788,43,"[17, 29]",1,now,delay1,"[""now""]",1,"{""now"": -0.5194610002568116, ""delay1"": -1.4331209728452494, ""delay2"": -0.8155558429371671, ""endpoint_only"": -0.8206413831174063}",0,0,10.657787785021355,8.543564598963712,0,2.114223186057643,-0.2728661004385293
initial,initial/test-80,test-80,43,"[17, 29]",1,endpoint_only,delay1,"[""endpoint_only""]",1,"{""now"": -0.40879725069689743, ""delay1"": -0.4697504003114337, ""delay2"": -0.40990934615819435, ""endpoint_only"": -0.3967229212317502}",0,0,3.312597129988717,3.509871217989712,0,-0.1972740880009951,0.025460609582460214
initial,initial/test-903,test-903,43,"[17, 29]",1,endpoint_only,delay1,"[""endpoint_only""]",1,"{""now"": -0.2999071388498564, ""delay1"": -0.30941163228202706, ""delay2"": -0.3028864999191154, ""endpoint_only"": -0.26580556239064324}",1,1,10.054408716008766,10.134963204036467,0,-0.08055448802770115,0.010396532005652492
initial,initial/test-916,test-916,43,"[17, 29]",1,delay2,delay1,"[""delay2""]",1,"{""now"": -3.113047242689128, ""delay1"": -1.4782261304909845, ""delay2"": -1.467539416986292, ""endpoint_only"": -4.23863392934388}",1,1,6.263362273020903,19.190034709026804,0,-12.926672436005902,1.6683435895130638
initial,initial/test-979,test-979,43,"[17, 29]",1,delay1,delay1,"[""delay1""]",1,"{""now"": -5.965613888578057, ""delay1"": -2.1619639973995404, ""delay2"": -2.6899049061279032, ""endpoint_only"": -4.928316370042926}",0,0,17.32914020397584,17.32914020397584,0,0.0,0.0
initial,initial/test-984,test-984,43,"[17, 29]",1,delay1,delay1,"[""delay1""]",1,"{""now"": -3.9943511724697203, ""delay1"": -2.904796576507918, ""delay2"": -5.408240239660151, ""endpoint_only"": -4.1077366670619435}",0,0,15.615706107972073,15.615706107972073,0,0.0,0.0
historical_pass,historical_pass/test-135,test-135,17,"[29, 43]",0,now,now,"[""now"", ""delay1"", ""delay2"", ""endpoint_only""]",4,"{""now"": 0.0, ""delay1"": 0.0, ""delay2"": 0.0, ""endpoint_only"": 0.0}",0,0,4.141194097013795,4.141194097013795,0,0.0,0.0
historical_pass,historical_pass/test-159,test-159,17,"[29, 43]",0,now,now,"[""now"", ""delay1"", ""delay2"", ""endpoint_only""]",4,"{""now"": 0.0, ""delay1"": 0.0, ""delay2"": 0.0, ""endpoint_only"": 0.0}",0,0,2.593645076980465,2.593645076980465,0,0.0,0.0
historical_pass,historical_pass/test-210,test-210,17,"[29, 43]",0,delay1,now,"[""delay1"", ""delay2""]",2,"{""now"": 0.0, ""delay1"": 0.5, ""delay2"": 0.5, ""endpoint_only"": 0.0}",0,0,21.027780005999375,22.202519096957985,0,-1.1747390909586102,0.0
historical_pass,historical_pass/test-365,test-365,17,"[29, 43]",0,now,now,"[""now"", ""delay1"", ""delay2"", ""endpoint_only""]",4,"{""now"": 1.0, ""delay1"": 1.0, ""delay2"": 1.0, ""endpoint_only"": 1.0}",1,1,2.1902967569913017,2.1902967569913017,0,0.0,0.0
historical_pass,historical_pass/test-392,test-392,17,"[29, 43]",0,now,now,"[""now"", ""delay1"", ""delay2"", ""endpoint_only""]",4,"{""now"": 1.0, ""delay1"": 1.0, ""delay2"": 1.0, ""endpoint_only"": 1.0}",1,1,3.5262577460089233,3.5262577460089233,0,0.0,0.0
historical_pass,historical_pass/test-450,test-450,17,"[29, 43]",0,now,now,"[""now"", ""delay1"", ""endpoint_only""]",3,"{""now"": 0.5, ""delay1"": 0.5, ""delay2"": 0.0, ""endpoint_only"": 0.5}",1,1,4.84507191699231,4.84507191699231,0,0.0,0.0
historical_pass,historical_pass/test-518,test-518,17,"[29, 43]",0,now,now,"[""now"", ""delay1"", ""delay2"", ""endpoint_only""]",4,"{""now"": 1.0, ""delay1"": 1.0, ""delay2"": 1.0, ""endpoint_only"": 1.0}",1,1,3.7943599320133217,3.7943599320133217,0,0.0,0.0
historical_pass,historical_pass/test-80,test-80,17,"[29, 43]",0,now,now,"[""now"", ""delay1"", ""delay2"", ""endpoint_only""]",4,"{""now"": 0.0, ""delay1"": 0.0, ""delay2"": 0.0, ""endpoint_only"": 0.0}",0,0,1.8438723959989147,1.8438723959989147,0,0.0,0.0
historical_pass,historical_pass/test-903,test-903,17,"[29, 43]",0,now,now,"[""now"", ""delay1"", ""delay2"", ""endpoint_only""]",4,"{""now"": 1.0, ""delay1"": 1.0, ""delay2"": 1.0, ""endpoint_only"": 1.0}",1,1,6.121348699001828,6.121348699001828,0,0.0,0.0
historical_pass,historical_pass/test-916,test-916,17,"[29, 43]",0,now,now,"[""now""]",1,"{""now"": 1.0, ""delay1"": 0.0, ""delay2"": 0.0, ""endpoint_only"": 0.5}",0,0,8.60840166201524,8.60840166201524,0,0.0,0.0
historical_pass,historical_pass/test-979,test-979,17,"[29, 43]",0,now,now,"[""now"", ""delay1"", ""delay2"", ""endpoint_only""]",4,"{""now"": 0.0, ""delay1"": 0.0, ""delay2"": 0.0, ""endpoint_only"": 0.0}",0,0,13.055063454972696,13.055063454972696,0,0.0,0.0
historical_pass,historical_pass/test-984,test-984,17,"[29, 43]",0,now,now,"[""now"", ""delay1"", ""delay2"", ""endpoint_only""]",4,"{""now"": 0.0, ""delay1"": 0.0, ""delay2"": 0.0, ""endpoint_only"": 0.0}",0,0,3.4339928349945694,3.4339928349945694,0,0.0,0.0
historical_pass,historical_pass/test-135,test-135,17,"[29, 43]",0.05,delay2,now,"[""delay2""]",1,"{""now"": -0.04682788253202272, ""delay1"": -0.04675544037106512, ""delay2"": -0.04632900036949293, ""endpoint_only"": -0.04801169209214341}",0,0,1.9976078160107136,4.141194097013795,0,-2.1435862810030812,0.013832788167968115
historical_pass,historical_pass/test-159,test-159,17,"[29, 43]",0.05,now,now,"[""now""]",1,"{""now"": -0.031057736296780384, ""delay1"": -0.047763738396604444, ""delay2"": -0.0470091305866232, ""endpoint_only"": -0.046252133423780255}",0,0,2.593645076980465,2.593645076980465,0,0.0,0.0
historical_pass,historical_pass/test-210,test-210,17,"[29, 43]",0.05,delay1,now,"[""delay1""]",1,"{""now"": -0.07156800364999984, ""delay1"": 0.4330320212344055, ""delay2"": 0.41137640509659773, ""endpoint_only"": -0.11671519972943531}",0,0,21.027780005999375,22.202519096957985,0,-1.1747390909586102,0.007580715150993511
historical_pass,historical_pass/test-365,test-365,17,"[29, 43]",0.05,delay2,now,"[""delay2""]",1,"{""now"": 0.9856105747183571, ""delay1"": 0.9868762040600062, ""delay2"": 0.9870313009276254, ""endpoint_only"": 0.9869103726915189}",1,1,2.032175857995753,2.1902967569913017,0,-0.1581208989955485,0.0010203708244067577
historical_pass,historical_pass/test-392,test-392,17,"[29, 43]",0.05,delay2,now,"[""delay2""]",1,"{""now"": 0.9795537589770702, ""delay1"": 0.979889506225716, ""delay2"": 0.9799050530472175, ""endpoint_only"": 0.9787426941353347}",1,1,4.192125774992746,3.5262577460089233,0,0.665868028983823,-0.004296916561924213
historical_pass,historical_pass/test-450,test-450,17,"[29, 43]",0.05,now,now,"[""now""]",1,"{""now"": 0.41222518972030675, ""delay1"": 0.361341029807413, ""delay2"": -0.11510591460051249, ""endpoint_only"": 0.3353266511875389}",1,1,4.84507191699231,4.84507191699231,0,0.0,0.0
historical_pass,historical_pass/test-518,test-518,17,"[29, 43]",0.05,delay2,now,"[""delay2""]",1,"{""now"": 0.9701870384054092, ""delay1"": 0.9701404803761502, ""delay2"": 0.9722664998675228, ""endpoint_only"": 0.9721305704747911}",1,1,3.5136501280067023,3.7943599320133217,0,-0.2807098040066194,0.0018114499471784118
historical_pass,historical_pass/test-80,test-80,17,"[29, 43]",0.05,delay2,now,"[""delay2""]",1,"{""now"": -0.012491612667001838, ""delay1"": -0.010558970209573072, ""delay2"": -0.010550447615918392, ""endpoint_only"": -0.010587914223089367}",0,0,1.5846352219959954,1.8438723959989147,0,-0.25923717400291935,0.0016728848029233662
historical_pass,historical_pass/test-903,test-903,17,"[29, 43]",0.05,delay2,now,"[""delay2""]",1,"{""now"": 0.9655989416279769, ""delay1"": 0.9657765459981345, ""delay2"": 0.9677329506640353, ""endpoint_only"": 0.96547122228578}",1,1,5.5493083850014955,6.121348699001828,0,-0.5720403140003327,0.003691436429329009
historical_pass,historical_pass/test-916,test-916,17,"[29, 43]",0.05,now,now,"[""now""]",1,"{""now"": 0.9488224908539127, ""delay1"": -0.08845977013645415, ""delay2"": -0.10320822921697025, ""endpoint_only"": 0.3748999989331899}",0,0,8.60840166201524,8.60840166201524,0,0.0,0.0
historical_pass,historical_pass/test-979,test-979,17,"[29, 43]",0.05,endpoint_only,now,"[""endpoint_only""]",1,"{""now"": -0.08700585727098506, ""delay1"": -0.1059868122950622, ""delay2"": -0.14132756771057498, ""endpoint_only"": -0.07977013902386772}",0,0,27.13606714596972,13.055063454972696,0,14.081003690997022,-0.09086620071051806
historical_pass,historical_pass/test-984,test-984,17,"[29, 43]",0.05,now,now,"[""now""]",1,"{""now"": -0.024474716112582083, ""delay1"": -0.053347571365502895, ""delay2"": -0.05219184127390815, ""endpoint_only"": -0.11882627528399956}",0,0,3.4339928349945694,3.4339928349945694,0,0.0,0.0
historical_pass,historical_pass/test-135,test-135,17,"[29, 43]",0.1,delay2,now,"[""delay2""]",1,"{""now"": -0.09365576506404544, ""delay1"": -0.09351088074213024, ""delay2"": -0.09265800073898586, ""endpoint_only"": -0.09602338418428683}",0,0,1.9976078160107136,4.141194097013795,0,-2.1435862810030812,0.02766557633593623
historical_pass,historical_pass/test-159,test-159,17,"[29, 43]",0.1,now,now,"[""now""]",1,"{""now"": -0.06211547259356077, ""delay1"": -0.09552747679320889, ""delay2"": -0.0940182611732464, ""endpoint_only"": -0.09250426684756051}",0,0,2.593645076980465,2.593645076980465,0,0.0,0.0
historical_pass,historical_pass/test-210,test-210,17,"[29, 43]",0.1,delay1,now,"[""delay1""]",1,"{""now"": -0.14313600729999967, ""delay1"": 0.3660640424688109, ""delay2"": 0.32275281019319546, ""endpoint_only"": -0.23343039945887062}",0,0,21.027780005999375,22.202519096957985,0,-1.1747390909586102,0.015161430301987022
historical_pass,historical_pass/test-365,test-365,17,"[29, 43]",0.1,delay2,now,"[""delay2""]",1,"{""now"": 0.9712211494367142, ""delay1"": 0.9737524081200124, ""delay2"": 0.9740626018552507, ""endpoint_only"": 0.9738207453830379}",1,1,2.032175857995753,2.1902967569913017,0,-0.1581208989955485,0.0020407416488135155
historical_pass,historical_pass/test-392,test-392,17,"[29, 43]",0.1,delay2,now,"[""delay2""]",1,"{""now"": 0.9591075179541403, ""delay1"": 0.9597790124514319, ""delay2"": 0.9598101060944351, ""endpoint_only"": 0.9574853882706694}",1,1,4.192125774992746,3.5262577460089233,0,0.665868028983823,-0.008593833123848427
historical_pass,historical_pass/test-450,test-450,17,"[29, 43]",0.1,now,now,"[""now""]",1,"{""now"": 0.3244503794406136, ""delay1"": 0.22268205961482607, ""delay2"": -0.23021182920102498, ""endpoint_only"": 0.1706533023750778}",1,1,4.84507191699231,4.84507191699231,0,0.0,0.0
historical_pass,historical_pass/test-518,test-518,17,"[29, 43]",0.1,delay2,now,"[""delay2""]",1,"{""now"": 0.9403740768108182, ""delay1"": 0.9402809607523004, ""delay2"": 0.9445329997350456, ""endpoint_only"": 0.9442611409495824}",1,1,3.5136501280067023,3.7943599320133217,0,-0.2807098040066194,0.0036228998943568236
historical_pass,historical_pass/test-80,test-80,17,"[29, 43]",0.1,delay2,now,"[""delay2""]",1,"{""now"": -0.024983225334003677, ""delay1"": -0.021117940419146143, ""delay2"": -0.021100895231836784, ""endpoint_only"": -0.021175828446178734}",0,0,1.5846352219959954,1.8438723959989147,0,-0.25923717400291935,0.0033457696058467323
historical_pass,historical_pass/test-903,test-903,17,"[29, 43]",0.1,delay2,now,"[""delay2""]",1,"{""now"": 0.9311978832559535, ""delay1"": 0.9315530919962689, ""delay2"": 0.9354659013280706, ""endpoint_only"": 0.93094244457156}",1,1,5.5493083850014955,6.121348699001828,0,-0.5720403140003327,0.007382872858657907
historical_pass,historical_pass/test-916,test-916,17,"[29, 43]",0.1,now,now,"[""now""]",1,"{""now"": 0.8976449817078256, ""delay1"": -0.1769195402729083, ""delay2"": -0.2064164584339405, ""endpoint_only"": 0.2497999978663798}",0,0,8.60840166201524,8.60840166201524,0,0.0,0.0
historical_pass,historical_pass/test-979,test-979,17,"[29, 43]",0.1,endpoint_only,now,"[""endpoint_only""]",1,"{""now"": -0.17401171454197012, ""delay1"": -0.2119736245901244, ""delay2"": -0.28265513542114995, ""endpoint_only"": -0.15954027804773543}",0,0,27.13606714596972,13.055063454972696,0,14.081003690997022,-0.1817324014210361
historical_pass,historical_pass/test-984,test-984,17,"[29, 43]",0.1,now,now,"[""now""]",1,"{""now"": -0.048949432225164166, ""delay1"": -0.10669514273100579, ""delay2"": -0.1043836825478163, ""endpoint_only"": -0.2376525505679991}",0,0,3.4339928349945694,3.4339928349945694,0,0.0,0.0
historical_pass,historical_pass/test-135,test-135,17,"[29, 43]",0.2,delay2,now,"[""delay2""]",1,"{""now"": -0.18731153012809088, ""delay1"": -0.18702176148426047, ""delay2"": -0.18531600147797173, ""endpoint_only"": -0.19204676836857365}",0,0,1.9976078160107136,4.141194097013795,0,-2.1435862810030812,0.05533115267187246
historical_pass,historical_pass/test-159,test-159,17,"[29, 43]",0.2,now,now,"[""now""]",1,"{""now"": -0.12423094518712154, ""delay1"": -0.19105495358641778, ""delay2"": -0.1880365223464928, ""endpoint_only"": -0.18500853369512102}",0,0,2.593645076980465,2.593645076980465,0,0.0,0.0
historical_pass,historical_pass/test-210,test-210,17,"[29, 43]",0.2,delay1,now,"[""delay1""]",1,"{""now"": -0.28627201459999935, ""delay1"": 0.23212808493762185, ""delay2"": 0.14550562038639087, ""endpoint_only"": -0.46686079891774124}",0,0,21.027780005999375,22.202519096957985,0,-1.1747390909586102,0.030322860603974044
historical_pass,historical_pass/test-365,test-365,17,"[29, 43]",0.2,delay2,now,"[""delay2""]",1,"{""now"": 0.9424422988734286, ""delay1"": 0.9475048162400248, ""delay2"": 0.9481252037105015, ""endpoint_only"": 0.9476414907660757}",1,1,2.032175857995753,2.1902967569913017,0,-0.1581208989955485,0.00408148329762692
historical_pass,historical_pass/test-392,test-392,17,"[29, 43]",0.2,delay2,now,"[""delay2""]",1,"{""now"": 0.9182150359082806, ""delay1"": 0.9195580249028639, ""delay2"": 0.9196202121888701, ""endpoint_only"": 0.9149707765413388}",1,1,4.192125774992746,3.5262577460089233,0,0.665868028983823,-0.017187666247696853
historical_pass,historical_pass/test-450,test-450,17,"[29, 43]",0.2,now,now,"[""now""]",1,"{""now"": 0.14890075888122722, ""delay1"": -0.05463588077034787, ""delay2"": -0.46042365840204996, ""endpoint_only"": -0.1586933952498443}",1,1,4.84507191699231,4.84507191699231,0,0.0,0.0
historical_pass,historical_pass/test-518,test-518,17,"[29, 43]",0.2,delay2,now,"[""delay2""]",1,"{""now"": 0.8807481536216365, ""delay1"": 0.880561921504601, ""delay2"": 0.889065999470091, ""endpoint_only"": 0.8885222818991647}",1,1,3.5136501280067023,3.7943599320133217,0,-0.2807098040066194,0.007245799788713647
historical_pass,historical_pass/test-80,test-80,17,"[29, 43]",0.2,delay2,now,"[""delay2""]",1,"{""now"": -0.04996645066800735, ""delay1"": -0.042235880838292286, ""delay2"": -0.04220179046367357, ""endpoint_only"": -0.04235165689235747}",0,0,1.5846352219959954,1.8438723959989147,0,-0.25923717400291935,0.006691539211693465
historical_pass,historical_pass/test-903,test-903,17,"[29, 43]",0.2,delay2,now,"[""delay2""]",1,"{""now"": 0.8623957665119073, ""delay1"": 0.8631061839925379, ""delay2"": 0.8709318026561412, ""endpoint_only"": 0.8618848891431197}",1,1,5.5493083850014955,6.121348699001828,0,-0.5720403140003327,0.014765745717315926
historical_pass,historical_pass/test-916,test-916,17,"[29, 43]",0.2,now,now,"[""now""]",1,"{""now"": 0.7952899634156512, ""delay1"": -0.3538390805458166, ""delay2"": -0.412832916867881, ""endpoint_only"": -0.00040000426724040583}",0,0,8.60840166201524,8.60840166201524,0,0.0,0.0
historical_pass,historical_pass/test-979,test-979,17,"[29, 43]",0.2,endpoint_only,now,"[""endpoint_only""]",1,"{""now"": -0.34802342908394024, ""delay1"": -0.4239472491802488, ""delay2"": -0.5653102708422999, ""endpoint_only"": -0.31908055609547087}",0,0,27.13606714596972,13.055063454972696,0,14.081003690997022,-0.3634648028420722
historical_pass,historical_pass/test-984,test-984,17,"[29, 43]",0.2,now,now,"[""now""]",1,"{""now"": -0.09789886445032833, ""delay1"": -0.21339028546201158, ""delay2"": -0.2087673650956326, ""endpoint_only"": -0.4753051011359982}",0,0,3.4339928349945694,3.4339928349945694,0,0.0,0.0
historical_pass,historical_pass/test-135,test-135,17,"[29, 43]",0.5,delay2,now,"[""delay2""]",1,"{""now"": -0.46827882532022724, ""delay1"": -0.46755440371065116, ""delay2"": -0.46329000369492934, ""endpoint_only"": -0.4801169209214341}",0,0,1.9976078160107136,4.141194097013795,0,-2.1435862810030812,0.13832788167968113
historical_pass,historical_pass/test-159,test-159,17,"[29, 43]",0.5,now,now,"[""now""]",1,"{""now"": -0.3105773629678038, ""delay1"": -0.47763738396604444, ""delay2"": -0.47009130586623205, ""endpoint_only"": -0.46252133423780256}",0,0,2.593645076980465,2.593645076980465,0,0.0,0.0
historical_pass,historical_pass/test-210,test-210,17,"[29, 43]",0.5,delay1,now,"[""delay1""]",1,"{""now"": -0.7156800364999985, ""delay1"": -0.16967978765594527, ""delay2"": -0.3862359490340228, ""endpoint_only"": -1.1671519972943531}",0,0,21.027780005999375,22.202519096957985,0,-1.1747390909586102,0.075807151509935
historical_pass,historical_pass/test-365,test-365,17,"[29, 43]",0.5,delay2,now,"[""delay2""]",1,"{""now"": 0.8561057471835714, ""delay1"": 0.868762040600062, ""delay2"": 0.8703130092762537, ""endpoint_only"": 0.8691037269151894}",1,1,2.032175857995753,2.1902967569913017,0,-0.1581208989955485,0.010203708244067466
historical_pass,historical_pass/test-392,test-392,17,"[29, 43]",0.5,delay2,now,"[""delay2""]",1,"{""now"": 0.7955375897707014, ""delay1"": 0.7988950622571598, ""delay2"": 0.7990505304721756, ""endpoint_only"": 0.787426941353347}",1,1,4.192125774992746,3.5262577460089233,0,0.665868028983823,-0.042969165619242244
historical_pass,historical_pass/test-450,test-450,17,"[29, 43]",0.5,now,now,"[""now""]",1,"{""now"": -0.377748102796932, ""delay1"": -0.8865897019258696, ""delay2"": -1.1510591460051247, ""endpoint_only"": -1.1467334881246105}",1,1,4.84507191699231,4.84507191699231,0,0.0,0.0
historical_pass,historical_pass/test-518,test-518,17,"[29, 43]",0.5,delay2,now,"[""delay2""]",1,"{""now"": 0.7018703840540912, ""delay1"": 0.7014048037615023, ""delay2"": 0.7226649986752276, ""endpoint_only"": 0.7213057047479117}",1,1,3.5136501280067023,3.7943599320133217,0,-0.2807098040066194,0.01811449947178423
historical_pass,historical_pass/test-80,test-80,17,"[29, 43]",0.5,delay2,now,"[""delay2""]",1,"{""now"": -0.12491612667001836, ""delay1"": -0.10558970209573072, ""delay2"": -0.10550447615918392, ""endpoint_only"": -0.10587914223089367}",0,0,1.5846352219959954,1.8438723959989147,0,-0.25923717400291935,0.016728848029233676
historical_pass,historical_pass/test-903,test-903,17,"[29, 43]",0.5,delay2,now,"[""delay2""]",1,"{""now"": 0.655989416279768, ""delay1"": 0.6577654599813447, ""delay2"": 0.6773295066403531, ""endpoint_only"": 0.6547122228577994}",1,1,5.5493083850014955,6.121348699001828,0,-0.5720403140003327,0.03691436429328954
historical_pass,historical_pass/test-916,test-916,17,"[29, 43]",0.5,now,now,"[""now""]",1,"{""now"": 0.48822490853912787, ""delay1"": -0.8845977013645414, ""delay2"": -1.0320822921697024, ""endpoint_only"": -0.751000010668101}",0,0,8.60840166201524,8.60840166201524,0,0.0,0.0
historical_pass,historical_pass/test-979,test-979,17,"[29, 43]",0.5,endpoint_only,now,"[""endpoint_only""]",1,"{""now"": -0.8700585727098504, ""delay1"": -1.059868122950622, ""delay2"": -1.4132756771057498, ""endpoint_only"": -0.7977013902386771}",0,0,27.13606714596972,13.055063454972696,0,14.081003690997022,-0.9086620071051805
historical_pass,historical_pass/test-984,test-984,17,"[29, 43]",0.5,now,now,"[""now""]",1,"{""now"": -0.2447471611258208, ""delay1"": -0.5334757136550289, ""delay2"": -0.5219184127390815, ""endpoint_only"": -1.1882627528399956}",0,0,3.4339928349945694,3.4339928349945694,0,0.0,0.0
historical_pass,historical_pass/test-135,test-135,17,"[29, 43]",1,delay2,now,"[""delay2""]",1,"{""now"": -0.9365576506404545, ""delay1"": -0.9351088074213023, ""delay2"": -0.9265800073898587, ""endpoint_only"": -0.9602338418428682}",0,0,1.9976078160107136,4.141194097013795,0,-2.1435862810030812,0.27665576335936226
historical_pass,historical_pass/test-159,test-159,17,"[29, 43]",1,now,now,"[""now""]",1,"{""now"": -0.6211547259356076, ""delay1"": -0.9552747679320889, ""delay2"": -0.9401826117324641, ""endpoint_only"": -0.9250426684756051}",0,0,2.593645076980465,2.593645076980465,0,0.0,0.0
historical_pass,historical_pass/test-210,test-210,17,"[29, 43]",1,delay1,now,"[""delay1""]",1,"{""now"": -1.431360072999997, ""delay1"": -0.8393595753118905, ""delay2"": -1.2724718980680456, ""endpoint_only"": -2.3343039945887063}",0,0,21.027780005999375,22.202519096957985,0,-1.1747390909586102,0.15161430301987
historical_pass,historical_pass/test-365,test-365,17,"[29, 43]",1,delay2,now,"[""delay2""]",1,"{""now"": 0.7122114943671426, ""delay1"": 0.737524081200124, ""delay2"": 0.7406260185525073, ""endpoint_only"": 0.7382074538303789}",1,1,2.032175857995753,2.1902967569913017,0,-0.1581208989955485,0.020407416488134933
historical_pass,historical_pass/test-392,test-392,17,"[29, 43]",1,delay2,now,"[""delay2""]",1,"{""now"": 0.5910751795414028, ""delay1"": 0.5977901245143196, ""delay2"": 0.5981010609443511, ""endpoint_only"": 0.574853882706694}",1,1,4.192125774992746,3.5262577460089233,0,0.665868028983823,-0.08593833123848438
historical_pass,historical_pass/test-450,test-450,17,"[29, 43]",1,now,now,"[""now""]",1,"{""now"": -1.255496205593864, ""delay1"": -2.2731794038517394, ""delay2"": -2.3021182920102494, ""endpoint_only"": -2.793466976249221}",1,1,4.84507191699231,4.84507191699231,0,0.0,0.0
historical_pass,historical_pass/test-518,test-518,17,"[29, 43]",1,delay2,now,"[""delay2""]",1,"{""now"": 0.4037407681081825, ""delay1"": 0.4028096075230045, ""delay2"": 0.44532999735045514, ""endpoint_only"": 0.4426114094958233}",1,1,3.5136501280067023,3.7943599320133217,0,-0.2807098040066194,0.03622899894356846
historical_pass,historical_pass/test-80,test-80,17,"[29, 43]",1,delay2,now,"[""delay2""]",1,"{""now"": -0.24983225334003673, ""delay1"": -0.21117940419146145, ""delay2"": -0.21100895231836783, ""endpoint_only"": -0.21175828446178735}",0,0,1.5846352219959954,1.8438723959989147,0,-0.25923717400291935,0.03345769605846735
historical_pass,historical_pass/test-903,test-903,17,"[29, 43]",1,delay2,now,"[""delay2""]",1,"{""now"": 0.3119788325595361, ""delay1"": 0.3155309199626896, ""delay2"": 0.35465901328070604, ""endpoint_only"": 0.3094244457155988}",1,1,5.5493083850014955,6.121348699001828,0,-0.5720403140003327,0.07382872858657918
historical_pass,historical_pass/test-916,test-916,17,"[29, 43]",1,now,now,"[""now""]",1,"{""now"": -0.02355018292174421, ""delay1"": -1.7691954027290828, ""delay2"": -2.0641645843394048, ""endpoint_only"": -2.002000021336202}",0,0,8.60840166201524,8.60840166201524,0,0.0,0.0
historical_pass,historical_pass/test-979,test-979,17,"[29, 43]",1,endpoint_only,now,"[""endpoint_only""]",1,"{""now"": -1.7401171454197009, ""delay1"": -2.119736245901244, ""delay2"": -2.8265513542114995, ""endpoint_only"": -1.5954027804773543}",0,0,27.13606714596972,13.055063454972696,0,14.081003690997022,-1.817324014210361
historical_pass,historical_pass/test-984,test-984,17,"[29, 43]",1,now,now,"[""now""]",1,"{""now"": -0.4894943222516416, ""delay1"": -1.0669514273100578, ""delay2"": -1.043836825478163, ""endpoint_only"": -2.376525505679991}",0,0,3.4339928349945694,3.4339928349945694,0,0.0,0.0
historical_pass,historical_pass/test-135,test-135,29,"[17, 43]",0,now,delay1,"[""now"", ""delay1"", ""delay2"", ""endpoint_only""]",4,"{""now"": 0.0, ""delay1"": 0.0, ""delay2"": 0.0, ""endpoint_only"": 0.0}",0,0,4.47266027200385,9.285986418020912,0,-4.8133261460170615,0.0
historical_pass,historical_pass/test-159,test-159,29,"[17, 43]",0,now,delay1,"[""now"", ""delay1"", ""delay2"", ""endpoint_only""]",4,"{""now"": 0.0, ""delay1"": 0.0, ""delay2"": 0.0, ""endpoint_only"": 0.0}",0,0,6.4692810800042935,11.505377231980674,0,-5.0360961519763805,0.0
historical_pass,historical_pass/test-210,test-210,29,"[17, 43]",0,delay1,delay1,"[""delay1"", ""delay2""]",2,"{""now"": 0.0, ""delay1"": 0.5, ""delay2"": 0.5, ""endpoint_only"": 0.0}",0,0,9.262197355987155,9.262197355987155,0,0.0,0.0
historical_pass,historical_pass/test-365,test-365,29,"[17, 43]",0,now,delay1,"[""now"", ""delay1"", ""delay2"", ""endpoint_only""]",4,"{""now"": 1.0, ""delay1"": 1.0, ""delay2"": 1.0, ""endpoint_only"": 1.0}",1,1,2.22226281100302,2.074720870994497,0,0.14754194000852294,0.0
historical_pass,historical_pass/test-392,test-392,29,"[17, 43]",0,now,delay1,"[""now"", ""delay1"", ""delay2"", ""endpoint_only""]",4,"{""now"": 1.0, ""delay1"": 1.0, ""delay2"": 1.0, ""endpoint_only"": 1.0}",1,1,2.4387072999961674,2.417781447991729,0,0.02092585200443864,0.0
historical_pass,historical_pass/test-450,test-450,29,"[17, 43]",0,delay1,delay1,"[""delay1""]",1,"{""now"": 0.5, ""delay1"": 1.0, ""delay2"": 0.5, ""endpoint_only"": 0.5}",0,0,24.30229965901526,24.30229965901526,0,0.0,0.0
historical_pass,historical_pass/test-518,test-518,29,"[17, 43]",0,now,delay1,"[""now"", ""delay1"", ""delay2"", ""endpoint_only""]",4,"{""now"": 1.0, ""delay1"": 1.0, ""delay2"": 1.0, ""endpoint_only"": 1.0}",1,1,5.460761384019861,5.464966491999803,0,-0.004205107979942113,0.0
historical_pass,historical_pass/test-80,test-80,29,"[17, 43]",0,now,delay1,"[""now"", ""delay1"", ""delay2"", ""endpoint_only""]",4,"{""now"": 0.0, ""delay1"": 0.0, ""delay2"": 0.0, ""endpoint_only"": 0.0}",0,0,2.0036007390153827,1.6890185049851425,0,0.3145822340302402,0.0
historical_pass,historical_pass/test-903,test-903,29,"[17, 43]",0,now,delay1,"[""now"", ""delay1"", ""delay2"", ""endpoint_only""]",4,"{""now"": 1.0, ""delay1"": 1.0, ""delay2"": 1.0, ""endpoint_only"": 1.0}",1,1,5.101285592012573,5.1033978479972575,0,-0.0021122559846844524,0.0
historical_pass,historical_pass/test-916,test-916,29,"[17, 43]",0,endpoint_only,delay1,"[""endpoint_only""]",1,"{""now"": 0.5, ""delay1"": 0.0, ""delay2"": 0.5, ""endpoint_only"": 1.0}",0,0,27.34487930603791,14.554077733002487,0,12.790801573035424,0.0
historical_pass,historical_pass/test-979,test-979,29,"[17, 43]",0,now,delay1,"[""now"", ""delay1"", ""delay2"", ""endpoint_only""]",4,"{""now"": 0.0, ""delay1"": 0.0, ""delay2"": 0.0, ""endpoint_only"": 0.0}",0,0,12.467160103973583,17.755126289994223,0,-5.28796618602064,0.0
historical_pass,historical_pass/test-984,test-984,29,"[17, 43]",0,now,delay1,"[""now"", ""delay1"", ""delay2"", ""endpoint_only""]",4,"{""now"": 0.0, ""delay1"": 0.0, ""delay2"": 0.0, ""endpoint_only"": 0.0}",0,0,2.3181406870135106,10.273134259972721,0,-7.954993572959211,0.0
historical_pass,historical_pass/test-135,test-135,29,"[17, 43]",0.05,delay2,delay1,"[""delay2""]",1,"{""now"": -0.045758389453036764, ""delay1"": -0.03692882577998326, ""delay2"": -0.023219789888364, ""endpoint_only"": -0.06134995751550625}",0,0,9.159806203009794,9.285986418020912,0,-0.12618021501111798,0.0008142542246634896
historical_pass,historical_pass/test-159,test-159,29,"[17, 43]",0.05,endpoint_only,delay1,"[""endpoint_only""]",1,"{""now"": -0.018552792520761183, ""delay1"": -0.01882799714767734, ""delay2"": -0.018642967363526337, ""endpoint_only"": -0.017471380627034856}",0,0,11.363679258982302,11.505377231980674,0,-0.14169797299837228,0.0009143919522566352
historical_pass,historical_pass/test-210,test-210,29,"[17, 43]",0.05,delay1,delay1,"[""delay1""]",1,"{""now"": -0.11267875542896637, ""delay1"": 0.3950697488704068, ""delay2"": 0.3934609025172555, ""endpoint_only"": -0.10797571128603953}",0,0,9.262197355987155,9.262197355987155,0,0.0,0.0
historical_pass,historical_pass/test-365,test-365,29,"[17, 43]",0.05,delay1,delay1,"[""delay1""]",1,"{""now"": 0.9857137148759586, ""delay1"": 0.9870129950906628, ""delay2"": 0.9870002102660134, ""endpoint_only"": 0.9869199595377831}",1,1,2.074720870994497,2.074720870994497,0,0.0,0.0
historical_pass,historical_pass/test-392,test-392,29,"[17, 43]",0.05,delay1,delay1,"[""delay1""]",1,"{""now"": 0.9760447201585734, ""delay1"": 0.9763931669992856, ""delay2"": 0.9736846141953659, ""endpoint_only"": 0.9737308679122348}",1,1,2.417781447991729,2.417781447991729,0,0.0,0.0
historical_pass,historical_pass/test-450,test-450,29,"[17, 43]",0.05,delay1,delay1,"[""delay1""]",1,"{""now"": 0.44690128522237127, ""delay1"": 0.9227871878625726, ""delay2"": 0.4503742244594988, ""endpoint_only"": 0.4271104199170841}",0,0,24.30229965901526,24.30229965901526,0,0.0,0.0
historical_pass,historical_pass/test-518,test-518,29,"[17, 43]",0.05,delay2,delay1,"[""delay2""]",1,"{""now"": 0.9755637704951514, ""delay1"": 0.9755940940890102, ""delay2"": 0.9772786334229048, ""endpoint_only"": 0.977204136373868}",1,1,5.067052174999844,5.464966491999803,0,-0.39791431699995883,0.0025677830208385988
historical_pass,historical_pass/test-80,test-80,29,"[17, 43]",0.05,endpoint_only,delay1,"[""endpoint_only""]",1,"{""now"": -0.011976240751966669, ""delay1"": -0.010182643482215292, ""delay2"": -0.010242934281140164, ""endpoint_only"": -0.010179716579375322}",0,0,1.6834213029796956,1.6890185049851425,0,-0.0055972020054468885,3.611933438874351e-05
historical_pass,historical_pass/test-903,test-903,29,"[17, 43]",0.05,delay2,delay1,"[""delay2""]",1,"{""now"": 0.9623076542648343, ""delay1"": 0.9629986733939967, ""delay2"": 0.9652349339562107, ""endpoint_only"": 0.9623298505887402}",1,1,4.7751023059972795,5.1033978479972575,0,-0.328295541999978,0.0021185257291574944
historical_pass,historical_pass/test-916,test-916,29,"[17, 43]",0.05,endpoint_only,delay1,"[""endpoint_only""]",1,"{""now"": 0.4429070348387358, ""delay1"": -0.0749705520942184, ""delay2"": 0.4128880307001719, ""endpoint_only"": 0.9017050473876091}",0,0,27.34487930603791,14.554077733002487,0,12.790801573035424,-0.08254039047848243
historical_pass,historical_pass/test-979,test-979,29,"[17, 43]",0.05,delay1,delay1,"[""delay1""]",1,"{""now"": -0.08890275841036999, ""delay1"": -0.085157599972479, ""delay2"": -0.13452000263538258, ""endpoint_only"": -0.09417838400969362}",0,0,17.755126289994223,17.755126289994223,0,0.0,0.0
historical_pass,historical_pass/test-984,test-984,29,"[17, 43]",0.05,now,delay1,"[""now""]",1,"{""now"": -0.028075071863732745, ""delay1"": -0.03528830218084567, ""delay2"": -0.034284695094747714, ""endpoint_only"": -0.030348905331888575}",0,0,2.3181406870135106,10.273134259972721,0,-7.954993572959211,0.051334411844061616
historical_pass,historical_pass/test-135,test-135,29,"[17, 43]",0.1,delay2,delay1,"[""delay2""]",1,"{""now"": -0.09151677890607353, ""delay1"": -0.07385765155996651, ""delay2"": -0.046439579776728, ""endpoint_only"": -0.1226999150310125}",0,0,9.159806203009794,9.285986418020912,0,-0.12618021501111798,0.0016285084493269791
historical_pass,historical_pass/test-159,test-159,29,"[17, 43]",0.1,endpoint_only,delay1,"[""endpoint_only""]",1,"{""now"": -0.037105585041522365, ""delay1"": -0.03765599429535468, ""delay2"": -0.037285934727052675, ""endpoint_only"": -0.03494276125406971}",0,0,11.363679258982302,11.505377231980674,0,-0.14169797299837228,0.0018287839045132703
historical_pass,historical_pass/test-210,test-210,29,"[17, 43]",0.1,delay1,delay1,"[""delay1""]",1,"{""now"": -0.22535751085793274, ""delay1"": 0.2901394977408136, ""delay2"": 0.2869218050345109, ""endpoint_only"": -0.21595142257207905}",0,0,9.262197355987155,9.262197355987155,0,0.0,0.0
historical_pass,historical_pass/test-365,test-365,29,"[17, 43]",0.1,delay1,delay1,"[""delay1""]",1,"{""now"": 0.9714274297519172, ""delay1"": 0.9740259901813255, ""delay2"": 0.9740004205320267, ""endpoint_only"": 0.9738399190755661}",1,1,2.074720870994497,2.074720870994497,0,0.0,0.0
historical_pass,historical_pass/test-392,test-392,29,"[17, 43]",0.1,delay1,delay1,"[""delay1""]",1,"{""now"": 0.9520894403171468, ""delay1"": 0.9527863339985709, ""delay2"": 0.9473692283907318, ""endpoint_only"": 0.9474617358244697}",1,1,2.417781447991729,2.417781447991729,0,0.0,0.0
historical_pass,historical_pass/test-450,test-450,29,"[17, 43]",0.1,delay1,delay1,"[""delay1""]",1,"{""now"": 0.3938025704447426, ""delay1"": 0.8455743757251453, ""delay2"": 0.40074844891899775, ""endpoint_only"": 0.35422083983416813}",0,0,24.30229965901526,24.30229965901526,0,0.0,0.0
historical_pass,historical_pass/test-518,test-518,29,"[17, 43]",0.1,delay2,delay1,"[""delay2""]",1,"{""now"": 0.9511275409903027, ""delay1"": 0.9511881881780204, ""delay2"": 0.9545572668458095, ""endpoint_only"": 0.9544082727477361}",1,1,5.067052174999844,5.464966491999803,0,-0.39791431699995883,0.0051355660416770865
historical_pass,historical_pass/test-80,test-80,29,"[17, 43]",0.1,endpoint_only,delay1,"[""endpoint_only""]",1,"{""now"": -0.023952481503933337, ""delay1"": -0.020365286964430584, ""delay2"": -0.020485868562280327, ""endpoint_only"": -0.020359433158750644}",0,0,1.6834213029796956,1.6890185049851425,0,-0.0055972020054468885,7.223866877748703e-05
historical_pass,historical_pass/test-903,test-903,29,"[17, 43]",0.1,delay2,delay1,"[""delay2""]",1,"{""now"": 0.9246153085296688, ""delay1"": 0.9259973467879934, ""delay2"": 0.9304698679124215, ""endpoint_only"": 0.9246597011774803}",1,1,4.7751023059972795,5.1033978479972575,0,-0.328295541999978,0.004237051458314989
historical_pass,historical_pass/test-916,test-916,29,"[17, 43]",0.1,endpoint_only,delay1,"[""endpoint_only""]",1,"{""now"": 0.38581406967747167, ""delay1"": -0.1499411041884368, ""delay2"": 0.3257760614003439, ""endpoint_only"": 0.8034100947752183}",0,0,27.34487930603791,14.554077733002487,0,12.790801573035424,-0.16508078095696485
historical_pass,historical_pass/test-979,test-979,29,"[17, 43]",0.1,delay1,delay1,"[""delay1""]",1,"{""now"": -0.17780551682073997, ""delay1"": -0.170315199944958, ""delay2"": -0.26904000527076516, ""endpoint_only"": -0.18835676801938725}",0,0,17.755126289994223,17.755126289994223,0,0.0,0.0
historical_pass,historical_pass/test-984,test-984,29,"[17, 43]",0.1,now,delay1,"[""now""]",1,"{""now"": -0.05615014372746549, ""delay1"": -0.07057660436169134, ""delay2"": -0.06856939018949543, ""endpoint_only"": -0.06069781066377715}",0,0,2.3181406870135106,10.273134259972721,0,-7.954993572959211,0.10266882368812323
historical_pass,historical_pass/test-135,test-135,29,"[17, 43]",0.2,delay2,delay1,"[""delay2""]",1,"{""now"": -0.18303355781214706, ""delay1"": -0.14771530311993303, ""delay2"": -0.092879159553456, ""endpoint_only"": -0.245399830062025}",0,0,9.159806203009794,9.285986418020912,0,-0.12618021501111798,0.0032570168986539583
historical_pass,historical_pass/test-159,test-159,29,"[17, 43]",0.2,endpoint_only,delay1,"[""endpoint_only""]",1,"{""now"": -0.07421117008304473, ""delay1"": -0.07531198859070937, ""delay2"": -0.07457186945410535, ""endpoint_only"": -0.06988552250813942}",0,0,11.363679258982302,11.505377231980674,0,-0.14169797299837228,0.0036575678090265407
historical_pass,historical_pass/test-210,test-210,29,"[17, 43]",0.2,delay1,delay1,"[""delay1""]",1,"{""now"": -0.45071502171586547, ""delay1"": 0.08027899548162715, ""delay2"": 0.07384361006902185, ""endpoint_only"": -0.4319028451441581}",0,0,9.262197355987155,9.262197355987155,0,0.0,0.0
historical_pass,historical_pass/test-365,test-365,29,"[17, 43]",0.2,delay1,delay1,"[""delay1""]",1,"{""now"": 0.9428548595038344, ""delay1"": 0.9480519803626511, ""delay2"": 0.9480008410640537, ""endpoint_only"": 0.9476798381511322}",1,1,2.074720870994497,2.074720870994497,0,0.0,0.0
historical_pass,historical_pass/test-392,test-392,29,"[17, 43]",0.2,delay1,delay1,"[""delay1""]",1,"{""now"": 0.9041788806342936, ""delay1"": 0.9055726679971419, ""delay2"": 0.8947384567814636, ""endpoint_only"": 0.8949234716489395}",1,1,2.417781447991729,2.417781447991729,0,0.0,0.0
historical_pass,historical_pass/test-450,test-450,29,"[17, 43]",0.2,delay1,delay1,"[""delay1""]",1,"{""now"": 0.2876051408894852, ""delay1"": 0.6911487514502906, ""delay2"": 0.3014968978379955, ""endpoint_only"": 0.2084416796683363}",0,0,24.30229965901526,24.30229965901526,0,0.0,0.0
historical_pass,historical_pass/test-518,test-518,29,"[17, 43]",0.2,delay2,delay1,"[""delay2""]",1,"{""now"": 0.9022550819806054, ""delay1"": 0.9023763763560408, ""delay2"": 0.9091145336916191, ""endpoint_only"": 0.9088165454954722}",1,1,5.067052174999844,5.464966491999803,0,-0.39791431699995883,0.010271132083354062
historical_pass,historical_pass/test-80,test-80,29,"[17, 43]",0.2,endpoint_only,delay1,"[""endpoint_only""]",1,"{""now"": -0.047904963007866674, ""delay1"": -0.04073057392886117, ""delay2"": -0.040971737124560655, ""endpoint_only"": -0.04071886631750129}",0,0,1.6834213029796956,1.6890185049851425,0,-0.0055972020054468885,0.00014447733755497405
historical_pass,historical_pass/test-903,test-903,29,"[17, 43]",0.2,delay2,delay1,"[""delay2""]",1,"{""now"": 0.8492306170593376, ""delay1"": 0.8519946935759868, ""delay2"": 0.860939735824843, ""endpoint_only"": 0.8493194023549606}",1,1,4.7751023059972795,5.1033978479972575,0,-0.328295541999978,0.008474102916629866
historical_pass,historical_pass/test-916,test-916,29,"[17, 43]",0.2,endpoint_only,delay1,"[""endpoint_only""]",1,"{""now"": 0.27162813935494334, ""delay1"": -0.2998822083768736, ""delay2"": 0.15155212280068775, ""endpoint_only"": 0.6068201895504365}",0,0,27.34487930603791,14.554077733002487,0,12.790801573035424,-0.3301615619139297
historical_pass,historical_pass/test-979,test-979,29,"[17, 43]",0.2,delay1,delay1,"[""delay1""]",1,"{""now"": -0.35561103364147995, ""delay1"": -0.340630399889916, ""delay2"": -0.5380800105415303, ""endpoint_only"": -0.3767135360387745}",0,0,17.755126289994223,17.755126289994223,0,0.0,0.0
historical_pass,historical_pass/test-984,test-984,29,"[17, 43]",0.2,now,delay1,"[""now""]",1,"{""now"": -0.11230028745493098, ""delay1"": -0.1411532087233827, ""delay2"": -0.13713878037899085, ""endpoint_only"": -0.1213956213275543}",0,0,2.3181406870135106,10.273134259972721,0,-7.954993572959211,0.20533764737624646
historical_pass,historical_pass/test-135,test-135,29,"[17, 43]",0.5,delay2,delay1,"[""delay2""]",1,"{""now"": -0.45758389453036763, ""delay1"": -0.36928825779983254, ""delay2"": -0.23219789888364, ""endpoint_only"": -0.6134995751550625}",0,0,9.159806203009794,9.285986418020912,0,-0.12618021501111798,0.00814254224663491
historical_pass,historical_pass/test-159,test-159,29,"[17, 43]",0.5,endpoint_only,delay1,"[""endpoint_only""]",1,"{""now"": -0.1855279252076118, ""delay1"": -0.1882799714767734, ""delay2"": -0.18642967363526336, ""endpoint_only"": -0.17471380627034855}",0,0,11.363679258982302,11.505377231980674,0,-0.14169797299837228,0.009143919522566324
historical_pass,historical_pass/test-210,test-210,29,"[17, 43]",0.5,delay1,delay1,"[""delay1""]",1,"{""now"": -1.1267875542896637, ""delay1"": -0.549302511295932, ""delay2"": -0.5653909748274453, ""endpoint_only"": -1.079757112860395}",0,0,9.262197355987155,9.262197355987155,0,0.0,0.0
historical_pass,historical_pass/test-365,test-365,29,"[17, 43]",0.5,delay1,delay1,"[""delay1""]",1,"{""now"": 0.8571371487595858, ""delay1"": 0.8701299509066279, ""delay2"": 0.8700021026601341, ""endpoint_only"": 0.8691995953778306}",1,1,2.074720870994497,2.074720870994497,0,0.0,0.0
historical_pass,historical_pass/test-392,test-392,29,"[17, 43]",0.5,delay1,delay1,"[""delay1""]",1,"{""now"": 0.7604472015857342, ""delay1"": 0.7639316699928549, ""delay2"": 0.736846141953659, ""endpoint_only"": 0.7373086791223488}",1,1,2.417781447991729,2.417781447991729,0,0.0,0.0
historical_pass,historical_pass/test-450,test-450,29,"[17, 43]",0.5,delay1,delay1,"[""delay1""]",1,"{""now"": -0.030987147776287027, ""delay1"": 0.22787187862572655, ""delay2"": 0.003742244594988675, ""endpoint_only"": -0.22889580082915917}",0,0,24.30229965901526,24.30229965901526,0,0.0,0.0
historical_pass,historical_pass/test-518,test-518,29,"[17, 43]",0.5,delay2,delay1,"[""delay2""]",1,"{""now"": 0.7556377049515135, ""delay1"": 0.7559409408901022, ""delay2"": 0.7727863342290477, ""endpoint_only"": 0.7720413637386806}",1,1,5.067052174999844,5.464966491999803,0,-0.39791431699995883,0.02567783020838532
historical_pass,historical_pass/test-80,test-80,29,"[17, 43]",0.5,endpoint_only,delay1,"[""endpoint_only""]",1,"{""now"": -0.11976240751966667, ""delay1"": -0.10182643482215292, ""delay2"": -0.10242934281140162, ""endpoint_only"": -0.10179716579375321}",0,0,1.6834213029796956,1.6890185049851425,0,-0.0055972020054468885,0.0003611933438874282
historical_pass,historical_pass/test-903,test-903,29,"[17, 43]",0.5,delay2,delay1,"[""delay2""]",1,"{""now"": 0.623076542648344, ""delay1"": 0.6299867339399672, ""delay2"": 0.6523493395621072, ""endpoint_only"": 0.6232985058874017}",1,1,4.7751023059972795,5.1033978479972575,0,-0.328295541999978,0.02118525729157461
historical_pass,historical_pass/test-916,test-916,29,"[17, 43]",0.5,endpoint_only,delay1,"[""endpoint_only""]",1,"{""now"": -0.07092965161264164, ""delay1"": -0.7497055209421841, ""delay2"": -0.3711196929982807, ""endpoint_only"": 0.017050473876091377}",0,0,27.34487930603791,14.554077733002487,0,12.790801573035424,-0.8254039047848244
historical_pass,historical_pass/test-979,test-979,29,"[17, 43]",0.5,delay1,delay1,"[""delay1""]",1,"{""now"": -0.8890275841036999, ""delay1"": -0.8515759997247899, ""delay2"": -1.3452000263538257, ""endpoint_only"": -0.9417838400969362}",0,0,17.755126289994223,17.755126289994223,0,0.0,0.0
historical_pass,historical_pass/test-984,test-984,29,"[17, 43]",0.5,now,delay1,"[""now""]",1,"{""now"": -0.28075071863732737, ""delay1"": -0.35288302180845665, ""delay2"": -0.34284695094747714, ""endpoint_only"": -0.30348905331888576}",0,0,2.3181406870135106,10.273134259972721,0,-7.954993572959211,0.5133441184406161
historical_pass,historical_pass/test-135,test-135,29,"[17, 43]",1,delay2,delay1,"[""delay2""]",1,"{""now"": -0.9151677890607353, ""delay1"": -0.7385765155996651, ""delay2"": -0.46439579776728, ""endpoint_only"": -1.226999150310125}",0,0,9.159806203009794,9.285986418020912,0,-0.12618021501111798,0.01628508449326982
historical_pass,historical_pass/test-159,test-159,29,"[17, 43]",1,endpoint_only,delay1,"[""endpoint_only""]",1,"{""now"": -0.3710558504152236, ""delay1"": -0.3765599429535468, ""delay2"": -0.3728593472705267, ""endpoint_only"": -0.3494276125406971}",0,0,11.363679258982302,11.505377231980674,0,-0.14169797299837228,0.018287839045132648
historical_pass,historical_pass/test-210,test-210,29,"[17, 43]",1,delay1,delay1,"[""delay1""]",1,"{""now"": -2.2535751085793274, ""delay1"": -1.598605022591864, ""delay2"": -1.6307819496548905, ""endpoint_only"": -2.15951422572079}",0,0,9.262197355987155,9.262197355987155,0,0.0,0.0
historical_pass,historical_pass/test-365,test-365,29,"[17, 43]",1,delay1,delay1,"[""delay1""]",1,"{""now"": 0.7142742975191716, ""delay1"": 0.7402599018132558, ""delay2"": 0.7400042053202682, ""endpoint_only"": 0.7383991907556613}",1,1,2.074720870994497,2.074720870994497,0,0.0,0.0
historical_pass,historical_pass/test-392,test-392,29,"[17, 43]",1,delay1,delay1,"[""delay1""]",1,"{""now"": 0.5208944031714682, ""delay1"": 0.5278633399857098, ""delay2"": 0.4736922839073182, ""endpoint_only"": 0.47461735824469753}",1,1,2.417781447991729,2.417781447991729,0,0.0,0.0
historical_pass,historical_pass/test-450,test-450,29,"[17, 43]",1,delay2,delay1,"[""delay2""]",1,"{""now"": -0.5619742955525742, ""delay1"": -0.5442562427485469, ""delay2"": -0.49251551081002265, ""endpoint_only"": -0.9577916016583183}",0,0,25.151559064004687,24.30229965901526,0,0.8492594049894251,-0.10960720875089836
historical_pass,historical_pass/test-518,test-518,29,"[17, 43]",1,delay2,delay1,"[""delay2""]",1,"{""now"": 0.511275409903027, ""delay1"": 0.5118818817802044, ""delay2"": 0.5455726684580955, ""endpoint_only"": 0.5440827274773612}",1,1,5.067052174999844,5.464966491999803,0,-0.39791431699995883,0.051355660416770865
historical_pass,historical_pass/test-80,test-80,29,"[17, 43]",1,endpoint_only,delay1,"[""endpoint_only""]",1,"{""now"": -0.23952481503933334, ""delay1"": -0.20365286964430585, ""delay2"": -0.20485868562280324, ""endpoint_only"": -0.20359433158750642}",0,0,1.6834213029796956,1.6890185049851425,0,-0.0055972020054468885,0.0007223866877748564
historical_pass,historical_pass/test-903,test-903,29,"[17, 43]",1,delay2,delay1,"[""delay2""]",1,"{""now"": 0.24615308529668795, ""delay1"": 0.2599734678799343, ""delay2"": 0.30469867912421444, ""endpoint_only"": 0.24659701177480337}",1,1,4.7751023059972795,5.1033978479972575,0,-0.328295541999978,0.04237051458314911
historical_pass,historical_pass/test-916,test-916,29,"[17, 43]",1,now,delay1,"[""now""]",1,"{""now"": -0.6418593032252833, ""delay1"": -1.4994110418843682, ""delay2"": -1.2422393859965615, ""endpoint_only"": -0.9658990522478172}",1,0,6.775034418038558,14.554077733002487,1,-7.779043314963928,2.0039797257425143
historical_pass,historical_pass/test-979,test-979,29,"[17, 43]",1,delay1,delay1,"[""delay1""]",1,"{""now"": -1.7780551682073997, ""delay1"": -1.7031519994495798, ""delay2"": -2.6904000527076515, ""endpoint_only"": -1.8835676801938723}",0,0,17.755126289994223,17.755126289994223,0,0.0,0.0
historical_pass,historical_pass/test-984,test-984,29,"[17, 43]",1,now,delay1,"[""now""]",1,"{""now"": -0.5615014372746547, ""delay1"": -0.7057660436169133, ""delay2"": -0.6856939018949543, ""endpoint_only"": -0.6069781066377715}",0,0,2.3181406870135106,10.273134259972721,0,-7.954993572959211,1.0266882368812322
historical_pass,historical_pass/test-135,test-135,43,"[17, 29]",0,now,now,"[""now"", ""delay1"", ""delay2"", ""endpoint_only""]",4,"{""now"": 0.0, ""delay1"": 0.0, ""delay2"": 0.0, ""endpoint_only"": 0.0}",0,0,10.040625892026583,10.040625892026583,0,0.0,0.0
historical_pass,historical_pass/test-159,test-159,43,"[17, 29]",0,now,now,"[""now"", ""delay1"", ""delay2"", ""endpoint_only""]",4,"{""now"": 0.0, ""delay1"": 0.0, ""delay2"": 0.0, ""endpoint_only"": 0.0}",0,0,3.156390424017445,3.156390424017445,0,0.0,0.0
historical_pass,historical_pass/test-210,test-210,43,"[17, 29]",0,now,now,"[""now"", ""delay1"", ""delay2"", ""endpoint_only""]",4,"{""now"": 0.0, ""delay1"": 0.0, ""delay2"": 0.0, ""endpoint_only"": 0.0}",0,0,12.719816351993359,12.719816351993359,0,0.0,0.0
historical_pass,historical_pass/test-365,test-365,43,"[17, 29]",0,now,now,"[""now"", ""delay1"", ""delay2"", ""endpoint_only""]",4,"{""now"": 1.0, ""delay1"": 1.0, ""delay2"": 1.0, ""endpoint_only"": 1.0}",1,1,2.2374273470049957,2.2374273470049957,0,0.0,0.0
historical_pass,historical_pass/test-392,test-392,43,"[17, 29]",0,now,now,"[""now"", ""delay1"", ""delay2"", ""endpoint_only""]",4,"{""now"": 1.0, ""delay1"": 1.0, ""delay2"": 1.0, ""endpoint_only"": 1.0}",1,1,3.8981614820077084,3.8981614820077084,0,0.0,0.0
historical_pass,historical_pass/test-450,test-450,43,"[17, 29]",0,now,now,"[""now"", ""endpoint_only""]",2,"{""now"": 1.0, ""delay1"": 0.5, ""delay2"": 0.5, ""endpoint_only"": 1.0}",0,0,11.611722643021494,11.611722643021494,0,0.0,0.0
historical_pass,historical_pass/test-518,test-518,43,"[17, 29]",0,now,now,"[""now"", ""delay1"", ""delay2"", ""endpoint_only""]",4,"{""now"": 1.0, ""delay1"": 1.0, ""delay2"": 1.0, ""endpoint_only"": 1.0}",1,1,3.7791192089935066,3.7791192089935066,0,0.0,0.0
historical_pass,historical_pass/test-80,test-80,43,"[17, 29]",0,now,now,"[""now"", ""delay1"", ""delay2"", ""endpoint_only""]",4,"{""now"": 0.0, ""delay1"": 0.0, ""delay2"": 0.0, ""endpoint_only"": 0.0}",0,0,1.8679035760142142,1.8679035760142142,0,0.0,0.0
historical_pass,historical_pass/test-903,test-903,43,"[17, 29]",0,now,now,"[""now"", ""delay1"", ""delay2"", ""endpoint_only""]",4,"{""now"": 1.0, ""delay1"": 1.0, ""delay2"": 1.0, ""endpoint_only"": 1.0}",1,1,5.560576049014344,5.560576049014344,0,0.0,0.0
historical_pass,historical_pass/test-916,test-916,43,"[17, 29]",0,now,now,"[""now"", ""delay2"", ""endpoint_only""]",3,"{""now"": 0.5, ""delay1"": 0.0, ""delay2"": 0.5, ""endpoint_only"": 0.5}",1,1,9.086324140967918,9.086324140967918,0,0.0,0.0
historical_pass,historical_pass/test-979,test-979,43,"[17, 29]",0,now,now,"[""now"", ""delay1"", ""delay2"", ""endpoint_only""]",4,"{""now"": 0.0, ""delay1"": 0.0, ""delay2"": 0.0, ""endpoint_only"": 0.0}",0,0,14.4984175869904,14.4984175869904,0,0.0,0.0
historical_pass,historical_pass/test-984,test-984,43,"[17, 29]",0,now,now,"[""now"", ""delay1"", ""delay2"", ""endpoint_only""]",4,"{""now"": 0.0, ""delay1"": 0.0, ""delay2"": 0.0, ""endpoint_only"": 0.0}",0,0,5.267266543014557,5.267266543014557,0,0.0,0.0
historical_pass,historical_pass/test-135,test-135,43,"[17, 29]",0.05,now,now,"[""now""]",1,"{""now"": -0.027793054996738998, ""delay1"": -0.05009683434562441, ""delay2"": -0.035999984230913856, ""endpoint_only"": -0.07581262884081526}",0,0,10.040625892026583,10.040625892026583,0,0.0,0.0
historical_pass,historical_pass/test-159,test-159,43,"[17, 29]",0.05,now,now,"[""now""]",1,"{""now"": -0.029242008782786967, ""delay1"": -0.0453096704953941, ""delay2"": -0.0452575059436086, ""endpoint_only"": -0.044550266995319165}",0,0,3.156390424017445,3.156390424017445,0,0.0,0.0
historical_pass,historical_pass/test-210,test-210,43,"[17, 29]",0.05,delay1,now,"[""delay1""]",1,"{""now"": -0.10216444371247402, ""delay1"": -0.09773220797644835, ""delay2"": -0.1332218427281187, ""endpoint_only"": -0.14443651591501788}",1,0,11.49307465502352,12.719816351993359,1,-1.2267416969698388,1.0079162934477528
historical_pass,historical_pass/test-365,test-365,43,"[17, 29]",0.05,delay2,now,"[""delay2""]",1,"{""now"": 0.9857626440504079, ""delay1"": 0.9867483986106885, ""delay2"": 0.9869172456940281, ""endpoint_only"": 0.9867719902121508}",1,1,1.9968269130040426,2.2374273470049957,0,-0.2406004340009531,0.001552619955702883
historical_pass,historical_pass/test-392,test-392,43,"[17, 29]",0.05,delay1,now,"[""delay1""]",1,"{""now"": 0.980753725977358, ""delay1"": 0.9809014622976293, ""delay2"": 0.9791682094487888, ""endpoint_only"": 0.9805530002436899}",1,1,3.8150297590182163,3.8981614820077084,0,-0.08313172298949212,0.0005364577690867289
historical_pass,historical_pass/test-450,test-450,43,"[17, 29]",0.05,now,now,"[""now""]",1,"{""now"": 0.9340581448313996, ""delay1"": 0.4046208573164679, ""delay2"": 0.40317447788377475, ""endpoint_only"": 0.8782939029459991}",0,0,11.611722643021494,11.611722643021494,0,0.0,0.0
historical_pass,historical_pass/test-518,test-518,43,"[17, 29]",0.05,delay2,now,"[""delay2""]",1,"{""now"": 0.9701378634095323, ""delay1"": 0.9701876090277104, ""delay2"": 0.972313911891071, ""endpoint_only"": 0.9720952526226633}",1,1,3.528344456004561,3.7791192089935066,0,-0.2507747529889457,0.0016182759083284148
historical_pass,historical_pass/test-80,test-80,43,"[17, 29]",0.05,endpoint_only,now,"[""endpoint_only""]",1,"{""now"": -0.012414074798448586, ""delay1"": -0.010523087678441026, ""delay2"": -0.010533331415268276, ""endpoint_only"": -0.010455097427696017}",0,0,1.5980729839939158,1.8679035760142142,0,-0.26983059202029835,0.0017412452457512481
historical_pass,historical_pass/test-903,test-903,43,"[17, 29]",0.05,delay2,now,"[""delay2""]",1,"{""now"": 0.9637895791249576, ""delay1"": 0.964289363273498, ""delay2"": 0.9666877448989687, ""endpoint_only"": 0.9661690353571528}",1,1,5.225369535997743,5.560576049014344,0,-0.3352065130166011,0.0021631229534236907
historical_pass,historical_pass/test-916,test-916,43,"[17, 29]",0.05,now,now,"[""now""]",1,"{""now"": 0.45036453291460576, ""delay1"": -0.08042977931510722, ""delay2"": 0.3978428483416159, ""endpoint_only"": 0.35034566061859385}",1,1,9.086324140967918,9.086324140967918,0,0.0,0.0
historical_pass,historical_pass/test-979,test-979,43,"[17, 29]",0.05,now,now,"[""now""]",1,"{""now"": -0.08234879911183796, ""delay1"": -0.09374648870778676, ""delay2"": -0.11666055223273114, ""endpoint_only"": -0.16070365597591504}",0,0,14.4984175869904,14.4984175869904,0,0.0,0.0
historical_pass,historical_pass/test-984,test-984,43,"[17, 29]",0.05,now,now,"[""now""]",1,"{""now"": -0.018559561896097934, ""delay1"": -0.048234348804351665, ""delay2"": -0.04890878478540096, ""endpoint_only"": -0.11874841519245372}",0,0,5.267266543014557,5.267266543014557,0,0.0,0.0
historical_pass,historical_pass/test-135,test-135,43,"[17, 29]",0.1,now,now,"[""now""]",1,"{""now"": -0.055586109993477996, ""delay1"": -0.10019366869124882, ""delay2"": -0.07199996846182771, ""endpoint_only"": -0.15162525768163052}",0,0,10.040625892026583,10.040625892026583,0,0.0,0.0
historical_pass,historical_pass/test-159,test-159,43,"[17, 29]",0.1,now,now,"[""now""]",1,"{""now"": -0.058484017565573934, ""delay1"": -0.0906193409907882, ""delay2"": -0.0905150118872172, ""endpoint_only"": -0.08910053399063833}",0,0,3.156390424017445,3.156390424017445,0,0.0,0.0
historical_pass,historical_pass/test-210,test-210,43,"[17, 29]",0.1,delay1,now,"[""delay1""]",1,"{""now"": -0.20432888742494804, ""delay1"": -0.1954644159528967, ""delay2"": -0.2664436854562374, ""endpoint_only"": -0.28887303183003576}",1,0,11.49307465502352,12.719816351993359,1,-1.2267416969698388,1.0158325868955056
historical_pass,historical_pass/test-365,test-365,43,"[17, 29]",0.1,delay2,now,"[""delay2""]",1,"{""now"": 0.9715252881008158, ""delay1"": 0.973496797221377, ""delay2"": 0.9738344913880561, ""endpoint_only"": 0.9735439804243015}",1,1,1.9968269130040426,2.2374273470049957,0,-0.2406004340009531,0.003105239911405766
historical_pass,historical_pass/test-392,test-392,43,"[17, 29]",0.1,delay1,now,"[""delay1""]",1,"{""now"": 0.9615074519547161, ""delay1"": 0.9618029245952584, ""delay2"": 0.9583364188975775, ""endpoint_only"": 0.9611060004873797}",1,1,3.8150297590182163,3.8981614820077084,0,-0.08313172298949212,0.0010729155381734579
historical_pass,historical_pass/test-450,test-450,43,"[17, 29]",0.1,now,now,"[""now""]",1,"{""now"": 0.8681162896627992, ""delay1"": 0.3092417146329359, ""delay2"": 0.3063489557675495, ""endpoint_only"": 0.7565878058919981}",0,0,11.611722643021494,11.611722643021494,0,0.0,0.0
historical_pass,historical_pass/test-518,test-518,43,"[17, 29]",0.1,delay2,now,"[""delay2""]",1,"{""now"": 0.9402757268190647, ""delay1"": 0.9403752180554208, ""delay2"": 0.9446278237821419, ""endpoint_only"": 0.9441905052453266}",1,1,3.528344456004561,3.7791192089935066,0,-0.2507747529889457,0.0032365518166568297
historical_pass,historical_pass/test-80,test-80,43,"[17, 29]",0.1,endpoint_only,now,"[""endpoint_only""]",1,"{""now"": -0.02482814959689717, ""delay1"": -0.021046175356882052, ""delay2"": -0.021066662830536553, ""endpoint_only"": -0.020910194855392035}",0,0,1.5980729839939158,1.8679035760142142,0,-0.26983059202029835,0.0034824904915024962
historical_pass,historical_pass/test-903,test-903,43,"[17, 29]",0.1,delay2,now,"[""delay2""]",1,"{""now"": 0.9275791582499151, ""delay1"": 0.928578726546996, ""delay2"": 0.9333754897979374, ""endpoint_only"": 0.9323380707143056}",1,1,5.225369535997743,5.560576049014344,0,-0.3352065130166011,0.004326245906847381
historical_pass,historical_pass/test-916,test-916,43,"[17, 29]",0.1,now,now,"[""now""]",1,"{""now"": 0.40072906582921164, ""delay1"": -0.16085955863021445, ""delay2"": 0.29568569668323175, ""endpoint_only"": 0.2006913212371877}",1,1,9.086324140967918,9.086324140967918,0,0.0,0.0
historical_pass,historical_pass/test-979,test-979,43,"[17, 29]",0.1,now,now,"[""now""]",1,"{""now"": -0.1646975982236759, ""delay1"": -0.18749297741557353, ""delay2"": -0.23332110446546228, ""endpoint_only"": -0.3214073119518301}",0,0,14.4984175869904,14.4984175869904,0,0.0,0.0
historical_pass,historical_pass/test-984,test-984,43,"[17, 29]",0.1,now,now,"[""now""]",1,"{""now"": -0.03711912379219587, ""delay1"": -0.09646869760870333, ""delay2"": -0.09781756957080193, ""endpoint_only"": -0.23749683038490743}",0,0,5.267266543014557,5.267266543014557,0,0.0,0.0
historical_pass,historical_pass/test-135,test-135,43,"[17, 29]",0.2,now,now,"[""now""]",1,"{""now"": -0.11117221998695599, ""delay1"": -0.20038733738249764, ""delay2"": -0.14399993692365542, ""endpoint_only"": -0.30325051536326103}",0,0,10.040625892026583,10.040625892026583,0,0.0,0.0
historical_pass,historical_pass/test-159,test-159,43,"[17, 29]",0.2,now,now,"[""now""]",1,"{""now"": -0.11696803513114787, ""delay1"": -0.1812386819815764, ""delay2"": -0.1810300237744344, ""endpoint_only"": -0.17820106798127666}",0,0,3.156390424017445,3.156390424017445,0,0.0,0.0
historical_pass,historical_pass/test-210,test-210,43,"[17, 29]",0.2,delay1,now,"[""delay1""]",1,"{""now"": -0.40865777484989607, ""delay1"": -0.3909288319057934, ""delay2"": -0.5328873709124748, ""endpoint_only"": -0.5777460636600715}",1,0,11.49307465502352,12.719816351993359,1,-1.2267416969698388,1.0316651737910112
historical_pass,historical_pass/test-365,test-365,43,"[17, 29]",0.2,delay2,now,"[""delay2""]",1,"{""now"": 0.9430505762016317, ""delay1"": 0.9469935944427541, ""delay2"": 0.9476689827761123, ""endpoint_only"": 0.9470879608486029}",1,1,1.9968269130040426,2.2374273470049957,0,-0.2406004340009531,0.006210479822811643
historical_pass,historical_pass/test-392,test-392,43,"[17, 29]",0.2,delay1,now,"[""delay1""]",1,"{""now"": 0.9230149039094322, ""delay1"": 0.9236058491905168, ""delay2"": 0.916672837795155, ""endpoint_only"": 0.9222120009747594}",1,1,3.8150297590182163,3.8981614820077084,0,-0.08313172298949212,0.0021458310763469157
historical_pass,historical_pass/test-450,test-450,43,"[17, 29]",0.2,now,now,"[""now""]",1,"{""now"": 0.7362325793255985, ""delay1"": 0.11848342926587185, ""delay2"": 0.11269791153509906, ""endpoint_only"": 0.5131756117839963}",0,0,11.611722643021494,11.611722643021494,0,0.0,0.0
historical_pass,historical_pass/test-518,test-518,43,"[17, 29]",0.2,delay2,now,"[""delay2""]",1,"{""now"": 0.8805514536381294, ""delay1"": 0.8807504361108416, ""delay2"": 0.8892556475642838, ""endpoint_only"": 0.8883810104906532}",1,1,3.528344456004561,3.7791192089935066,0,-0.2507747529889457,0.00647310363331377
historical_pass,historical_pass/test-80,test-80,43,"[17, 29]",0.2,endpoint_only,now,"[""endpoint_only""]",1,"{""now"": -0.04965629919379434, ""delay1"": -0.042092350713764104, ""delay2"": -0.042133325661073105, ""endpoint_only"": -0.04182038971078407}",0,0,1.5980729839939158,1.8679035760142142,0,-0.26983059202029835,0.0069649809830049925
historical_pass,historical_pass/test-903,test-903,43,"[17, 29]",0.2,delay2,now,"[""delay2""]",1,"{""now"": 0.8551583164998302, ""delay1"": 0.857157453093992, ""delay2"": 0.8667509795958748, ""endpoint_only"": 0.8646761414286112}",1,1,5.225369535997743,5.560576049014344,0,-0.3352065130166011,0.008652491813694763
historical_pass,historical_pass/test-916,test-916,43,"[17, 29]",0.2,now,now,"[""now""]",1,"{""now"": 0.3014581316584233, ""delay1"": -0.3217191172604289, ""delay2"": 0.09137139336646355, ""endpoint_only"": -0.09861735752562462}",1,1,9.086324140967918,9.086324140967918,0,0.0,0.0
historical_pass,historical_pass/test-979,test-979,43,"[17, 29]",0.2,now,now,"[""now""]",1,"{""now"": -0.3293951964473518, ""delay1"": -0.37498595483114705, ""delay2"": -0.46664220893092456, ""endpoint_only"": -0.6428146239036602}",0,0,14.4984175869904,14.4984175869904,0,0.0,0.0
historical_pass,historical_pass/test-984,test-984,43,"[17, 29]",0.2,now,now,"[""now""]",1,"{""now"": -0.07423824758439174, ""delay1"": -0.19293739521740666, ""delay2"": -0.19563513914160385, ""endpoint_only"": -0.47499366076981486}",0,0,5.267266543014557,5.267266543014557,0,0.0,0.0
historical_pass,historical_pass/test-135,test-135,43,"[17, 29]",0.5,now,now,"[""now""]",1,"{""now"": -0.27793054996739, ""delay1"": -0.5009683434562442, ""delay2"": -0.3599998423091386, ""endpoint_only"": -0.7581262884081524}",0,0,10.040625892026583,10.040625892026583,0,0.0,0.0
historical_pass,historical_pass/test-159,test-159,43,"[17, 29]",0.5,now,now,"[""now""]",1,"{""now"": -0.2924200878278696, ""delay1"": -0.45309670495394094, ""delay2"": -0.452575059436086, ""endpoint_only"": -0.44550266995319165}",0,0,3.156390424017445,3.156390424017445,0,0.0,0.0
historical_pass,historical_pass/test-210,test-210,43,"[17, 29]",0.5,delay1,now,"[""delay1""]",1,"{""now"": -1.0216444371247402, ""delay1"": -0.9773220797644837, ""delay2"": -1.3322184272811872, ""endpoint_only"": -1.444365159150179}",1,0,11.49307465502352,12.719816351993359,1,-1.2267416969698388,1.0791629344775282
historical_pass,historical_pass/test-365,test-365,43,"[17, 29]",0.5,delay2,now,"[""delay2""]",1,"{""now"": 0.8576264405040792, ""delay1"": 0.8674839861068853, ""delay2"": 0.8691724569402808, ""endpoint_only"": 0.8677199021215073}",1,1,1.9968269130040426,2.2374273470049957,0,-0.2406004340009531,0.015526199557029163
historical_pass,historical_pass/test-392,test-392,43,"[17, 29]",0.5,delay1,now,"[""delay1""]",1,"{""now"": 0.8075372597735804, ""delay1"": 0.8090146229762922, ""delay2"": 0.7916820944878874, ""endpoint_only"": 0.8055300024368988}",1,1,3.8150297590182163,3.8981614820077084,0,-0.08313172298949212,0.005364577690867289
historical_pass,historical_pass/test-450,test-450,43,"[17, 29]",0.5,now,now,"[""now""]",1,"{""now"": 0.34058144831399617, ""delay1"": -0.45379142683532037, ""delay2"": -0.46825522116225227, ""endpoint_only"": -0.21706097054000917}",0,0,11.611722643021494,11.611722643021494,0,0.0,0.0
historical_pass,historical_pass/test-518,test-518,43,"[17, 29]",0.5,delay2,now,"[""delay2""]",1,"{""now"": 0.7013786340953232, ""delay1"": 0.701876090277104, ""delay2"": 0.7231391189107095, ""endpoint_only"": 0.720952526226633}",1,1,3.528344456004561,3.7791192089935066,0,-0.2507747529889457,0.01618275908328426
historical_pass,historical_pass/test-80,test-80,43,"[17, 29]",0.5,endpoint_only,now,"[""endpoint_only""]",1,"{""now"": -0.12414074798448584, ""delay1"": -0.10523087678441025, ""delay2"": -0.10533331415268277, ""endpoint_only"": -0.10455097427696017}",0,0,1.5980729839939158,1.8679035760142142,0,-0.26983059202029835,0.01741245245751248
historical_pass,historical_pass/test-903,test-903,43,"[17, 29]",0.5,delay2,now,"[""delay2""]",1,"{""now"": 0.6378957912495754, ""delay1"": 0.6428936327349802, ""delay2"": 0.6668774489896867, ""endpoint_only"": 0.661690353571528}",1,1,5.225369535997743,5.560576049014344,0,-0.3352065130166011,0.021631229534236907
historical_pass,historical_pass/test-916,test-916,43,"[17, 29]",0.5,now,now,"[""now""]",1,"{""now"": 0.0036453291460581405, ""delay1"": -0.8042977931510721, ""delay2"": -0.5215715165838412, ""endpoint_only"": -0.9965433938140614}",1,1,9.086324140967918,9.086324140967918,0,0.0,0.0
historical_pass,historical_pass/test-979,test-979,43,"[17, 29]",0.5,now,now,"[""now""]",1,"{""now"": -0.8234879911183794, ""delay1"": -0.9374648870778677, ""delay2"": -1.1666055223273113, ""endpoint_only"": -1.6070365597591505}",0,0,14.4984175869904,14.4984175869904,0,0.0,0.0
historical_pass,historical_pass/test-984,test-984,43,"[17, 29]",0.5,now,now,"[""now""]",1,"{""now"": -0.18559561896097931, ""delay1"": -0.48234348804351657, ""delay2"": -0.48908784785400966, ""endpoint_only"": -1.1874841519245372}",0,0,5.267266543014557,5.267266543014557,0,0.0,0.0
historical_pass,historical_pass/test-135,test-135,43,"[17, 29]",1,now,now,"[""now""]",1,"{""now"": -0.55586109993478, ""delay1"": -1.0019366869124884, ""delay2"": -0.7199996846182772, ""endpoint_only"": -1.5162525768163049}",0,0,10.040625892026583,10.040625892026583,0,0.0,0.0
historical_pass,historical_pass/test-159,test-159,43,"[17, 29]",1,now,now,"[""now""]",1,"{""now"": -0.5848401756557392, ""delay1"": -0.9061934099078819, ""delay2"": -0.905150118872172, ""endpoint_only"": -0.8910053399063833}",0,0,3.156390424017445,3.156390424017445,0,0.0,0.0
historical_pass,historical_pass/test-210,test-210,43,"[17, 29]",1,delay1,now,"[""delay1""]",1,"{""now"": -2.0432888742494804, ""delay1"": -1.9546441595289674, ""delay2"": -2.6644368545623744, ""endpoint_only"": -2.888730318300358}",1,0,11.49307465502352,12.719816351993359,1,-1.2267416969698388,1.1583258689550564
historical_pass,historical_pass/test-365,test-365,43,"[17, 29]",1,delay2,now,"[""delay2""]",1,"{""now"": 0.7152528810081585, ""delay1"": 0.7349679722137705, ""delay2"": 0.7383449138805617, ""endpoint_only"": 0.7354398042430146}",1,1,1.9968269130040426,2.2374273470049957,0,-0.2406004340009531,0.031052399114058216
historical_pass,historical_pass/test-392,test-392,43,"[17, 29]",1,delay1,now,"[""delay1""]",1,"{""now"": 0.6150745195471607, ""delay1"": 0.6180292459525843, ""delay2"": 0.5833641889757748, ""endpoint_only"": 0.6110600048737975}",1,1,3.8150297590182163,3.8981614820077084,0,-0.08313172298949212,0.01072915538173469
historical_pass,historical_pass/test-450,test-450,43,"[17, 29]",1,now,now,"[""now""]",1,"{""now"": -0.3188371033720077, ""delay1"": -1.4075828536706407, ""delay2"": -1.4365104423245045, ""endpoint_only"": -1.4341219410800183}",0,0,11.611722643021494,11.611722643021494,0,0.0,0.0
historical_pass,historical_pass/test-518,test-518,43,"[17, 29]",1,delay2,now,"[""delay2""]",1,"{""now"": 0.4027572681906465, ""delay1"": 0.40375218055420786, ""delay2"": 0.4462782378214191, ""endpoint_only"": 0.4419050524532659}",1,1,3.528344456004561,3.7791192089935066,0,-0.2507747529889457,0.03236551816656852
historical_pass,historical_pass/test-80,test-80,43,"[17, 29]",1,endpoint_only,now,"[""endpoint_only""]",1,"{""now"": -0.24828149596897167, ""delay1"": -0.2104617535688205, ""delay2"": -0.21066662830536553, ""endpoint_only"": -0.20910194855392034}",0,0,1.5980729839939158,1.8679035760142142,0,-0.26983059202029835,0.03482490491502496
historical_pass,historical_pass/test-903,test-903,43,"[17, 29]",1,delay2,now,"[""delay2""]",1,"{""now"": 0.2757915824991508, ""delay1"": 0.2857872654699606, ""delay2"": 0.3337548979793734, ""endpoint_only"": 0.32338070714305583}",1,1,5.225369535997743,5.560576049014344,0,-0.3352065130166011,0.04326245906847381
historical_pass,historical_pass/test-916,test-916,43,"[17, 29]",1,now,now,"[""now""]",1,"{""now"": -0.49270934170788366, ""delay1"": -1.6085955863021442, ""delay2"": -1.5431430331676823, ""endpoint_only"": -2.4930867876281226}",1,1,9.086324140967918,9.086324140967918,0,0.0,0.0
historical_pass,historical_pass/test-979,test-979,43,"[17, 29]",1,now,now,"[""now""]",1,"{""now"": -1.646975982236759, ""delay1"": -1.8749297741557354, ""delay2"": -2.3332110446546226, ""endpoint_only"": -3.214073119518301}",0,0,14.4984175869904,14.4984175869904,0,0.0,0.0
historical_pass,historical_pass/test-984,test-984,43,"[17, 29]",1,now,now,"[""now""]",1,"{""now"": -0.37119123792195863, ""delay1"": -0.9646869760870331, ""delay2"": -0.9781756957080193, ""endpoint_only"": -2.3749683038490743}",0,0,5.267266543014557,5.267266543014557,0,0.0,0.0
