path_id,question_id,event_index,phase,seconds,in_service_cost,tokens
A/unchecked/test-1149,test-1149,0,INITIAL,0.22146551200421527,True,114
A/unchecked/test-1149,test-1149,0,decode,3.9408093259553425,True,119
A/unchecked/test-690,test-690,0,INITIAL,0.043104741955175996,True,135
A/unchecked/test-690,test-690,0,decode,12.004730297019705,True,379
A/unchecked/test-823,test-823,0,INITIAL,0.04261938499985263,True,180
A/unchecked/test-823,test-823,0,decode,7.490992537990678,True,217
A/unchecked/test-1110,test-1110,0,INITIAL,0.04344979301095009,True,161
A/unchecked/test-1110,test-1110,0,decode,4.575647069024853,True,148
A/unchecked/test-23,test-23,0,INITIAL,0.03437908197520301,True,122
A/unchecked/test-23,test-23,0,decode,3.4953952010255307,True,107
A/unchecked/test-1249,test-1249,0,INITIAL,0.07372370595112443,True,193
A/unchecked/test-1249,test-1249,0,decode,13.520358172012493,True,431
A/unchecked/test-783,test-783,0,INITIAL,0.04272087698336691,True,187
A/unchecked/test-783,test-783,0,decode,14.230588415986858,True,439
A/unchecked/test-857,test-857,0,INITIAL,0.04657012299867347,True,163
A/unchecked/test-857,test-857,0,decode,5.708539583021775,True,182
A/unchecked/test-489,test-489,0,INITIAL,0.050068303011357784,True,140
A/unchecked/test-489,test-489,0,decode,4.23091404302977,True,135
A/unchecked/test-916,test-916,0,INITIAL,0.044124659965746105,True,177
A/unchecked/test-916,test-916,0,decode,11.431014069996309,True,347
A/unchecked/test-263,test-263,0,INITIAL,0.043088236008770764,True,135
A/unchecked/test-263,test-263,0,decode,6.622924808005337,True,186
A/unchecked/test-177,test-177,0,INITIAL,0.03780580603051931,True,175
A/unchecked/test-177,test-177,0,decode,13.178508154000156,True,425
A/unchecked/test-1065,test-1065,0,INITIAL,0.03518847102532163,True,117
A/unchecked/test-1065,test-1065,0,decode,5.278125483950134,True,171
A/unchecked/test-450,test-450,0,INITIAL,0.04143557301722467,True,164
A/unchecked/test-450,test-450,0,decode,10.124732954020146,True,334
A/unchecked/test-273,test-273,0,INITIAL,0.04215818498050794,True,162
A/unchecked/test-273,test-273,0,decode,8.776717538014054,True,286
A/unchecked/test-1131,test-1131,0,INITIAL,0.040159771975595504,True,148
A/unchecked/test-1131,test-1131,0,decode,6.836907761986367,True,220
A/unchecked/test-888,test-888,0,INITIAL,0.030206779018044472,True,113
A/unchecked/test-888,test-888,0,decode,3.2053781949798577,True,96
A/unchecked/test-675,test-675,0,INITIAL,0.04143694101367146,True,185
A/unchecked/test-675,test-675,0,decode,13.572153037006501,True,438
A/unchecked/test-1025,test-1025,0,INITIAL,0.03156962001230568,True,126
A/unchecked/test-1025,test-1025,0,decode,6.231061291997321,True,206
A/unchecked/test-902,test-902,0,INITIAL,0.03548093599965796,True,124
A/unchecked/test-902,test-902,0,decode,6.145400503999554,True,197
A/unchecked/test-494,test-494,0,INITIAL,0.040965255990158767,True,168
A/unchecked/test-494,test-494,0,decode,10.066073710040655,True,326
A/unchecked/test-615,test-615,0,INITIAL,0.039322803961113095,True,167
A/unchecked/test-615,test-615,0,decode,8.775151787966024,True,292
A/unchecked/test-423,test-423,0,INITIAL,0.046851683990098536,True,195
A/unchecked/test-423,test-423,0,decode,61.37777461198857,True,1853
A/unchecked/test-1097,test-1097,0,INITIAL,0.03814175300067291,True,136
A/unchecked/test-1097,test-1097,0,decode,5.523652595991734,True,173
A/unchecked/test-473,test-473,0,INITIAL,0.03794885898241773,True,119
A/unchecked/test-473,test-473,0,decode,5.506359530962072,True,174
A/unchecked/test-660,test-660,0,INITIAL,0.03362975700292736,True,128
A/unchecked/test-660,test-660,0,decode,8.350754291983321,True,233
A/unchecked/test-975,test-975,0,INITIAL,0.035434329009149224,True,127
A/unchecked/test-975,test-975,0,decode,12.712406278005801,True,363
A/unchecked/test-1222,test-1222,0,INITIAL,0.041237819008529186,True,128
A/unchecked/test-1222,test-1222,0,decode,5.150760427000932,True,152
A/unchecked/test-580,test-580,0,INITIAL,0.04102404502918944,True,137
A/unchecked/test-580,test-580,0,decode,12.492324849998113,True,382
A/unchecked/test-1023,test-1023,0,INITIAL,0.03300354100065306,True,121
A/unchecked/test-1023,test-1023,0,decode,11.15176231204532,True,331
A/unchecked/test-525,test-525,0,INITIAL,0.04233236098662019,True,169
A/unchecked/test-525,test-525,0,decode,5.854943434998859,True,173
A/unchecked/test-1177,test-1177,0,INITIAL,0.03711135603953153,True,125
A/unchecked/test-1177,test-1177,0,decode,8.640803361020517,True,256
A/unchecked/test-576,test-576,0,INITIAL,0.04154610098339617,True,171
A/unchecked/test-576,test-576,0,decode,12.48308607499348,True,366
A/unchecked/test-901,test-901,0,INITIAL,0.0416963099851273,True,158
A/unchecked/test-901,test-901,0,decode,10.894048710993957,True,321
A/unchecked/test-589,test-589,0,INITIAL,0.04149753600358963,True,147
A/unchecked/test-589,test-589,0,decode,6.006756639981177,True,179
A/unchecked/test-420,test-420,0,INITIAL,0.04027901199879125,True,139
A/unchecked/test-420,test-420,0,decode,6.456702600000426,True,190
A/unchecked/test-1170,test-1170,0,INITIAL,0.042037412989884615,True,150
A/unchecked/test-1170,test-1170,0,decode,6.610787124955095,True,191
A/unchecked/test-13,test-13,0,INITIAL,0.041999462991952896,True,139
A/unchecked/test-13,test-13,0,decode,17.646309128962457,True,514
A/unchecked/test-453,test-453,0,INITIAL,0.03963682404719293,True,137
A/unchecked/test-453,test-453,0,decode,9.229173193976749,True,272
A/unchecked/test-317,test-317,0,INITIAL,0.0351302589988336,True,120
A/unchecked/test-317,test-317,0,decode,3.286472530977335,True,99
A/unchecked/test-191,test-191,0,INITIAL,0.034353163035120815,True,118
A/unchecked/test-191,test-191,0,decode,4.1475691619561985,True,124
A/unchecked/test-927,test-927,0,INITIAL,0.042136114032473415,True,156
A/unchecked/test-927,test-927,0,decode,8.317463762999978,True,245
A/unchecked/test-638,test-638,0,INITIAL,0.035546599014196545,True,120
A/unchecked/test-638,test-638,0,decode,4.06358741002623,True,123
A/unchecked/test-1099,test-1099,0,INITIAL,0.04703565803356469,True,156
A/unchecked/test-1099,test-1099,0,decode,7.7534098429605365,True,235
A/unchecked/test-996,test-996,0,INITIAL,0.04153718799352646,True,151
A/unchecked/test-996,test-996,0,decode,16.311292693018913,True,468
A/unchecked/test-918,test-918,0,INITIAL,0.03305377101060003,True,127
A/unchecked/test-918,test-918,0,decode,7.189535025972873,True,207
A/unchecked/test-135,test-135,0,INITIAL,0.03894200699869543,True,128
A/unchecked/test-135,test-135,0,decode,5.879188786027953,True,161
A/unchecked/test-82,test-82,0,INITIAL,0.03853928402531892,True,112
A/unchecked/test-82,test-82,0,decode,7.7992130579659715,True,209
A/unchecked/test-1264,test-1264,0,INITIAL,0.05137131497031078,True,215
A/unchecked/test-1264,test-1264,0,decode,15.718143715988845,True,461
A/unchecked/test-717,test-717,0,INITIAL,0.034366037987638265,True,126
A/unchecked/test-717,test-717,0,decode,9.425184388004709,True,290
A/unchecked/test-1248,test-1248,0,INITIAL,0.048722008999902755,True,194
A/unchecked/test-1248,test-1248,0,decode,9.886514199024532,True,315
A/unchecked/test-398,test-398,0,INITIAL,0.03879964101361111,True,140
A/unchecked/test-398,test-398,0,decode,6.854240007000044,True,212
A/unchecked/test-947,test-947,0,INITIAL,0.046904448012355715,True,137
A/unchecked/test-947,test-947,0,decode,4.001455595949665,True,125
A/unchecked/test-179,test-179,0,INITIAL,0.03757555899210274,True,124
A/unchecked/test-179,test-179,0,decode,5.88064673502231,True,180
A/unchecked/test-480,test-480,0,INITIAL,0.041210044000763446,True,131
A/unchecked/test-480,test-480,0,decode,5.836043659015559,True,178
A/unchecked/test-752,test-752,0,INITIAL,0.035433796991128474,True,118
A/unchecked/test-752,test-752,0,decode,4.9874771980103105,True,148
A/unchecked/test-830,test-830,0,INITIAL,0.04251235001720488,True,149
A/unchecked/test-830,test-830,0,decode,8.42026167397853,True,249
A/unchecked/test-796,test-796,0,INITIAL,0.04082415101584047,True,145
A/unchecked/test-796,test-796,0,decode,7.55381655000383,True,221
A/unchecked/test-210,test-210,0,INITIAL,0.045672895037569106,True,182
A/unchecked/test-210,test-210,0,decode,12.932532000995707,True,373
A/unchecked/test-983,test-983,0,INITIAL,0.03561293298844248,True,114
A/unchecked/test-983,test-983,0,decode,5.175336258020252,True,159
A/unchecked/test-152,test-152,0,INITIAL,0.038046538014896214,True,123
A/unchecked/test-152,test-152,0,decode,4.503332533990033,True,141
A/unchecked/test-51,test-51,0,INITIAL,0.03980806999607012,True,131
A/unchecked/test-51,test-51,0,decode,14.802800982026383,True,460
A/unchecked/test-75,test-75,0,INITIAL,0.03859819000354037,True,148
A/unchecked/test-75,test-75,0,decode,8.601599293004256,True,261
A/unchecked/test-270,test-270,0,INITIAL,0.03790553199360147,True,158
A/unchecked/test-270,test-270,0,decode,7.94471465802053,True,253
A/unchecked/test-518,test-518,0,INITIAL,0.03984120499808341,True,147
A/unchecked/test-518,test-518,0,decode,10.239579762972426,True,319
A/unchecked/test-788,test-788,0,INITIAL,0.03977398399729282,True,133
A/unchecked/test-788,test-788,0,decode,2.9846300130011514,True,96
A/unchecked/test-903,test-903,0,INITIAL,0.03920836100587621,True,138
A/unchecked/test-903,test-903,0,decode,16.53540878702188,True,480
A/unchecked/test-1236,test-1236,0,INITIAL,0.04134172998601571,True,148
A/unchecked/test-1236,test-1236,0,decode,9.071689377014991,True,268
A/unchecked/test-782,test-782,0,INITIAL,0.03671878098975867,True,126
A/unchecked/test-782,test-782,0,decode,5.007423966948409,True,161
A/unchecked/test-865,test-865,0,INITIAL,0.04401871102163568,True,151
A/unchecked/test-865,test-865,0,decode,8.85909719398478,True,277
A/unchecked/test-979,test-979,0,INITIAL,0.03719956200802699,True,131
A/unchecked/test-979,test-979,0,decode,25.97754192102002,True,815
A/unchecked/test-239,test-239,0,INITIAL,0.03967301599914208,True,170
A/unchecked/test-239,test-239,0,decode,8.308369171980303,True,261
A/unchecked/test-169,test-169,0,INITIAL,0.037088669021613896,True,113
A/unchecked/test-169,test-169,0,decode,7.938548620033544,True,252
A/unchecked/test-150,test-150,0,INITIAL,0.040944526030216366,True,175
A/unchecked/test-150,test-150,0,decode,10.008418443030678,True,306
A/unchecked/test-959,test-959,0,INITIAL,0.04425839096074924,True,195
A/unchecked/test-959,test-959,0,decode,8.18446183897322,True,265
A/unchecked/test-186,test-186,0,INITIAL,0.04491365299327299,True,197
A/unchecked/test-186,test-186,0,decode,19.020534751995,True,606
A/unchecked/test-418,test-418,0,INITIAL,0.039063270029146224,True,129
A/unchecked/test-418,test-418,0,decode,10.405461639980786,True,308
A/unchecked/test-392,test-392,0,INITIAL,0.043488128983881325,True,145
A/unchecked/test-392,test-392,0,decode,9.605448933027219,True,267
A/unchecked/test-1006,test-1006,0,INITIAL,0.04304017999675125,True,191
A/unchecked/test-1006,test-1006,0,decode,6.891929150966462,True,198
A/unchecked/test-1156,test-1156,0,INITIAL,0.03919882501941174,True,147
A/unchecked/test-1156,test-1156,0,decode,10.641096118022688,True,302
A/unchecked/test-161,test-161,0,INITIAL,0.04248161299619824,True,154
A/unchecked/test-161,test-161,0,decode,8.558761100983247,True,255
A/unchecked/test-686,test-686,0,INITIAL,0.03921772900503129,True,139
A/unchecked/test-686,test-686,0,decode,5.488284591003321,True,164
A/unchecked/test-80,test-80,0,INITIAL,0.03282994299661368,True,117
A/unchecked/test-80,test-80,0,decode,7.014569887018297,True,213
A/unchecked/test-1154,test-1154,0,INITIAL,0.03697210497921333,True,115
A/unchecked/test-1154,test-1154,0,decode,5.851240399992093,True,174
A/unchecked/test-1206,test-1206,0,INITIAL,0.04042359202867374,True,149
A/unchecked/test-1206,test-1206,0,decode,10.746742795978207,True,309
A/unchecked/test-984,test-984,0,INITIAL,0.04209471505600959,True,168
A/unchecked/test-984,test-984,0,decode,25.00000663299579,True,728
A/unchecked/test-365,test-365,0,INITIAL,0.03537823201622814,True,111
A/unchecked/test-365,test-365,0,decode,5.508525367011316,True,168
A/unchecked/test-42,test-42,0,INITIAL,0.043192534998524934,True,163
A/unchecked/test-42,test-42,0,decode,4.4446572460001335,True,138
A/unchecked/test-208,test-208,0,INITIAL,0.045152259001042694,True,143
A/unchecked/test-208,test-208,0,decode,5.260332535021007,True,157
A/unchecked/test-247,test-247,0,INITIAL,0.042282734997570515,True,157
A/unchecked/test-247,test-247,0,decode,5.652531558996998,True,170
A/unchecked/test-269,test-269,0,INITIAL,0.03577978000976145,True,120
A/unchecked/test-269,test-269,0,decode,8.04437521402724,True,236
A/unchecked/test-695,test-695,0,INITIAL,0.03438317199470475,True,125
A/unchecked/test-695,test-695,0,decode,5.140772184997331,True,152
A/unchecked/test-159,test-159,0,INITIAL,0.043562120001297444,True,140
A/unchecked/test-159,test-159,0,decode,4.999656699015759,True,148
A/unchecked/test-1155,test-1155,0,INITIAL,0.039563139027450234,True,119
A/unchecked/test-1155,test-1155,0,decode,6.276605995022692,True,189
A/unchecked/test-333,test-333,0,INITIAL,0.044416449032723904,True,163
A/unchecked/test-333,test-333,0,decode,9.388762363989372,True,266
A/unchecked/test-762,test-762,0,INITIAL,0.08595349598908797,True,136
A/unchecked/test-762,test-762,0,decode,8.943641933030449,True,255
A/unchecked/test-1147,test-1147,0,INITIAL,0.04296508798142895,True,179
A/unchecked/test-1147,test-1147,0,decode,13.84952837700257,True,412
A/unchecked/test-818,test-818,0,INITIAL,0.044223723001778126,True,139
A/unchecked/test-818,test-818,0,decode,7.016210078960285,True,203
A/unchecked/test-645,test-645,0,INITIAL,0.04091685201274231,True,119
A/unchecked/test-645,test-645,0,decode,5.55782398104202,True,156
A/unchecked/test-963,test-963,0,INITIAL,0.04647728300187737,True,154
A/unchecked/test-963,test-963,0,decode,13.470612163015176,True,379
A/endpoint/test-1149,test-1149,0,INITIAL,0.035182353982236236,True,114
A/endpoint/test-1149,test-1149,0,decode,3.6642573840217665,True,119
A/endpoint/test-1149,test-1149,1,verify_call,0.4987840660032816,True,170
A/endpoint/test-690,test-690,0,INITIAL,0.04289419302949682,True,135
A/endpoint/test-690,test-690,0,decode,12.305636011995375,True,379
A/endpoint/test-690,test-690,1,verify_call,0.4535322820302099,True,462
A/endpoint/test-823,test-823,0,INITIAL,0.04509294801391661,True,180
A/endpoint/test-823,test-823,0,decode,7.411505074996967,True,217
A/endpoint/test-823,test-823,1,verify_call,0.35100549599155784,True,346
A/endpoint/test-1110,test-1110,0,INITIAL,0.040539137029554695,True,161
A/endpoint/test-1110,test-1110,0,decode,4.815558682021219,True,148
A/endpoint/test-1110,test-1110,1,verify_call,0.2755415380233899,True,242
A/endpoint/test-1110,test-1110,4,FAIL_RESTORE,0.13241762801771984,True,222
A/endpoint/test-1110,test-1110,4,decode,9.63667263800744,True,289
A/endpoint/test-1110,test-1110,5,verify_call,0.3872980159940198,True,379
A/endpoint/test-1110,test-1110,8,FAIL_RESTORE,0.12022266496205702,True,222
A/endpoint/test-1110,test-1110,8,decode,2.8697268799878657,True,92
A/endpoint/test-1110,test-1110,9,verify_call,0.276986011012923,True,190
A/endpoint/test-1110,test-1110,12,FAIL_RESTORE,0.09870543301803991,True,222
A/endpoint/test-1110,test-1110,12,decode,3.843808185949456,True,118
A/endpoint/test-1110,test-1110,13,verify_call,0.2986864459817298,True,214
A/endpoint/test-1110,test-1110,16,FAIL_RESTORE,0.09012030897429213,True,222
A/endpoint/test-1110,test-1110,16,decode,3.0882900090073235,True,91
A/endpoint/test-1110,test-1110,17,verify_call,0.28756363602587953,True,188
A/endpoint/test-1110,test-1110,20,FAIL_RESTORE,0.07648294401587918,True,222
A/endpoint/test-1110,test-1110,20,decode,10.114406378008425,True,300
A/endpoint/test-1110,test-1110,21,verify_call,0.42326032201526687,True,392
A/endpoint/test-23,test-23,0,INITIAL,0.03489441203419119,True,122
A/endpoint/test-23,test-23,0,decode,3.2248732909793034,True,107
A/endpoint/test-23,test-23,1,verify_call,0.2589578269980848,True,169
A/endpoint/test-1249,test-1249,0,INITIAL,0.04631125903688371,True,193
A/endpoint/test-1249,test-1249,0,decode,13.963647352007683,True,431
A/endpoint/test-1249,test-1249,1,verify_call,0.49848470801953226,True,572
A/endpoint/test-1249,test-1249,4,FAIL_RESTORE,0.07564630103297532,True,254
A/endpoint/test-1249,test-1249,4,decode,2.9409925770014524,True,96
A/endpoint/test-1249,test-1249,5,verify_call,0.26368564303265885,True,224
A/endpoint/test-783,test-783,0,INITIAL,0.04256995103787631,True,187
A/endpoint/test-783,test-783,0,decode,14.762615882966202,True,439
A/endpoint/test-857,test-857,0,INITIAL,0.043152072990778834,True,163
A/endpoint/test-857,test-857,0,decode,6.016834907990415,True,182
A/endpoint/test-857,test-857,1,verify_call,0.3220752389752306,True,293
A/endpoint/test-489,test-489,0,INITIAL,0.0413024440058507,True,140
A/endpoint/test-489,test-489,0,decode,4.471636453003157,True,135
A/endpoint/test-489,test-489,1,verify_call,0.26733851397875696,True,213
A/endpoint/test-916,test-916,0,INITIAL,0.04234981397166848,True,177
A/endpoint/test-916,test-916,0,decode,11.696541037003044,True,347
A/endpoint/test-916,test-916,1,verify_call,0.4242729420075193,True,433
A/endpoint/test-916,test-916,4,FAIL_RESTORE,0.04979747097240761,True,238
A/endpoint/test-916,test-916,4,decode,10.583033789007459,True,312
A/endpoint/test-916,test-916,5,verify_call,0.41418095998233184,True,410
A/endpoint/test-916,test-916,8,FAIL_RESTORE,0.04889046202879399,True,238
A/endpoint/test-916,test-916,8,decode,13.864686793996952,True,451
A/endpoint/test-916,test-916,9,verify_call,0.5046382250147872,True,551
A/endpoint/test-916,test-916,12,FAIL_RESTORE,0.050487747008446604,True,238
A/endpoint/test-916,test-916,12,decode,10.823929089994635,True,352
A/endpoint/test-916,test-916,13,verify_call,0.4032620100188069,True,460
A/endpoint/test-263,test-263,0,INITIAL,0.044751539011485875,True,135
A/endpoint/test-263,test-263,0,decode,6.662570865009911,True,186
A/endpoint/test-263,test-263,1,verify_call,0.2725165589945391,True,251
A/endpoint/test-177,test-177,0,INITIAL,0.04223962704418227,True,175
A/endpoint/test-177,test-177,0,decode,14.862716042029206,True,425
A/endpoint/test-177,test-177,1,verify_call,0.5160738650010899,True,520
A/endpoint/test-1065,test-1065,0,INITIAL,0.03499833500245586,True,117
A/endpoint/test-1065,test-1065,0,decode,5.896354125987273,True,171
A/endpoint/test-1065,test-1065,1,verify_call,0.28293620998738334,True,224
A/endpoint/test-450,test-450,0,INITIAL,0.04069997800979763,True,164
A/endpoint/test-450,test-450,0,decode,12.254249647026882,True,334
A/endpoint/test-273,test-273,0,INITIAL,0.04623294802149758,True,162
A/endpoint/test-273,test-273,0,decode,10.162664632021915,True,286
A/endpoint/test-273,test-273,1,verify_call,0.36607310496037826,True,380
A/endpoint/test-273,test-273,4,FAIL_RESTORE,0.04660165001405403,True,223
A/endpoint/test-273,test-273,4,decode,8.37990154500585,True,257
A/endpoint/test-273,test-273,5,verify_call,0.3383168919826858,True,347
A/endpoint/test-273,test-273,8,FAIL_RESTORE,0.05022149399155751,True,223
A/endpoint/test-273,test-273,8,decode,8.101717392972205,True,277
A/endpoint/test-273,test-273,9,verify_call,0.33797476202016696,True,369
A/endpoint/test-1131,test-1131,0,INITIAL,0.04300353798316792,True,148
A/endpoint/test-1131,test-1131,0,decode,7.523486280988436,True,220
A/endpoint/test-1131,test-1131,1,verify_call,0.34215878701070324,True,300
A/endpoint/test-1131,test-1131,4,FAIL_RESTORE,0.04606541898101568,True,209
A/endpoint/test-1131,test-1131,4,decode,6.4593649610178545,True,195
A/endpoint/test-1131,test-1131,5,verify_call,0.3171049060183577,True,270
A/endpoint/test-1131,test-1131,8,FAIL_RESTORE,0.046733397990465164,True,209
A/endpoint/test-1131,test-1131,8,decode,2.730762293038424,True,95
A/endpoint/test-1131,test-1131,9,verify_call,0.23888046300271526,True,171
A/endpoint/test-1131,test-1131,12,FAIL_RESTORE,0.0478705299901776,True,209
A/endpoint/test-1131,test-1131,12,decode,4.934597824001685,True,158
A/endpoint/test-1131,test-1131,13,verify_call,0.2694592389743775,True,235
A/endpoint/test-1131,test-1131,16,FAIL_RESTORE,0.04712343402206898,True,209
A/endpoint/test-1131,test-1131,16,decode,4.968317173013929,True,149
A/endpoint/test-1131,test-1131,17,verify_call,0.25612598698353395,True,232
A/endpoint/test-1131,test-1131,20,FAIL_RESTORE,0.04904993198579177,True,209
A/endpoint/test-1131,test-1131,20,decode,11.692012497980613,True,356
A/endpoint/test-1131,test-1131,21,verify_call,0.407176299020648,True,427
A/endpoint/test-888,test-888,0,INITIAL,0.07864072802476585,True,113
A/endpoint/test-888,test-888,0,decode,3.137105655972846,True,96
A/endpoint/test-888,test-888,1,verify_call,0.2566284870263189,True,148
A/endpoint/test-888,test-888,4,FAIL_RESTORE,0.04505178797990084,True,174
A/endpoint/test-888,test-888,4,decode,2.576078570971731,True,81
A/endpoint/test-888,test-888,5,verify_call,0.23178415501024574,True,135
A/endpoint/test-675,test-675,0,INITIAL,0.04463202797342092,True,185
A/endpoint/test-675,test-675,0,decode,15.638822235981934,True,438
A/endpoint/test-675,test-675,1,verify_call,0.5183476940146647,True,550
A/endpoint/test-675,test-675,4,FAIL_RESTORE,0.04766967799514532,True,246
A/endpoint/test-675,test-675,4,decode,6.67190869996557,True,210
A/endpoint/test-675,test-675,5,verify_call,0.3186517690191977,True,315
A/endpoint/test-675,test-675,8,FAIL_RESTORE,0.049644134007394314,True,246
A/endpoint/test-675,test-675,8,decode,3.8687555079814047,True,132
A/endpoint/test-675,test-675,9,verify_call,0.25879039999563247,True,243
A/endpoint/test-675,test-675,12,FAIL_RESTORE,0.04987197899026796,True,246
A/endpoint/test-675,test-675,12,decode,40.95733328402275,True,1268
A/endpoint/test-1025,test-1025,0,INITIAL,0.038673800008837134,True,126
A/endpoint/test-1025,test-1025,0,decode,6.928731337015051,True,206
A/endpoint/test-1025,test-1025,1,verify_call,0.330888430995401,True,270
A/endpoint/test-1025,test-1025,4,FAIL_RESTORE,0.04324889200506732,True,187
A/endpoint/test-1025,test-1025,4,decode,4.532172204984818,True,140
A/endpoint/test-1025,test-1025,5,verify_call,0.25692873302614316,True,199
A/endpoint/test-1025,test-1025,8,FAIL_RESTORE,0.04154807003214955,True,187
A/endpoint/test-1025,test-1025,8,decode,3.5845655539887957,True,122
A/endpoint/test-1025,test-1025,9,verify_call,0.23755783098749816,True,186
A/endpoint/test-902,test-902,0,INITIAL,0.03428420500131324,True,124
A/endpoint/test-902,test-902,0,decode,7.607477029960137,True,197
A/endpoint/test-902,test-902,1,verify_call,0.2850567289860919,True,248
A/endpoint/test-494,test-494,0,INITIAL,0.04923624801449478,True,168
A/endpoint/test-494,test-494,0,decode,11.614547353994567,True,326
A/endpoint/test-494,test-494,1,verify_call,0.4369485279894434,True,423
A/endpoint/test-494,test-494,4,FAIL_RESTORE,0.04810695699416101,True,229
A/endpoint/test-494,test-494,4,decode,4.3709600460133515,True,132
A/endpoint/test-494,test-494,5,verify_call,0.2586297229863703,True,231
A/endpoint/test-494,test-494,8,FAIL_RESTORE,0.04646347597008571,True,229
A/endpoint/test-494,test-494,8,decode,5.1735231839702465,True,160
A/endpoint/test-494,test-494,9,verify_call,0.3087038499652408,True,262
A/endpoint/test-494,test-494,12,FAIL_RESTORE,0.04943016398465261,True,229
A/endpoint/test-494,test-494,12,decode,13.023915485013276,True,396
A/endpoint/test-494,test-494,13,verify_call,0.41527217597467825,True,476
A/endpoint/test-494,test-494,16,FAIL_RESTORE,0.05689035798422992,True,229
A/endpoint/test-494,test-494,16,decode,0.27524489403003827,True,8
A/endpoint/test-494,test-494,17,verify_call,0.19658492802409455,True,123
A/endpoint/test-494,test-494,20,FAIL_RESTORE,0.047185841016471386,True,229
A/endpoint/test-494,test-494,20,decode,8.706561519997194,True,265
A/endpoint/test-494,test-494,21,verify_call,0.34582897904329,True,367
A/endpoint/test-615,test-615,0,INITIAL,0.042978203971870244,True,167
A/endpoint/test-615,test-615,0,decode,9.899215993005782,True,292
A/endpoint/test-615,test-615,1,verify_call,0.4165288310032338,True,385
A/endpoint/test-615,test-615,4,FAIL_RESTORE,0.050058125983923674,True,228
A/endpoint/test-615,test-615,4,decode,9.302434879995417,True,287
A/endpoint/test-615,test-615,5,verify_call,0.34692141000414267,True,377
A/endpoint/test-423,test-423,0,INITIAL,0.05023451300803572,True,195
A/endpoint/test-423,test-423,0,decode,65.54718669003341,True,1853
A/endpoint/test-1097,test-1097,0,INITIAL,0.04161770601058379,True,136
A/endpoint/test-1097,test-1097,0,decode,5.815231809974648,True,173
A/endpoint/test-1097,test-1097,1,verify_call,0.28243458399083465,True,247
A/endpoint/test-1097,test-1097,4,FAIL_RESTORE,0.05043654004111886,True,197
A/endpoint/test-1097,test-1097,4,decode,0.22130666399607435,True,8
A/endpoint/test-1097,test-1097,5,verify_call,0.1889830370200798,True,92
A/endpoint/test-1097,test-1097,8,FAIL_RESTORE,0.04798095300793648,True,197
A/endpoint/test-1097,test-1097,8,decode,2.8597648389986716,True,88
A/endpoint/test-1097,test-1097,9,verify_call,0.22698124003363773,True,151
A/endpoint/test-1097,test-1097,12,FAIL_RESTORE,0.04939720802940428,True,197
A/endpoint/test-1097,test-1097,12,decode,4.5372027740231715,True,144
A/endpoint/test-1097,test-1097,13,verify_call,0.26642935996642336,True,218
A/endpoint/test-473,test-473,0,INITIAL,0.034595795965287834,True,119
A/endpoint/test-473,test-473,0,decode,5.850771408004221,True,174
A/endpoint/test-473,test-473,1,verify_call,0.2809462079894729,True,226
A/endpoint/test-473,test-473,4,FAIL_RESTORE,0.041265232022851706,True,180
A/endpoint/test-473,test-473,4,decode,6.178187769954093,True,195
A/endpoint/test-473,test-473,5,verify_call,0.2593597749946639,True,252
A/endpoint/test-660,test-660,0,INITIAL,0.039728787960484624,True,128
A/endpoint/test-660,test-660,0,decode,7.7959934690152295,True,233
A/endpoint/test-660,test-660,1,verify_call,0.3296828509774059,True,283
A/endpoint/test-975,test-975,0,INITIAL,0.037396277009975165,True,127
A/endpoint/test-975,test-975,0,decode,12.485050403978676,True,363
A/endpoint/test-975,test-975,1,verify_call,0.4260014650062658,True,413
A/endpoint/test-1222,test-1222,0,INITIAL,0.03815359598957002,True,128
A/endpoint/test-1222,test-1222,0,decode,5.165197846014053,True,152
A/endpoint/test-1222,test-1222,1,verify_call,0.27248171297833323,True,219
A/endpoint/test-580,test-580,0,INITIAL,0.040923643973656,True,137
A/endpoint/test-580,test-580,0,decode,12.770801410020795,True,382
A/endpoint/test-580,test-580,1,verify_call,0.44284000096376985,True,452
A/endpoint/test-580,test-580,4,FAIL_RESTORE,0.04839263000758365,True,198
A/endpoint/test-580,test-580,4,decode,6.834528399980627,True,216
A/endpoint/test-580,test-580,5,verify_call,0.31625557300867513,True,294
A/endpoint/test-580,test-580,8,FAIL_RESTORE,0.05168867000611499,True,198
A/endpoint/test-580,test-580,8,decode,11.409848924027756,True,356
A/endpoint/test-580,test-580,9,verify_call,0.4066427940269932,True,430
A/endpoint/test-580,test-580,12,FAIL_RESTORE,0.049828816030640155,True,198
A/endpoint/test-580,test-580,12,decode,5.768067963013891,True,192
A/endpoint/test-580,test-580,13,verify_call,0.3234035730129108,True,268
A/endpoint/test-580,test-580,16,FAIL_RESTORE,0.048164152016397566,True,198
A/endpoint/test-580,test-580,16,decode,7.405239862971939,True,236
A/endpoint/test-580,test-580,17,verify_call,0.30924558197148144,True,299
A/endpoint/test-580,test-580,20,FAIL_RESTORE,0.05017739400500432,True,198
A/endpoint/test-580,test-580,20,decode,5.709171928989235,True,183
A/endpoint/test-580,test-580,21,verify_call,0.2623556529870257,True,244
A/endpoint/test-1023,test-1023,0,INITIAL,0.036560424021445215,True,121
A/endpoint/test-1023,test-1023,0,decode,11.229698705021292,True,331
A/endpoint/test-1023,test-1023,1,verify_call,0.41559302899986506,True,387
A/endpoint/test-525,test-525,0,INITIAL,0.04106327996123582,True,169
A/endpoint/test-525,test-525,0,decode,5.993375052988995,True,173
A/endpoint/test-525,test-525,1,verify_call,0.3316203790018335,True,277
A/endpoint/test-525,test-525,4,FAIL_RESTORE,0.049537913990207016,True,230
A/endpoint/test-525,test-525,4,decode,9.752102076017763,True,295
A/endpoint/test-1177,test-1177,0,INITIAL,0.03201259794877842,True,125
A/endpoint/test-1177,test-1177,0,decode,8.722182657045778,True,256
A/endpoint/test-1177,test-1177,1,verify_call,0.3400041760178283,True,315
A/endpoint/test-576,test-576,0,INITIAL,0.043084695003926754,True,171
A/endpoint/test-576,test-576,0,decode,15.864269136975054,True,366
A/endpoint/test-576,test-576,1,verify_call,0.43780444702133536,True,465
A/endpoint/test-901,test-901,0,INITIAL,0.044732818962074816,True,158
A/endpoint/test-901,test-901,0,decode,11.573406635958236,True,321
A/endpoint/test-901,test-901,1,verify_call,0.4332250389852561,True,408
A/endpoint/test-901,test-901,4,FAIL_RESTORE,0.04856084898347035,True,219
A/endpoint/test-901,test-901,4,decode,5.7940361280343495,True,171
A/endpoint/test-901,test-901,5,verify_call,0.30793766904389486,True,261
A/endpoint/test-901,test-901,8,FAIL_RESTORE,0.04647778801154345,True,219
A/endpoint/test-901,test-901,8,decode,5.094754684017971,True,162
A/endpoint/test-589,test-589,0,INITIAL,0.04527558002155274,True,147
A/endpoint/test-589,test-589,0,decode,5.418983203009702,True,179
A/endpoint/test-589,test-589,1,verify_call,0.329082896001637,True,264
A/endpoint/test-589,test-589,4,FAIL_RESTORE,0.04937975300708786,True,208
A/endpoint/test-589,test-589,4,decode,5.7257088759797625,True,178
A/endpoint/test-589,test-589,5,verify_call,0.30909071199130267,True,261
A/endpoint/test-589,test-589,8,FAIL_RESTORE,0.04924615100026131,True,208
A/endpoint/test-589,test-589,8,decode,5.315324219991453,True,166
A/endpoint/test-589,test-589,9,verify_call,0.25373036600649357,True,249
A/endpoint/test-589,test-589,12,FAIL_RESTORE,0.04827692499384284,True,208
A/endpoint/test-589,test-589,12,decode,12.030562930041924,True,368
A/endpoint/test-589,test-589,13,verify_call,0.4258539139991626,True,447
A/endpoint/test-589,test-589,16,FAIL_RESTORE,0.04801328701432794,True,208
A/endpoint/test-589,test-589,16,decode,8.401627484010532,True,273
A/endpoint/test-589,test-589,17,verify_call,0.3367461949819699,True,352
A/endpoint/test-589,test-589,20,FAIL_RESTORE,0.046288294019177556,True,208
A/endpoint/test-589,test-589,20,decode,6.634714086016174,True,216
A/endpoint/test-589,test-589,21,verify_call,0.32245176198193803,True,295
A/endpoint/test-420,test-420,0,INITIAL,0.03435362799791619,True,139
A/endpoint/test-420,test-420,0,decode,6.220169291016646,True,190
A/endpoint/test-1170,test-1170,0,INITIAL,0.038167982012964785,True,150
A/endpoint/test-1170,test-1170,0,decode,5.754660320002586,True,191
A/endpoint/test-1170,test-1170,1,verify_call,0.33453344099689275,True,275
A/endpoint/test-1170,test-1170,4,FAIL_RESTORE,0.05141978000756353,True,211
A/endpoint/test-1170,test-1170,4,decode,6.972586959949695,True,209
A/endpoint/test-1170,test-1170,5,verify_call,0.31422473199199885,True,283
A/endpoint/test-13,test-13,0,INITIAL,0.03325430996483192,True,139
A/endpoint/test-13,test-13,0,decode,15.575332963024266,True,514
A/endpoint/test-453,test-453,0,INITIAL,0.03266188903944567,True,137
A/endpoint/test-453,test-453,0,decode,12.398431567009538,True,272
A/endpoint/test-453,test-453,1,verify_call,0.370559211994987,True,347
A/endpoint/test-453,test-453,4,FAIL_RESTORE,0.0485889230039902,True,198
A/endpoint/test-453,test-453,4,decode,7.002803660987411,True,212
A/endpoint/test-453,test-453,5,verify_call,0.3128632300067693,True,283
A/endpoint/test-453,test-453,8,FAIL_RESTORE,0.04444123397115618,True,198
A/endpoint/test-453,test-453,8,decode,8.774564963008743,True,268
A/endpoint/test-453,test-453,9,verify_call,0.32531151501461864,True,331
A/endpoint/test-453,test-453,12,FAIL_RESTORE,0.04629299201769754,True,198
A/endpoint/test-453,test-453,12,decode,5.543263584957458,True,188
A/endpoint/test-453,test-453,13,verify_call,0.2659080480225384,True,254
A/endpoint/test-453,test-453,16,FAIL_RESTORE,0.04937928100116551,True,198
A/endpoint/test-453,test-453,16,decode,6.277063773013651,True,208
A/endpoint/test-453,test-453,17,verify_call,0.3134534300188534,True,276
A/endpoint/test-317,test-317,0,INITIAL,0.06818635802483186,True,120
A/endpoint/test-317,test-317,0,decode,5.985724457015749,True,99
A/endpoint/test-317,test-317,1,verify_call,0.26349930500146,True,159
A/endpoint/test-191,test-191,0,INITIAL,0.056541822967119515,True,118
A/endpoint/test-191,test-191,0,decode,5.853965168003924,True,124
A/endpoint/test-191,test-191,1,verify_call,0.2638570499839261,True,175
A/endpoint/test-191,test-191,4,FAIL_RESTORE,0.042101925995666534,True,179
A/endpoint/test-191,test-191,4,decode,2.467380752961617,True,74
A/endpoint/test-191,test-191,5,verify_call,0.22014468704583123,True,129
A/endpoint/test-191,test-191,8,FAIL_RESTORE,0.09603661100845784,True,179
A/endpoint/test-191,test-191,8,decode,2.6206768809934147,True,77
A/endpoint/test-191,test-191,9,verify_call,0.22688749397639185,True,135
A/endpoint/test-191,test-191,12,FAIL_RESTORE,0.042972103983629495,True,179
A/endpoint/test-191,test-191,12,decode,1.8577614259556867,True,64
A/endpoint/test-191,test-191,13,verify_call,0.1969549810164608,True,122
A/endpoint/test-191,test-191,16,FAIL_RESTORE,0.04473017202690244,True,179
A/endpoint/test-191,test-191,16,decode,1.453400177997537,True,49
A/endpoint/test-191,test-191,17,verify_call,0.2048221139702946,True,106
A/endpoint/test-191,test-191,20,FAIL_RESTORE,0.04517219797708094,True,179
A/endpoint/test-191,test-191,20,decode,5.122729682014324,True,170
A/endpoint/test-191,test-191,21,verify_call,0.26861233601812273,True,233
A/endpoint/test-927,test-927,0,INITIAL,0.043098415015265346,True,156
A/endpoint/test-927,test-927,0,decode,11.051986293983646,True,245
A/endpoint/test-927,test-927,1,verify_call,0.3694613300031051,True,339
A/endpoint/test-638,test-638,0,INITIAL,0.07062082103220746,True,120
A/endpoint/test-638,test-638,0,decode,5.717869619955309,True,123
A/endpoint/test-638,test-638,1,verify_call,0.2563409020076506,True,179
A/endpoint/test-638,test-638,4,FAIL_RESTORE,0.04286102601327002,True,181
A/endpoint/test-638,test-638,4,decode,7.3334970070282,True,206
A/endpoint/test-638,test-638,5,verify_call,0.30583718296838924,True,262
A/endpoint/test-1099,test-1099,0,INITIAL,0.05105552694294602,True,156
A/endpoint/test-1099,test-1099,0,decode,12.75645154598169,True,235
A/endpoint/test-1099,test-1099,1,verify_call,0.3533837199793197,True,327
A/endpoint/test-996,test-996,0,INITIAL,0.03954681201139465,True,151
A/endpoint/test-996,test-996,0,decode,16.671928172989283,True,468
A/endpoint/test-918,test-918,0,INITIAL,0.04179820796707645,True,127
A/endpoint/test-918,test-918,0,decode,7.457903694012202,True,207
A/endpoint/test-918,test-918,1,verify_call,0.3274823189713061,True,274
A/endpoint/test-918,test-918,4,FAIL_RESTORE,0.042876144987531006,True,188
A/endpoint/test-918,test-918,4,decode,5.242364345991518,True,141
A/endpoint/test-918,test-918,5,verify_call,0.2573244840023108,True,197
A/endpoint/test-135,test-135,0,INITIAL,0.03449090599315241,True,128
A/endpoint/test-135,test-135,0,decode,5.635385859000962,True,161
A/endpoint/test-135,test-135,1,verify_call,0.2794460689765401,True,227
A/endpoint/test-135,test-135,4,FAIL_RESTORE,0.047820113017223775,True,189
A/endpoint/test-135,test-135,4,decode,6.711047646997031,True,176
A/endpoint/test-135,test-135,5,verify_call,0.25957094196928665,True,228
A/endpoint/test-135,test-135,8,FAIL_RESTORE,0.043245098961051553,True,189
A/endpoint/test-135,test-135,8,decode,2.0381981509854086,True,59
A/endpoint/test-135,test-135,9,verify_call,0.19237643800443038,True,125
A/endpoint/test-135,test-135,12,FAIL_RESTORE,0.04247847496299073,True,189
A/endpoint/test-135,test-135,12,decode,3.2207679679850116,True,109
A/endpoint/test-135,test-135,13,verify_call,0.24740498897153884,True,175
A/endpoint/test-135,test-135,16,FAIL_RESTORE,0.04182859504362568,True,189
A/endpoint/test-135,test-135,16,decode,2.756456022965722,True,94
A/endpoint/test-135,test-135,17,verify_call,0.2305731829837896,True,164
A/endpoint/test-82,test-82,0,INITIAL,0.03906949301017448,True,112
A/endpoint/test-82,test-82,0,decode,6.855249334999826,True,209
A/endpoint/test-82,test-82,1,verify_call,0.2760724109830335,True,246
A/endpoint/test-1264,test-1264,0,INITIAL,0.04766231297980994,True,215
A/endpoint/test-1264,test-1264,0,decode,15.136428748024628,True,461
A/endpoint/test-717,test-717,0,INITIAL,0.03673258697381243,True,126
A/endpoint/test-717,test-717,0,decode,8.864985822001472,True,290
A/endpoint/test-717,test-717,1,verify_call,0.3503187839523889,True,348
A/endpoint/test-1248,test-1248,0,INITIAL,0.04147521802224219,True,194
A/endpoint/test-1248,test-1248,0,decode,10.747765303996857,True,315
A/endpoint/test-1248,test-1248,1,verify_call,0.4276045049773529,True,450
A/endpoint/test-1248,test-1248,4,FAIL_RESTORE,0.050363500020466745,True,255
A/endpoint/test-1248,test-1248,4,decode,6.612985089013819,True,200
A/endpoint/test-1248,test-1248,5,verify_call,0.33293763297842816,True,335
A/endpoint/test-1248,test-1248,8,FAIL_RESTORE,0.0499423950095661,True,255
A/endpoint/test-1248,test-1248,8,decode,4.542122836981434,True,136
A/endpoint/test-398,test-398,0,INITIAL,0.03842027502832934,True,140
A/endpoint/test-398,test-398,0,decode,6.889728693000507,True,212
A/endpoint/test-398,test-398,1,verify_call,0.3305651639821008,True,291
A/endpoint/test-947,test-947,0,INITIAL,0.042161657998804,True,137
A/endpoint/test-947,test-947,0,decode,4.229438146983739,True,125
A/endpoint/test-947,test-947,1,verify_call,0.2760455060051754,True,202
A/endpoint/test-179,test-179,0,INITIAL,0.041173806006554514,True,124
A/endpoint/test-179,test-179,0,decode,6.271384397987276,True,180
A/endpoint/test-179,test-179,1,verify_call,0.2766835620277561,True,241
A/endpoint/test-480,test-480,0,INITIAL,0.04068056197138503,True,131
A/endpoint/test-480,test-480,0,decode,6.309860444045626,True,178
A/endpoint/test-480,test-480,1,verify_call,0.2770825219922699,True,245
A/endpoint/test-752,test-752,0,INITIAL,0.040562628011684865,True,118
A/endpoint/test-752,test-752,0,decode,5.416338681010529,True,148
A/endpoint/test-752,test-752,1,verify_call,0.27639313600957394,True,209
A/endpoint/test-752,test-752,4,FAIL_RESTORE,0.042730717977974564,True,179
A/endpoint/test-752,test-752,4,decode,5.049038442026358,True,154
A/endpoint/test-752,test-752,5,verify_call,0.25699168897699565,True,209
A/endpoint/test-752,test-752,8,FAIL_RESTORE,0.04420390597078949,True,179
A/endpoint/test-752,test-752,8,decode,4.006328315008432,True,129
A/endpoint/test-752,test-752,9,verify_call,0.23691129399230704,True,185
A/endpoint/test-752,test-752,12,FAIL_RESTORE,0.041851679037790745,True,179
A/endpoint/test-752,test-752,12,decode,2.0214759500231594,True,67
A/endpoint/test-752,test-752,13,verify_call,0.19296541099902242,True,123
A/endpoint/test-752,test-752,16,FAIL_RESTORE,0.04391932598082349,True,179
A/endpoint/test-752,test-752,16,decode,2.2671271250001155,True,77
A/endpoint/test-752,test-752,17,verify_call,0.22041439497843385,True,133
A/endpoint/test-752,test-752,20,FAIL_RESTORE,0.0419230799889192,True,179
A/endpoint/test-752,test-752,20,decode,4.968605091969948,True,169
A/endpoint/test-752,test-752,21,verify_call,0.25820675399154425,True,217
A/endpoint/test-830,test-830,0,INITIAL,0.043023433012422174,True,149
A/endpoint/test-830,test-830,0,decode,8.119186877971515,True,249
A/endpoint/test-830,test-830,1,verify_call,0.3646743500139564,True,336
A/endpoint/test-796,test-796,0,INITIAL,0.035715889011044055,True,145
A/endpoint/test-796,test-796,0,decode,7.589571876975242,True,221
A/endpoint/test-796,test-796,1,verify_call,0.34041321102995425,True,303
A/endpoint/test-796,test-796,4,FAIL_RESTORE,0.04838141502114013,True,206
A/endpoint/test-796,test-796,4,decode,5.258716162992641,True,164
A/endpoint/test-796,test-796,5,verify_call,0.25835227902280167,True,247
A/endpoint/test-796,test-796,8,FAIL_RESTORE,0.04578077798942104,True,206
A/endpoint/test-796,test-796,8,decode,4.892762941017281,True,156
A/endpoint/test-796,test-796,9,verify_call,0.2595140570192598,True,239
A/endpoint/test-796,test-796,12,FAIL_RESTORE,0.04648666299181059,True,206
A/endpoint/test-796,test-796,12,decode,6.398596427985467,True,191
A/endpoint/test-796,test-796,13,verify_call,0.3191807030234486,True,265
A/endpoint/test-796,test-796,16,FAIL_RESTORE,0.05195989599451423,True,206
A/endpoint/test-796,test-796,16,decode,5.248394810012542,True,167
A/endpoint/test-796,test-796,17,verify_call,0.2598501789616421,True,238
A/endpoint/test-796,test-796,20,FAIL_RESTORE,0.04835835297126323,True,206
A/endpoint/test-796,test-796,20,decode,6.28240404499229,True,214
A/endpoint/test-796,test-796,21,verify_call,0.3146042040316388,True,279
A/endpoint/test-210,test-210,0,INITIAL,0.03759908699430525,True,182
A/endpoint/test-210,test-210,0,decode,12.589306572044734,True,373
A/endpoint/test-210,test-210,1,verify_call,0.4444264519843273,True,481
A/endpoint/test-983,test-983,0,INITIAL,0.03987463202793151,True,114
A/endpoint/test-983,test-983,0,decode,5.133830901002511,True,159
A/endpoint/test-983,test-983,1,verify_call,0.27630858396878466,True,200
A/endpoint/test-152,test-152,0,INITIAL,0.030857170990202576,True,123
A/endpoint/test-152,test-152,0,decode,4.4815619720029645,True,141
A/endpoint/test-152,test-152,1,verify_call,0.2843944790074602,True,200
A/endpoint/test-152,test-152,4,FAIL_RESTORE,0.04277992300922051,True,184
A/endpoint/test-152,test-152,4,decode,4.855221991019789,True,142
A/endpoint/test-152,test-152,5,verify_call,0.2643552079680376,True,201
A/endpoint/test-51,test-51,0,INITIAL,0.03507858497323468,True,131
A/endpoint/test-51,test-51,0,decode,15.623141604010016,True,460
A/endpoint/test-51,test-51,1,verify_call,0.5308623979799449,True,519
A/endpoint/test-51,test-51,4,FAIL_RESTORE,0.044600570981856436,True,192
A/endpoint/test-51,test-51,4,decode,8.13022488297429,True,233
A/endpoint/test-51,test-51,5,verify_call,0.3129998400108889,True,283
A/endpoint/test-51,test-51,8,FAIL_RESTORE,0.044523233955260366,True,192
A/endpoint/test-51,test-51,8,decode,4.662753898999654,True,147
A/endpoint/test-51,test-51,9,verify_call,0.26067596301436424,True,210
A/endpoint/test-51,test-51,12,FAIL_RESTORE,0.04350657400209457,True,192
A/endpoint/test-51,test-51,12,decode,0.16563208703882992,True,6
A/endpoint/test-51,test-51,13,verify_call,0.19170930504333228,True,85
A/endpoint/test-51,test-51,16,FAIL_RESTORE,0.0430879489867948,True,192
A/endpoint/test-51,test-51,16,decode,6.400105704029556,True,165
A/endpoint/test-51,test-51,17,verify_call,0.2634758840431459,True,222
A/endpoint/test-51,test-51,20,FAIL_RESTORE,0.041163458954542875,True,192
A/endpoint/test-51,test-51,20,decode,5.258695047989022,True,173
A/endpoint/test-51,test-51,21,verify_call,0.2581777469604276,True,231
A/endpoint/test-75,test-75,0,INITIAL,0.043757539009675384,True,148
A/endpoint/test-75,test-75,0,decode,8.739998007018585,True,261
A/endpoint/test-75,test-75,1,verify_call,0.3618953059776686,True,342
A/endpoint/test-75,test-75,4,FAIL_RESTORE,0.04716784000629559,True,209
A/endpoint/test-75,test-75,4,decode,7.334653494996019,True,214
A/endpoint/test-75,test-75,5,verify_call,0.3177831819630228,True,291
A/endpoint/test-75,test-75,8,FAIL_RESTORE,0.04855197999859229,True,209
A/endpoint/test-75,test-75,8,decode,5.332609779026825,True,166
A/endpoint/test-75,test-75,9,verify_call,0.2575360079645179,True,246
A/endpoint/test-75,test-75,12,FAIL_RESTORE,0.04784812801517546,True,209
A/endpoint/test-75,test-75,12,decode,7.057637020014226,True,198
A/endpoint/test-75,test-75,13,verify_call,0.3117531110183336,True,270
A/endpoint/test-75,test-75,16,FAIL_RESTORE,0.04857995599741116,True,209
A/endpoint/test-75,test-75,16,decode,10.163542060006876,True,274
A/endpoint/test-75,test-75,17,verify_call,0.3374530579894781,True,338
A/endpoint/test-75,test-75,20,FAIL_RESTORE,0.05036743596429005,True,209
A/endpoint/test-75,test-75,20,decode,6.653672922984697,True,202
A/endpoint/test-75,test-75,21,verify_call,0.3086164360283874,True,279
A/endpoint/test-270,test-270,0,INITIAL,0.035854574001859874,True,158
A/endpoint/test-270,test-270,0,decode,8.190785536018666,True,253
A/endpoint/test-270,test-270,1,verify_call,0.3532472330261953,True,349
A/endpoint/test-518,test-518,0,INITIAL,0.0389663859969005,True,147
A/endpoint/test-518,test-518,0,decode,10.208837753976695,True,319
A/endpoint/test-518,test-518,1,verify_call,0.4110985040315427,True,398
A/endpoint/test-788,test-788,0,INITIAL,0.04050356597872451,True,133
A/endpoint/test-788,test-788,0,decode,3.1312520320061594,True,96
A/endpoint/test-788,test-788,1,verify_call,0.25450895103858784,True,169
A/endpoint/test-903,test-903,0,INITIAL,0.03573181398678571,True,138
A/endpoint/test-903,test-903,0,decode,16.99872657196829,True,480
A/endpoint/test-903,test-903,1,verify_call,0.5273987840046175,True,550
A/endpoint/test-1236,test-1236,0,INITIAL,0.03670783300185576,True,148
A/endpoint/test-1236,test-1236,0,decode,9.05789975397056,True,268
A/endpoint/test-1236,test-1236,1,verify_call,0.36816604604246095,True,354
A/endpoint/test-782,test-782,0,INITIAL,0.037891098007094115,True,126
A/endpoint/test-782,test-782,0,decode,5.514244163001422,True,161
A/endpoint/test-782,test-782,1,verify_call,0.28033911797683686,True,223
A/endpoint/test-782,test-782,4,FAIL_RESTORE,0.04132282896898687,True,187
A/endpoint/test-782,test-782,4,decode,3.4687840139959008,True,105
A/endpoint/test-782,test-782,5,verify_call,0.23677134199533612,True,171
A/endpoint/test-782,test-782,8,FAIL_RESTORE,0.04201065603410825,True,187
A/endpoint/test-782,test-782,8,decode,5.423851581988856,True,171
A/endpoint/test-782,test-782,9,verify_call,0.2596410459955223,True,237
A/endpoint/test-865,test-865,0,INITIAL,0.04638804594287649,True,151
A/endpoint/test-865,test-865,0,decode,8.94941302202642,True,277
A/endpoint/test-865,test-865,1,verify_call,0.3581858890247531,True,354
A/endpoint/test-979,test-979,0,INITIAL,0.039818855992052704,True,131
A/endpoint/test-979,test-979,0,decode,28.194787524000276,True,815
A/endpoint/test-979,test-979,1,verify_call,0.7142997810151428,True,873
A/endpoint/test-979,test-979,4,FAIL_RESTORE,0.04370268201455474,True,192
A/endpoint/test-979,test-979,4,decode,7.373564864043146,True,218
A/endpoint/test-979,test-979,5,verify_call,0.31249836704228073,True,271
A/endpoint/test-979,test-979,8,FAIL_RESTORE,0.041833337978459895,True,192
A/endpoint/test-979,test-979,8,decode,8.654965270019602,True,266
A/endpoint/test-239,test-239,0,INITIAL,0.04192802601028234,True,170
A/endpoint/test-239,test-239,0,decode,8.642657679971308,True,261
A/endpoint/test-239,test-239,1,verify_call,0.37831397395348176,True,366
A/endpoint/test-169,test-169,0,INITIAL,0.056255289004184306,True,113
A/endpoint/test-169,test-169,0,decode,8.61963684699731,True,252
A/endpoint/test-169,test-169,1,verify_call,0.34357781999278814,True,292
A/endpoint/test-150,test-150,0,INITIAL,0.03687996795633808,True,175
A/endpoint/test-150,test-150,0,decode,11.25935747398762,True,306
A/endpoint/test-959,test-959,0,INITIAL,0.042030266020447016,True,195
A/endpoint/test-959,test-959,0,decode,9.535884184006136,True,265
A/endpoint/test-959,test-959,1,verify_call,0.4354511790443212,True,408
A/endpoint/test-959,test-959,4,FAIL_RESTORE,0.0592483319924213,True,256
A/endpoint/test-959,test-959,4,decode,11.694279849994928,True,301
A/endpoint/test-959,test-959,5,verify_call,0.39930198597721756,True,400
A/endpoint/test-186,test-186,0,INITIAL,0.04516923998016864,True,197
A/endpoint/test-186,test-186,0,decode,19.515571157971863,True,606
A/endpoint/test-186,test-186,1,verify_call,0.617123203992378,True,722
A/endpoint/test-186,test-186,4,FAIL_RESTORE,0.0648264930350706,True,258
A/endpoint/test-186,test-186,4,decode,9.895041443000082,True,286
A/endpoint/test-186,test-186,5,verify_call,0.40736003301572055,True,421
A/endpoint/test-186,test-186,8,FAIL_RESTORE,0.06754960602847859,True,258
A/endpoint/test-186,test-186,8,decode,27.040547611017246,True,766
A/endpoint/test-186,test-186,9,verify_call,0.6510077639832161,True,890
A/endpoint/test-418,test-418,0,INITIAL,0.04174906900152564,True,129
A/endpoint/test-418,test-418,0,decode,9.489558919973206,True,308
A/endpoint/test-418,test-418,1,verify_call,0.3694065530435182,True,361
A/endpoint/test-392,test-392,0,INITIAL,0.03857336798682809,True,145
A/endpoint/test-392,test-392,0,decode,8.89431532798335,True,267
A/endpoint/test-392,test-392,1,verify_call,0.36750916100572795,True,340
A/endpoint/test-392,test-392,4,FAIL_RESTORE,0.04684442398138344,True,206
A/endpoint/test-392,test-392,4,decode,7.721315503004007,True,203
A/endpoint/test-392,test-392,5,verify_call,0.3130792590091005,True,272
A/endpoint/test-392,test-392,8,FAIL_RESTORE,0.04812472697813064,True,206
A/endpoint/test-392,test-392,8,decode,7.247791154019069,True,207
A/endpoint/test-392,test-392,9,verify_call,0.30851227400125936,True,296
A/endpoint/test-392,test-392,12,FAIL_RESTORE,0.046513325010892004,True,206
A/endpoint/test-392,test-392,12,decode,5.53169065201655,True,167
A/endpoint/test-392,test-392,13,verify_call,0.25954384700162336,True,248
A/endpoint/test-392,test-392,16,FAIL_RESTORE,0.050065824994817376,True,206
A/endpoint/test-392,test-392,16,decode,8.992589559988119,True,271
A/endpoint/test-392,test-392,17,verify_call,0.3369089550105855,True,340
A/endpoint/test-392,test-392,20,FAIL_RESTORE,0.04516555997543037,True,206
A/endpoint/test-392,test-392,20,decode,3.0574787170044146,True,99
A/endpoint/test-1006,test-1006,0,INITIAL,0.04131145100109279,True,191
A/endpoint/test-1006,test-1006,0,decode,6.388320964004379,True,198
A/endpoint/test-1006,test-1006,1,verify_call,0.36176529101794586,True,325
A/endpoint/test-1006,test-1006,4,FAIL_RESTORE,0.054384637041948736,True,252
A/endpoint/test-1006,test-1006,4,decode,6.853209312015679,True,181
A/endpoint/test-1006,test-1006,5,verify_call,0.31697766698198393,True,308
A/endpoint/test-1006,test-1006,8,FAIL_RESTORE,0.048205815022811294,True,252
A/endpoint/test-1006,test-1006,8,decode,4.801397263014223,True,150
A/endpoint/test-1006,test-1006,9,verify_call,0.3075700659537688,True,277
A/endpoint/test-1156,test-1156,0,INITIAL,0.040550114994402975,True,147
A/endpoint/test-1156,test-1156,0,decode,10.032124002987985,True,302
A/endpoint/test-1156,test-1156,1,verify_call,0.36648893100209534,True,365
A/endpoint/test-161,test-161,0,INITIAL,0.039854789967648685,True,154
A/endpoint/test-161,test-161,0,decode,8.23511031002272,True,255
A/endpoint/test-161,test-161,1,verify_call,0.36949934798758477,True,337
A/endpoint/test-686,test-686,0,INITIAL,0.03961097099818289,True,139
A/endpoint/test-686,test-686,0,decode,6.097062839020509,True,164
A/endpoint/test-686,test-686,1,verify_call,0.29769170901272446,True,243
A/endpoint/test-80,test-80,0,INITIAL,0.030530432995874435,True,117
A/endpoint/test-80,test-80,0,decode,7.37720836896915,True,213
A/endpoint/test-80,test-80,1,verify_call,0.2800253899767995,True,255
A/endpoint/test-1154,test-1154,0,INITIAL,0.035456445009913296,True,115
A/endpoint/test-1154,test-1154,0,decode,5.549615411029663,True,174
A/endpoint/test-1154,test-1154,1,verify_call,0.28582519298652187,True,228
A/endpoint/test-1206,test-1206,0,INITIAL,0.039819651981815696,True,149
A/endpoint/test-1206,test-1206,0,decode,10.126523932965938,True,309
A/endpoint/test-1206,test-1206,1,verify_call,0.4238676580134779,True,387
A/endpoint/test-984,test-984,0,INITIAL,0.03448499203659594,True,168
A/endpoint/test-984,test-984,0,decode,23.957651578006335,True,728
A/endpoint/test-984,test-984,1,verify_call,0.6867317760479636,True,831
A/endpoint/test-984,test-984,4,FAIL_RESTORE,0.04973410500679165,True,229
A/endpoint/test-984,test-984,4,decode,1.2835229079937562,True,40
A/endpoint/test-984,test-984,5,verify_call,0.23172508500283584,True,149
A/endpoint/test-984,test-984,8,FAIL_RESTORE,0.0478681760141626,True,229
A/endpoint/test-984,test-984,8,decode,7.452883684018161,True,225
A/endpoint/test-984,test-984,9,verify_call,0.3273687729961239,True,323
A/endpoint/test-984,test-984,12,FAIL_RESTORE,0.04937572602648288,True,229
A/endpoint/test-984,test-984,12,decode,22.546328222029842,True,675
A/endpoint/test-984,test-984,13,verify_call,0.5737467469880357,True,764
A/endpoint/test-984,test-984,16,FAIL_RESTORE,0.04736621101619676,True,229
A/endpoint/test-984,test-984,16,decode,6.4570899800164625,True,198
A/endpoint/test-984,test-984,17,verify_call,0.3044956860248931,True,296
A/endpoint/test-984,test-984,20,FAIL_RESTORE,0.04889440501574427,True,229
A/endpoint/test-984,test-984,20,decode,5.710360113997012,True,182
A/endpoint/test-365,test-365,0,INITIAL,0.03702543501276523,True,111
A/endpoint/test-365,test-365,0,decode,5.726443202001974,True,168
A/endpoint/test-365,test-365,1,verify_call,0.282572110008914,True,215
A/endpoint/test-42,test-42,0,INITIAL,0.04272353003034368,True,163
A/endpoint/test-42,test-42,0,decode,4.771258710010443,True,138
A/endpoint/test-42,test-42,1,verify_call,0.277919918007683,True,242
A/endpoint/test-208,test-208,0,INITIAL,0.04130929696839303,True,143
A/endpoint/test-208,test-208,0,decode,5.090359702007845,True,157
A/endpoint/test-208,test-208,1,verify_call,0.2792173129855655,True,240
A/endpoint/test-247,test-247,0,INITIAL,0.03889108001021668,True,157
A/endpoint/test-247,test-247,0,decode,5.227706586010754,True,170
A/endpoint/test-247,test-247,1,verify_call,0.3244906489853747,True,260
A/endpoint/test-247,test-247,4,FAIL_RESTORE,0.04791299003409222,True,218
A/endpoint/test-247,test-247,4,decode,7.136358081945218,True,221
A/endpoint/test-247,test-247,5,verify_call,0.3123193750507198,True,315
A/endpoint/test-247,test-247,8,FAIL_RESTORE,0.04804330097977072,True,218
A/endpoint/test-247,test-247,8,decode,5.474974139011465,True,147
A/endpoint/test-247,test-247,9,verify_call,0.2579239089973271,True,236
A/endpoint/test-269,test-269,0,INITIAL,0.03138704999582842,True,120
A/endpoint/test-269,test-269,0,decode,7.772558472992387,True,236
A/endpoint/test-269,test-269,1,verify_call,0.3412525239982642,True,286
A/endpoint/test-695,test-695,0,INITIAL,0.0634803039720282,True,125
A/endpoint/test-695,test-695,0,decode,5.478034335013945,True,152
A/endpoint/test-695,test-695,1,verify_call,0.30249033705331385,True,218
A/endpoint/test-159,test-159,0,INITIAL,0.03978073102189228,True,140
A/endpoint/test-159,test-159,0,decode,4.81387223303318,True,148
A/endpoint/test-159,test-159,1,verify_call,0.2882598480209708,True,224
A/endpoint/test-1155,test-1155,0,INITIAL,0.0388180409790948,True,119
A/endpoint/test-1155,test-1155,0,decode,6.864648596034385,True,189
A/endpoint/test-1155,test-1155,1,verify_call,0.2857492879847996,True,249
A/endpoint/test-333,test-333,0,INITIAL,0.045993848994839936,True,163
A/endpoint/test-333,test-333,0,decode,8.96677112398902,True,266
A/endpoint/test-333,test-333,1,verify_call,0.36053303902735934,True,366
A/endpoint/test-762,test-762,0,INITIAL,0.036652686016168445,True,136
A/endpoint/test-762,test-762,0,decode,8.221640207979362,True,255
A/endpoint/test-762,test-762,1,verify_call,0.360086272994522,True,339
A/endpoint/test-1147,test-1147,0,INITIAL,0.04203355801291764,True,179
A/endpoint/test-1147,test-1147,0,decode,13.789141479006503,True,412
A/endpoint/test-1147,test-1147,1,verify_call,0.5332987810252234,True,524
A/endpoint/test-818,test-818,0,INITIAL,0.04075270297471434,True,139
A/endpoint/test-818,test-818,0,decode,6.402605664974544,True,203
A/endpoint/test-818,test-818,1,verify_call,0.3353128990274854,True,278
A/endpoint/test-645,test-645,0,INITIAL,0.03487126395339146,True,119
A/endpoint/test-645,test-645,0,decode,4.769887990958523,True,156
A/endpoint/test-645,test-645,1,verify_call,0.28705674898810685,True,213
A/endpoint/test-963,test-963,0,INITIAL,0.03763178503140807,True,154
A/endpoint/test-963,test-963,0,decode,11.662719518993981,True,379
A/endpoint/test-963,test-963,1,verify_call,0.3420497430488467,True,310
A/endpoint/test-963,test-963,4,FAIL_RESTORE,0.051238106039818376,True,215
A/endpoint/test-963,test-963,4,decode,0.25424036500044167,True,9
A/endpoint/test-963,test-963,5,verify_call,0.20042969699716195,True,111
A/endpoint/test-963,test-963,8,FAIL_RESTORE,0.047470078978221864,True,215
A/endpoint/test-963,test-963,8,decode,11.820331852009986,True,332
A/k4/test-1149,test-1149,0,policy_decision,4.439993062987924e-06,True,0
A/k4/test-1149,test-1149,1,INITIAL,0.031328671000665054,True,114
A/k4/test-1149,test-1149,1,decode,2.9743685650028056,True,119
A/k4/test-1149,test-1149,2,verify_call,0.20780966299935244,True,170
A/k4/test-690,test-690,0,policy_decision,3.422988811507821e-06,True,0
A/k4/test-690,test-690,1,INITIAL,0.03461249399697408,True,135
A/k4/test-690,test-690,1,decode,9.663564007001696,True,379
A/k4/test-690,test-690,2,verify_call,0.33241136599099264,True,462
A/k4/test-823,test-823,0,policy_decision,2.6650086510926485e-06,True,0
A/k4/test-823,test-823,1,INITIAL,0.03317943100410048,True,180
A/k4/test-823,test-823,1,decode,5.453096508004819,True,217
A/k4/test-823,test-823,2,verify_call,0.27232181299768854,True,346
A/k4/test-1110,test-1110,0,policy_decision,3.3669930417090654e-06,True,0
A/k4/test-1110,test-1110,1,INITIAL,0.03211324199219234,True,161
A/k4/test-1110,test-1110,1,decode,2.764474373005214,True,102
A/k4/test-1110,test-1110,2,verify_call,0.2108214229956502,True,196
A/k4/test-1110,test-1110,5,policy_decision,2.6719935704022646e-06,True,0
A/k4/test-1110,test-1110,7,OFFLINE_RESTORE,0.061562884991872124,False,263
A/k4/test-1110,test-1110,7,decode,1.1594725479953922,True,46
A/k4/test-1110,test-1110,8,verify_call,0.22855256500770338,True,242
A/k4/test-1110,test-1110,11,policy_decision,3.3469987101852894e-06,True,0
A/k4/test-1110,test-1110,12,FAIL_RESTORE,0.06291631399653852,True,320
A/k4/test-1110,test-1110,12,decode,6.335677190989372,True,215
A/k4/test-1110,test-1110,13,verify_call,0.3447648989968002,True,396
A/k4/test-23,test-23,0,policy_decision,4.971996531821787e-06,True,0
A/k4/test-23,test-23,1,INITIAL,0.027814455999759957,True,122
A/k4/test-23,test-23,1,decode,2.7325447170005646,True,107
A/k4/test-23,test-23,2,verify_call,0.19101646800118033,True,169
A/k4/test-1249,test-1249,0,policy_decision,2.419998054392636e-06,True,0
A/k4/test-1249,test-1249,1,INITIAL,0.03670151499682106,True,193
A/k4/test-1249,test-1249,1,decode,11.30174331201124,True,431
A/k4/test-1249,test-1249,2,verify_call,0.40531038999324664,True,572
A/k4/test-1249,test-1249,5,policy_decision,3.626002580858767e-06,True,0
A/k4/test-1249,test-1249,6,FAIL_RESTORE,0.03920673999527935,True,254
A/k4/test-1249,test-1249,6,decode,2.5048589979996905,True,96
A/k4/test-1249,test-1249,7,verify_call,0.224297046996071,True,224
A/k4/test-783,test-783,0,policy_decision,3.4849945222958922e-06,True,0
A/k4/test-783,test-783,1,INITIAL,0.03310781299660448,True,187
A/k4/test-783,test-783,1,decode,5.390850252006203,True,211
A/k4/test-783,test-783,2,verify_call,0.27110075000382494,True,328
A/k4/test-783,test-783,5,policy_decision,3.712004399858415e-06,True,0
A/k4/test-783,test-783,6,FAIL_RESTORE,0.040348823997192085,True,248
A/k4/test-783,test-783,6,decode,2.001135415994213,True,76
A/k4/test-783,test-783,7,verify_call,0.2255074119893834,True,195
A/k4/test-783,test-783,10,policy_decision,6.360991392284632e-06,True,0
A/k4/test-783,test-783,12,OFFLINE_RESTORE,0.056146121001802385,False,324
A/k4/test-783,test-783,12,decode,2.64574321800319,True,90
A/k4/test-783,test-783,13,verify_call,0.27099491300759837,True,273
A/k4/test-783,test-783,16,policy_decision,2.9420043574646115e-06,True,0
A/k4/test-783,test-783,17,FAIL_RESTORE,0.06443304900312796,True,381
A/k4/test-783,test-783,17,decode,3.298234675996355,True,102
A/k4/test-783,test-783,18,verify_call,0.2556976749910973,True,281
A/k4/test-783,test-783,21,policy_decision,3.1990057323127985e-06,True,0
A/k4/test-783,test-783,23,OFFLINE_RESTORE,0.07964489200094249,False,483
A/k4/test-783,test-783,23,decode,3.804707810006221,True,147
A/k4/test-783,test-783,24,verify_call,0.3386190020100912,True,471
A/k4/test-783,test-783,27,policy_decision,3.153007128275931e-06,True,0
A/k4/test-783,test-783,28,FAIL_RESTORE,0.09767992299748585,True,542
A/k4/test-783,test-783,28,decode,3.192014054991887,True,122
A/k4/test-783,test-783,29,verify_call,0.33623347300454043,True,443
A/k4/test-857,test-857,0,policy_decision,3.980996552854776e-06,True,0
A/k4/test-857,test-857,1,INITIAL,0.03266150600393303,True,163
A/k4/test-857,test-857,1,decode,4.661744633005583,True,182
A/k4/test-857,test-857,2,verify_call,0.250584314999287,True,293
A/k4/test-489,test-489,0,policy_decision,3.4489930840209126e-06,True,0
A/k4/test-489,test-489,1,INITIAL,0.032283839987940155,True,140
A/k4/test-489,test-489,1,decode,3.632769339994411,True,135
A/k4/test-489,test-489,2,verify_call,0.21198106800147798,True,213
A/k4/test-916,test-916,0,policy_decision,4.804998752661049e-06,True,0
A/k4/test-916,test-916,1,INITIAL,0.03285633299674373,True,177
A/k4/test-916,test-916,1,decode,3.3149521019950043,True,132
A/k4/test-916,test-916,2,verify_call,0.20796707599947695,True,234
A/k4/test-916,test-916,5,policy_decision,3.8860016502439976e-06,True,0
A/k4/test-916,test-916,6,FAIL_RESTORE,0.038312389006023295,True,238
A/k4/test-916,test-916,6,decode,1.7531062890047906,True,68
A/k4/test-916,test-916,7,verify_call,0.20643284000107087,True,179
A/k4/test-916,test-916,10,policy_decision,6.0580059653148055e-06,True,0
A/k4/test-916,test-916,12,OFFLINE_RESTORE,0.05421770000248216,False,306
A/k4/test-916,test-916,12,decode,4.533879347000038,True,154
A/k4/test-916,test-916,13,verify_call,0.29168454599857796,True,321
A/k4/test-916,test-916,16,policy_decision,3.3569958759471774e-06,True,0
A/k4/test-916,test-916,17,FAIL_RESTORE,0.0568797580053797,True,363
A/k4/test-916,test-916,17,decode,3.3914794030133635,True,105
A/k4/test-916,test-916,18,verify_call,0.2514349370030686,True,268
A/k4/test-916,test-916,21,policy_decision,3.506997018121183e-06,True,0
A/k4/test-916,test-916,23,OFFLINE_RESTORE,0.0693205410061637,False,468
A/k4/test-916,test-916,23,decode,2.4799584669963224,True,96
A/k4/test-916,test-916,24,verify_call,0.3284603740030434,True,408
A/k4/test-916,test-916,26,policy_decision,4.628993337973952e-06,True,0
A/k4/test-916,test-916,28,OFFLINE_RESTORE,0.08431059599388391,False,564
A/k4/test-916,test-916,28,decode,0.18325116600317415,True,8
A/k4/test-263,test-263,0,policy_decision,4.203000571578741e-06,True,0
A/k4/test-263,test-263,1,INITIAL,0.03313427900138777,True,135
A/k4/test-263,test-263,1,decode,4.74278045099345,True,186
A/k4/test-263,test-263,2,verify_call,0.20832878700457513,True,251
A/k4/test-177,test-177,0,policy_decision,2.5670015020295978e-06,True,0
A/k4/test-177,test-177,1,INITIAL,0.03268460600520484,True,175
A/k4/test-177,test-177,1,decode,5.824675598007161,True,221
A/k4/test-177,test-177,2,verify_call,0.2688404809887288,True,328
A/k4/test-177,test-177,5,policy_decision,2.982997102662921e-06,True,0
A/k4/test-177,test-177,7,OFFLINE_RESTORE,0.06614874099614099,False,396
A/k4/test-177,test-177,7,decode,3.921617331012385,True,154
A/k4/test-177,test-177,8,verify_call,0.36277074900863227,True,470
A/k4/test-177,test-177,11,policy_decision,4.122004611417651e-06,True,0
A/k4/test-177,test-177,13,OFFLINE_RESTORE,0.09169492099317722,False,550
A/k4/test-177,test-177,13,decode,1.4429320009949151,True,50
A/k4/test-177,test-177,14,verify_call,0.4231958279997343,True,520
A/k4/test-1065,test-1065,0,policy_decision,1.0494011803530157e-05,True,0
A/k4/test-1065,test-1065,1,INITIAL,0.026474885002244264,True,117
A/k4/test-1065,test-1065,1,decode,4.290588875999674,True,171
A/k4/test-1065,test-1065,2,verify_call,0.20735717700154055,True,224
A/k4/test-450,test-450,0,policy_decision,3.168010152876377e-06,True,0
A/k4/test-450,test-450,1,INITIAL,0.032130635998328216,True,164
A/k4/test-450,test-450,1,decode,4.284595754012116,True,170
A/k4/test-450,test-450,2,verify_call,0.24902660299267154,True,266
A/k4/test-450,test-450,5,policy_decision,2.859000233002007e-06,True,0
A/k4/test-450,test-450,7,OFFLINE_RESTORE,0.05330348999996204,False,334
A/k4/test-450,test-450,7,decode,4.639020648013684,True,178
A/k4/test-450,test-450,8,verify_call,0.3577652800013311,True,434
A/k4/test-450,test-450,11,policy_decision,6.4589985413476825e-06,True,0
A/k4/test-450,test-450,12,FAIL_RESTORE,0.07198057000641711,True,391
A/k4/test-450,test-450,12,decode,5.914669928009971,True,201
A/k4/test-450,test-450,13,verify_call,0.3537011989974417,True,456
A/k4/test-450,test-450,16,policy_decision,6.3929910538718104e-06,True,0
A/k4/test-450,test-450,17,FAIL_RESTORE,0.07331448500917759,True,391
A/k4/test-450,test-450,17,decode,4.711900470996625,True,147
A/k4/test-450,test-450,18,verify_call,0.316016912998748,True,399
A/k4/test-450,test-450,21,policy_decision,3.269989974796772e-06,True,0
A/k4/test-450,test-450,22,FAIL_RESTORE,0.06600498598709237,True,391
A/k4/test-450,test-450,22,decode,3.985759260991472,True,152
A/k4/test-450,test-450,23,verify_call,0.3333235099999001,True,410
A/k4/test-450,test-450,26,policy_decision,2.820001100189984e-06,True,0
A/k4/test-450,test-450,27,FAIL_RESTORE,0.06540057800884824,True,391
A/k4/test-450,test-450,27,decode,3.9346120069967583,True,152
A/k4/test-450,test-450,28,verify_call,0.3176339450001251,True,403
A/k4/test-273,test-273,0,policy_decision,2.731001586653292e-06,True,0
A/k4/test-273,test-273,1,INITIAL,0.03204968001227826,True,162
A/k4/test-273,test-273,1,decode,5.638735006999923,True,218
A/k4/test-273,test-273,2,verify_call,0.2511553499934962,True,312
A/k4/test-273,test-273,5,policy_decision,3.962006303481758e-06,True,0
A/k4/test-273,test-273,6,FAIL_RESTORE,0.038134659989736974,True,223
A/k4/test-273,test-273,6,decode,5.818499553002766,True,226
A/k4/test-273,test-273,7,verify_call,0.28793875699921045,True,321
A/k4/test-273,test-273,10,policy_decision,8.399001671932638e-06,True,0
A/k4/test-273,test-273,12,OFFLINE_RESTORE,0.07727476900618058,False,449
A/k4/test-273,test-273,12,decode,0.9906099450017791,True,35
A/k4/test-273,test-273,13,verify_call,0.29398518899688497,True,357
A/k4/test-1131,test-1131,0,policy_decision,3.1769886845722795e-06,True,0
A/k4/test-1131,test-1131,1,INITIAL,0.03343223099363968,True,148
A/k4/test-1131,test-1131,1,decode,5.682810488011455,True,220
A/k4/test-1131,test-1131,2,verify_call,0.25217230200360063,True,300
A/k4/test-1131,test-1131,5,policy_decision,3.059001755900681e-06,True,0
A/k4/test-1131,test-1131,6,FAIL_RESTORE,0.03865802299696952,True,209
A/k4/test-1131,test-1131,6,decode,2.6228983949986286,True,101
A/k4/test-1131,test-1131,7,verify_call,0.20723965999786742,True,180
A/k4/test-1131,test-1131,10,policy_decision,2.1566011128015816e-05,True,0
A/k4/test-1131,test-1131,11,FAIL_RESTORE,0.04219791899959091,True,209
A/k4/test-1131,test-1131,11,decode,1.908436427009292,True,65
A/k4/test-1131,test-1131,12,verify_call,0.1962213380029425,True,145
A/k4/test-1131,test-1131,15,policy_decision,5.259003955870867e-06,True,0
A/k4/test-1131,test-1131,17,OFFLINE_RESTORE,0.05354876500496175,False,274
A/k4/test-1131,test-1131,17,decode,1.0686876700056018,True,34
A/k4/test-1131,test-1131,18,verify_call,0.188450511006522,True,176
A/k4/test-888,test-888,0,policy_decision,3.7529971450567245e-06,True,0
A/k4/test-888,test-888,1,INITIAL,0.029207482002675533,True,113
A/k4/test-888,test-888,1,decode,2.567161216007662,True,96
A/k4/test-888,test-888,2,verify_call,0.18172894899907988,True,148
A/k4/test-888,test-888,5,policy_decision,4.598012310452759e-06,True,0
A/k4/test-888,test-888,6,FAIL_RESTORE,0.032964458005153574,True,174
A/k4/test-888,test-888,6,decode,2.077513750991784,True,81
A/k4/test-888,test-888,7,verify_call,0.1953149220062187,True,135
A/k4/test-675,test-675,0,policy_decision,3.44999716617167e-06,True,0
A/k4/test-675,test-675,1,INITIAL,0.032671348002622835,True,185
A/k4/test-675,test-675,1,decode,6.27021552399674,True,239
A/k4/test-675,test-675,2,verify_call,0.2710160499991616,True,358
A/k4/test-675,test-675,5,policy_decision,2.8609938453882933e-06,True,0
A/k4/test-675,test-675,7,OFFLINE_RESTORE,0.06536904600216076,False,424
A/k4/test-675,test-675,7,decode,4.502731261003646,True,174
A/k4/test-675,test-675,8,verify_call,0.4262312530045165,True,522
A/k4/test-675,test-675,11,policy_decision,4.732006345875561e-06,True,0
A/k4/test-675,test-675,12,FAIL_RESTORE,0.07112541099195369,True,481
A/k4/test-675,test-675,12,decode,6.2971996369888075,True,198
A/k4/test-675,test-675,13,verify_call,0.4347509969957173,True,548
A/k4/test-675,test-675,16,policy_decision,4.196001100353897e-06,True,0
A/k4/test-675,test-675,17,FAIL_RESTORE,0.0760081309999805,True,481
A/k4/test-675,test-675,17,decode,7.358355896998546,True,227
A/k4/test-675,test-675,18,verify_call,0.40044232599029783,True,571
A/k4/test-675,test-675,21,policy_decision,3.7980062188580632e-06,True,0
A/k4/test-675,test-675,23,OFFLINE_RESTORE,0.10316212299221661,False,708
A/k4/test-675,test-675,23,decode,1.8119265010027448,True,70
A/k4/test-675,test-675,24,verify_call,0.4592375229985919,True,701
A/k4/test-1025,test-1025,0,policy_decision,3.255001502111554e-06,True,0
A/k4/test-1025,test-1025,1,INITIAL,0.03156768700864632,True,126
A/k4/test-1025,test-1025,1,decode,5.330267840996385,True,206
A/k4/test-1025,test-1025,2,verify_call,0.24803277300088666,True,270
A/k4/test-1025,test-1025,5,policy_decision,3.3669930417090654e-06,True,0
A/k4/test-1025,test-1025,6,FAIL_RESTORE,0.03273523900134023,True,187
A/k4/test-1025,test-1025,6,decode,2.769272933001048,True,109
A/k4/test-1025,test-1025,7,verify_call,0.20347271600621752,True,168
A/k4/test-1025,test-1025,10,policy_decision,2.9859947971999645e-06,True,0
A/k4/test-1025,test-1025,11,FAIL_RESTORE,0.04268499300815165,True,187
A/k4/test-1025,test-1025,11,decode,2.764839177005342,True,86
A/k4/test-1025,test-1025,12,verify_call,0.19559829900390469,True,144
A/k4/test-1025,test-1025,15,policy_decision,2.6740017347037792e-06,True,0
A/k4/test-1025,test-1025,17,OFFLINE_RESTORE,0.056958663000841625,False,273
A/k4/test-1025,test-1025,17,decode,1.651064593999763,True,51
A/k4/test-1025,test-1025,18,verify_call,0.20827371899213176,True,195
A/k4/test-902,test-902,0,policy_decision,3.5090051824226975e-06,True,0
A/k4/test-902,test-902,1,INITIAL,0.028696481997030787,True,124
A/k4/test-902,test-902,1,decode,2.5954125099960947,True,101
A/k4/test-902,test-902,2,verify_call,0.18238180200569332,True,156
A/k4/test-902,test-902,5,policy_decision,3.3469987101852894e-06,True,0
A/k4/test-902,test-902,7,OFFLINE_RESTORE,0.039483387998188846,False,225
A/k4/test-902,test-902,7,decode,2.4480572909960756,True,96
A/k4/test-902,test-902,8,verify_call,0.23220447800122201,True,248
A/k4/test-494,test-494,0,policy_decision,3.016000846400857e-06,True,0
A/k4/test-494,test-494,1,INITIAL,0.032762122005806305,True,168
A/k4/test-494,test-494,1,decode,5.031451737988391,True,194
A/k4/test-494,test-494,2,verify_call,0.2492852080031298,True,293
A/k4/test-494,test-494,5,policy_decision,2.7160131139680743e-06,True,0
A/k4/test-494,test-494,6,FAIL_RESTORE,0.0380026769998949,True,229
A/k4/test-494,test-494,6,decode,14.272207642003195,True,547
A/k4/test-494,test-494,7,verify_call,0.49811432100250386,True,651
A/k4/test-494,test-494,10,policy_decision,5.992988008074462e-06,True,0
A/k4/test-494,test-494,11,FAIL_RESTORE,0.040421286001219414,True,229
A/k4/test-494,test-494,11,decode,7.188394091004739,True,220
A/k4/test-494,test-494,12,verify_call,0.29025422199629247,True,325
A/k4/test-494,test-494,15,policy_decision,3.277003997936845e-06,True,0
A/k4/test-494,test-494,16,FAIL_RESTORE,0.04510676799691282,True,229
A/k4/test-494,test-494,16,decode,4.711662376008462,True,136
A/k4/test-494,test-494,17,verify_call,0.20800722199783195,True,235
A/k4/test-494,test-494,20,policy_decision,2.8569920687004924e-06,True,0
A/k4/test-494,test-494,22,OFFLINE_RESTORE,0.05345966000459157,False,365
A/k4/test-494,test-494,22,decode,4.669963720996748,True,175
A/k4/test-494,test-494,23,verify_call,0.3127227349905297,True,398
A/k4/test-494,test-494,26,policy_decision,3.0849914764985442e-06,True,0
A/k4/test-494,test-494,27,FAIL_RESTORE,0.06463151899515651,True,422
A/k4/test-494,test-494,27,decode,3.2485143989906646,True,126
A/k4/test-494,test-494,28,verify_call,0.2741593649989227,True,345
A/k4/test-615,test-615,0,policy_decision,4.540008376352489e-06,True,0
A/k4/test-615,test-615,1,INITIAL,0.03318641899386421,True,167
A/k4/test-615,test-615,1,decode,4.5443568019982195,True,173
A/k4/test-615,test-615,2,verify_call,0.24745624199567828,True,270
A/k4/test-615,test-615,5,policy_decision,3.335997462272644e-06,True,0
A/k4/test-615,test-615,7,OFFLINE_RESTORE,0.053396321993204765,False,340
A/k4/test-615,test-615,7,decode,2.532644166989485,True,96
A/k4/test-615,test-615,8,verify_call,0.29410020798968617,True,362
A/k4/test-615,test-615,11,policy_decision,3.90798959415406e-06,True,0
A/k4/test-615,test-615,12,FAIL_RESTORE,0.06828099599806592,True,397
A/k4/test-615,test-615,12,decode,4.056706588002271,True,123
A/k4/test-615,test-615,13,verify_call,0.34166759499930777,True,389
A/k4/test-423,test-423,0,policy_decision,3.469001967459917e-06,True,0
A/k4/test-423,test-423,1,INITIAL,0.037469192990101874,True,195
A/k4/test-423,test-423,1,decode,3.411635765005485,True,131
A/k4/test-423,test-423,2,verify_call,0.2128606949991081,True,254
A/k4/test-423,test-423,5,policy_decision,3.002001903951168e-06,True,0
A/k4/test-423,test-423,6,FAIL_RESTORE,0.038766689991462044,True,256
A/k4/test-423,test-423,6,decode,4.408121517000836,True,168
A/k4/test-423,test-423,7,verify_call,0.2710475040075835,True,295
A/k4/test-423,test-423,10,policy_decision,3.1759991543367505e-06,True,0
A/k4/test-423,test-423,11,FAIL_RESTORE,0.04470760200638324,True,256
A/k4/test-423,test-423,11,decode,11.58125086799555,True,359
A/k4/test-423,test-423,12,verify_call,0.35982844200043473,True,485
A/k4/test-423,test-423,15,policy_decision,4.471003194339573e-06,True,0
A/k4/test-423,test-423,16,FAIL_RESTORE,0.04544278599496465,True,256
A/k4/test-423,test-423,16,decode,5.747704842986423,True,165
A/k4/test-423,test-423,17,verify_call,0.2508853440085659,True,292
A/k4/test-423,test-423,20,policy_decision,3.3849937608465552e-06,True,0
A/k4/test-423,test-423,22,OFFLINE_RESTORE,0.06510067799536046,False,421
A/k4/test-423,test-423,22,decode,4.283173018993693,True,161
A/k4/test-423,test-423,23,verify_call,0.3285586459969636,True,441
A/k4/test-423,test-423,26,policy_decision,3.3999967854470015e-06,True,0
A/k4/test-423,test-423,27,FAIL_RESTORE,0.07071955600986257,True,478
A/k4/test-423,test-423,27,decode,1.654451283000526,True,65
A/k4/test-423,test-423,28,verify_call,0.2730915139982244,True,353
A/k4/test-1097,test-1097,0,policy_decision,2.606000634841621e-06,True,0
A/k4/test-1097,test-1097,1,INITIAL,0.0329795880097663,True,136
A/k4/test-1097,test-1097,1,decode,4.415641476996825,True,173
A/k4/test-1097,test-1097,2,verify_call,0.20902958800434135,True,247
A/k4/test-1097,test-1097,5,policy_decision,2.9799994081258774e-06,True,0
A/k4/test-1097,test-1097,6,FAIL_RESTORE,0.03798741000355221,True,197
A/k4/test-1097,test-1097,6,decode,0.18637994799064472,True,8
A/k4/test-1097,test-1097,7,verify_call,0.16292411799076945,True,92
A/k4/test-1097,test-1097,10,policy_decision,3.883003955706954e-06,True,0
A/k4/test-1097,test-1097,11,FAIL_RESTORE,0.04002150899032131,True,197
A/k4/test-1097,test-1097,11,decode,2.7726735989999725,True,88
A/k4/test-1097,test-1097,12,verify_call,0.19377200800227,True,151
A/k4/test-1097,test-1097,15,policy_decision,3.929002559743822e-06,True,0
A/k4/test-1097,test-1097,16,FAIL_RESTORE,0.04215151099197101,True,197
A/k4/test-1097,test-1097,16,decode,5.115836979995947,True,144
A/k4/test-1097,test-1097,17,verify_call,0.2085543369903462,True,218
A/k4/test-473,test-473,0,policy_decision,2.9479997465386987e-06,True,0
A/k4/test-473,test-473,1,INITIAL,0.025476708004134707,True,119
A/k4/test-473,test-473,1,decode,3.058017811010359,True,119
A/k4/test-473,test-473,2,verify_call,0.19037793700408656,True,171
A/k4/test-473,test-473,5,policy_decision,2.749002305790782e-06,True,0
A/k4/test-473,test-473,6,FAIL_RESTORE,0.03284291599993594,True,180
A/k4/test-473,test-473,6,decode,3.566064237005776,True,139
A/k4/test-473,test-473,7,verify_call,0.22382086599827744,True,195
A/k4/test-473,test-473,10,policy_decision,9.790004696696997e-06,True,0
A/k4/test-473,test-473,11,FAIL_RESTORE,0.0398771600011969,True,180
A/k4/test-473,test-473,11,decode,0.21018193500640336,True,8
A/k4/test-473,test-473,12,verify_call,0.1627244370029075,True,76
A/k4/test-660,test-660,0,policy_decision,2.4039909476414323e-06,True,0
A/k4/test-660,test-660,1,INITIAL,0.029625590002979152,True,128
A/k4/test-660,test-660,1,decode,3.511861095990753,True,135
A/k4/test-660,test-660,2,verify_call,0.19347201399796177,True,192
A/k4/test-660,test-660,5,policy_decision,2.3339962353929877e-06,True,0
A/k4/test-660,test-660,7,OFFLINE_RESTORE,0.049415408007916994,False,263
A/k4/test-660,test-660,7,decode,2.4076256719999947,True,94
A/k4/test-660,test-660,8,verify_call,0.26841935800621286,True,279
A/k4/test-975,test-975,0,policy_decision,8.262999472208321e-06,True,0
A/k4/test-975,test-975,1,INITIAL,0.028289784997468814,True,127
A/k4/test-975,test-975,1,decode,4.394562058005249,True,169
A/k4/test-975,test-975,2,verify_call,0.2082013379986165,True,228
A/k4/test-975,test-975,5,policy_decision,2.9009970603510737e-06,True,0
A/k4/test-975,test-975,7,OFFLINE_RESTORE,0.050610329999472015,False,296
A/k4/test-975,test-975,7,decode,4.230715370998951,True,164
A/k4/test-975,test-975,8,verify_call,0.29589882800064515,True,380
A/k4/test-975,test-975,11,policy_decision,2.888002200052142e-06,True,0
A/k4/test-975,test-975,12,FAIL_RESTORE,0.05638936799368821,True,353
A/k4/test-975,test-975,12,decode,6.381644885987043,True,199
A/k4/test-975,test-975,13,verify_call,0.35568473099556286,True,413
A/k4/test-975,test-975,16,policy_decision,3.1009985832497478e-06,True,0
A/k4/test-975,test-975,18,OFFLINE_RESTORE,0.09142561399494298,False,552
A/k4/test-975,test-975,18,decode,2.4255080209986772,True,72
A/k4/test-975,test-975,19,verify_call,0.39629910099029075,True,545
A/k4/test-1222,test-1222,0,policy_decision,2.8109934646636248e-06,True,0
A/k4/test-1222,test-1222,1,INITIAL,0.027335956998285837,True,128
A/k4/test-1222,test-1222,1,decode,3.878008892002981,True,152
A/k4/test-1222,test-1222,2,verify_call,0.20843753399094567,True,219
A/k4/test-580,test-580,0,policy_decision,3.1249946914613247e-06,True,0
A/k4/test-580,test-580,1,INITIAL,0.03202248200250324,True,137
A/k4/test-580,test-580,1,decode,5.174410859995987,True,200
A/k4/test-580,test-580,2,verify_call,0.24923810199834406,True,273
A/k4/test-580,test-580,5,policy_decision,4.579997039400041e-06,True,0
A/k4/test-580,test-580,7,OFFLINE_RESTORE,0.05463018000591546,False,337
A/k4/test-580,test-580,7,decode,5.352159491012571,True,206
A/k4/test-580,test-580,8,verify_call,0.35780654099653475,True,468
A/k4/test-580,test-580,11,policy_decision,4.312998498789966e-06,True,0
A/k4/test-580,test-580,13,OFFLINE_RESTORE,0.09278068999992684,False,543
A/k4/test-580,test-580,13,decode,2.456638559990097,True,77
A/k4/test-1023,test-1023,0,policy_decision,2.53401231020689e-06,True,0
A/k4/test-1023,test-1023,1,INITIAL,0.027682286003255285,True,121
A/k4/test-1023,test-1023,1,decode,10.302425916001084,True,331
A/k4/test-1023,test-1023,2,verify_call,0.31475909700384364,True,387
A/k4/test-525,test-525,0,policy_decision,7.566006388515234e-06,True,0
A/k4/test-525,test-525,1,INITIAL,0.05885687800764572,True,169
A/k4/test-525,test-525,1,decode,5.794495971000288,True,173
A/k4/test-525,test-525,2,verify_call,0.24804084000061266,True,277
A/k4/test-525,test-525,5,policy_decision,3.1750096241012216e-06,True,0
A/k4/test-525,test-525,6,FAIL_RESTORE,0.03775859100278467,True,230
A/k4/test-525,test-525,6,decode,4.200950238999212,True,149
A/k4/test-525,test-525,7,verify_call,0.2238586190069327,True,252
A/k4/test-525,test-525,10,policy_decision,7.199007086455822e-06,True,0
A/k4/test-525,test-525,12,OFFLINE_RESTORE,0.06254776800051332,False,379
A/k4/test-525,test-525,12,decode,5.106337178003741,True,164
A/k4/test-525,test-525,13,verify_call,0.3431092630053172,True,404
A/k4/test-525,test-525,16,policy_decision,5.2770046750083566e-06,True,0
A/k4/test-525,test-525,17,FAIL_RESTORE,0.07316494898987003,True,436
A/k4/test-525,test-525,17,decode,9.796223472003476,True,283
A/k4/test-1177,test-1177,0,policy_decision,2.9700022423639894e-06,True,0
A/k4/test-1177,test-1177,1,INITIAL,0.029034421997494064,True,125
A/k4/test-1177,test-1177,1,decode,6.384484781010542,True,203
A/k4/test-1177,test-1177,2,verify_call,0.24793267500353977,True,262
A/k4/test-1177,test-1177,5,policy_decision,3.6959972931072116e-06,True,0
A/k4/test-1177,test-1177,7,OFFLINE_RESTORE,0.053436062997207046,False,328
A/k4/test-1177,test-1177,7,decode,1.3354793479957152,True,53
A/k4/test-1177,test-1177,8,verify_call,0.2739532120031072,True,315
A/k4/test-576,test-576,0,policy_decision,2.868997398763895e-06,True,0
A/k4/test-576,test-576,1,INITIAL,0.03772314000525512,True,171
A/k4/test-576,test-576,1,decode,8.184205905999988,True,283
A/k4/test-576,test-576,2,verify_call,0.27434695400006603,True,382
A/k4/test-576,test-576,5,policy_decision,3.2910029403865337e-06,True,0
A/k4/test-576,test-576,7,OFFLINE_RESTORE,0.07582882199494634,False,454
A/k4/test-576,test-576,7,decode,2.5240675889945123,True,83
A/k4/test-576,test-576,8,verify_call,0.3572277750063222,True,465
A/k4/test-901,test-901,0,policy_decision,4.546003765426576e-06,True,0
A/k4/test-901,test-901,1,INITIAL,0.044486764003522694,True,158
A/k4/test-901,test-901,1,decode,5.805883352004457,True,220
A/k4/test-901,test-901,2,verify_call,0.2541867620020639,True,309
A/k4/test-901,test-901,5,policy_decision,4.214991349726915e-06,True,0
A/k4/test-901,test-901,6,FAIL_RESTORE,0.037280646996805444,True,219
A/k4/test-901,test-901,6,decode,4.0816252030053874,True,154
A/k4/test-901,test-901,7,verify_call,0.22353238399955444,True,248
A/k4/test-901,test-901,10,policy_decision,3.3610122045502067e-06,True,0
A/k4/test-901,test-901,11,FAIL_RESTORE,0.0394610660005128,True,219
A/k4/test-901,test-901,11,decode,6.100299685000209,True,192
A/k4/test-901,test-901,12,verify_call,0.2669867740041809,True,285
A/k4/test-901,test-901,15,policy_decision,6.173009751364589e-06,True,0
A/k4/test-901,test-901,16,FAIL_RESTORE,0.03802077900036238,True,219
A/k4/test-901,test-901,16,decode,6.328544976990088,True,182
A/k4/test-901,test-901,17,verify_call,0.24821730199619196,True,274
A/k4/test-901,test-901,20,policy_decision,3.3429969334974885e-06,True,0
A/k4/test-901,test-901,21,FAIL_RESTORE,0.03788734799309168,True,219
A/k4/test-901,test-901,21,decode,4.514119908999419,True,174
A/k4/test-901,test-901,22,verify_call,0.2477671719971113,True,271
A/k4/test-901,test-901,25,policy_decision,3.483000909909606e-06,True,0
A/k4/test-901,test-901,26,FAIL_RESTORE,0.03979738100315444,True,219
A/k4/test-901,test-901,26,decode,5.117058602991165,True,196
A/k4/test-901,test-901,27,verify_call,0.2496949449996464,True,296
A/k4/test-589,test-589,0,policy_decision,3.6529963836073875e-06,True,0
A/k4/test-589,test-589,1,INITIAL,0.03405324200866744,True,147
A/k4/test-589,test-589,1,decode,6.476378282997757,True,179
A/k4/test-589,test-589,2,verify_call,0.24902688899601344,True,264
A/k4/test-589,test-589,5,policy_decision,4.114001058042049e-06,True,0
A/k4/test-589,test-589,6,FAIL_RESTORE,0.03760989900911227,True,208
A/k4/test-589,test-589,6,decode,4.717323728007614,True,178
A/k4/test-589,test-589,7,verify_call,0.26709511200897396,True,261
A/k4/test-589,test-589,10,policy_decision,3.901994205079973e-06,True,0
A/k4/test-589,test-589,11,FAIL_RESTORE,0.04168399299669545,True,208
A/k4/test-589,test-589,11,decode,5.369269408009131,True,166
A/k4/test-589,test-589,12,verify_call,0.22338534500158858,True,249
A/k4/test-589,test-589,15,policy_decision,9.233001037500799e-06,True,0
A/k4/test-589,test-589,16,FAIL_RESTORE,0.04486063899821602,True,208
A/k4/test-589,test-589,16,decode,8.005628119994071,True,235
A/k4/test-589,test-589,17,verify_call,0.25248362999991514,True,314
A/k4/test-589,test-589,20,policy_decision,3.7380086723715067e-06,True,0
A/k4/test-589,test-589,21,FAIL_RESTORE,0.038966690000961535,True,208
A/k4/test-589,test-589,21,decode,4.276319153999793,True,163
A/k4/test-589,test-589,22,verify_call,0.2074887870112434,True,251
A/k4/test-589,test-589,25,policy_decision,2.896005753427744e-06,True,0
A/k4/test-589,test-589,26,FAIL_RESTORE,0.03675675801059697,True,208
A/k4/test-589,test-589,26,decode,4.775536013999954,True,183
A/k4/test-589,test-589,27,verify_call,0.24812902299163397,True,271
A/k4/test-420,test-420,0,policy_decision,5.011999746784568e-06,True,0
A/k4/test-420,test-420,1,INITIAL,0.037614518994814716,True,139
A/k4/test-420,test-420,1,decode,7.591090415007784,True,190
A/k4/test-1170,test-1170,0,policy_decision,3.2840034691616893e-06,True,0
A/k4/test-1170,test-1170,1,INITIAL,0.03414330699888524,True,150
A/k4/test-1170,test-1170,1,decode,5.492448525998043,True,191
A/k4/test-1170,test-1170,2,verify_call,0.2513696660025744,True,275
A/k4/test-1170,test-1170,5,policy_decision,7.005000952631235e-06,True,0
A/k4/test-1170,test-1170,6,FAIL_RESTORE,0.037263128004269674,True,211
A/k4/test-1170,test-1170,6,decode,3.0107486310007516,True,113
A/k4/test-1170,test-1170,7,verify_call,0.22402976000739727,True,194
A/k4/test-1170,test-1170,10,policy_decision,3.1919917091727257e-06,True,0
A/k4/test-1170,test-1170,12,OFFLINE_RESTORE,0.06110981600068044,False,324
A/k4/test-1170,test-1170,12,decode,3.0453204450022895,True,96
A/k4/test-1170,test-1170,13,verify_call,0.2707294330029981,True,283
A/k4/test-13,test-13,0,policy_decision,8.898001397028565e-06,True,0
A/k4/test-13,test-13,1,INITIAL,0.07837248900614213,True,139
A/k4/test-13,test-13,1,decode,8.604538380008307,True,251
A/k4/test-13,test-13,2,verify_call,0.26842259500699583,True,323
A/k4/test-13,test-13,5,policy_decision,3.2469979487359524e-06,True,0
A/k4/test-13,test-13,7,OFFLINE_RESTORE,0.06609019399911631,False,390
A/k4/test-13,test-13,7,decode,7.001946125994436,True,263
A/k4/test-453,test-453,0,policy_decision,3.598004695959389e-06,True,0
A/k4/test-453,test-453,1,INITIAL,0.032062705999123864,True,137
A/k4/test-453,test-453,1,decode,8.321675769009744,True,272
A/k4/test-453,test-453,2,verify_call,0.27081801899475977,True,347
A/k4/test-453,test-453,5,policy_decision,3.81701102014631e-06,True,0
A/k4/test-453,test-453,6,FAIL_RESTORE,0.03838690900010988,True,198
A/k4/test-453,test-453,6,decode,5.377345259999856,True,150
A/k4/test-453,test-453,7,verify_call,0.22491099798935466,True,221
A/k4/test-453,test-453,10,policy_decision,2.706001396290958e-06,True,0
A/k4/test-453,test-453,12,OFFLINE_RESTORE,0.05644463600765448,False,348
A/k4/test-453,test-453,12,decode,5.7315624250040855,True,166
A/k4/test-453,test-453,13,verify_call,0.2938674689939944,True,381
A/k4/test-453,test-453,16,policy_decision,3.398003173060715e-06,True,0
A/k4/test-453,test-453,17,FAIL_RESTORE,0.07149499899242073,True,405
A/k4/test-453,test-453,17,decode,1.9224168760119937,True,57
A/k4/test-453,test-453,18,verify_call,0.24877864700101782,True,274
A/k4/test-453,test-453,21,policy_decision,4.631991032510996e-06,True,0
A/k4/test-453,test-453,22,FAIL_RESTORE,0.06725447899952997,True,405
A/k4/test-453,test-453,22,decode,1.6305169489933178,True,62
A/k4/test-453,test-453,23,verify_call,0.25018158700549975,True,279
A/k4/test-453,test-453,26,policy_decision,3.7919962778687477e-06,True,0
A/k4/test-453,test-453,27,FAIL_RESTORE,0.0658491869980935,True,405
A/k4/test-453,test-453,27,decode,2.025604660011595,True,77
A/k4/test-453,test-453,28,verify_call,0.25255182800174225,True,294
A/k4/test-317,test-317,0,policy_decision,3.592998837120831e-06,True,0
A/k4/test-317,test-317,1,INITIAL,0.031141924002440646,True,120
A/k4/test-317,test-317,1,decode,2.934102715997142,True,99
A/k4/test-317,test-317,2,verify_call,0.18813000498630572,True,159
A/k4/test-191,test-191,0,policy_decision,5.362799856811762e-05,True,0
A/k4/test-191,test-191,1,INITIAL,0.03573721200518776,True,118
A/k4/test-191,test-191,1,decode,3.717039520997787,True,124
A/k4/test-191,test-191,2,verify_call,0.18835195500287227,True,175
A/k4/test-191,test-191,5,policy_decision,2.9429938877001405e-06,True,0
A/k4/test-191,test-191,6,FAIL_RESTORE,0.040524230993469246,True,179
A/k4/test-191,test-191,6,decode,2.556348447003984,True,74
A/k4/test-191,test-191,7,verify_call,0.19517409199033864,True,129
A/k4/test-191,test-191,10,policy_decision,3.7179997889325023e-06,True,0
A/k4/test-191,test-191,11,FAIL_RESTORE,0.04515742500370834,True,179
A/k4/test-191,test-191,11,decode,2.5555377019918524,True,77
A/k4/test-191,test-191,12,verify_call,0.1962390639964724,True,135
A/k4/test-191,test-191,15,policy_decision,1.5031997463665903e-05,True,0
A/k4/test-191,test-191,16,FAIL_RESTORE,0.04683367100369651,True,179
A/k4/test-191,test-191,16,decode,2.12633628299227,True,64
A/k4/test-191,test-191,17,verify_call,0.15540958699421026,True,122
A/k4/test-191,test-191,20,policy_decision,3.6510027712211013e-06,True,0
A/k4/test-191,test-191,21,FAIL_RESTORE,0.033569888008059934,True,179
A/k4/test-191,test-191,21,decode,1.2945368699874962,True,49
A/k4/test-191,test-191,22,verify_call,0.152417727993452,True,106
A/k4/test-191,test-191,25,policy_decision,2.9039947548881173e-06,True,0
A/k4/test-191,test-191,26,FAIL_RESTORE,0.03229268499126192,True,179
A/k4/test-191,test-191,26,decode,4.537514226991334,True,170
A/k4/test-191,test-191,27,verify_call,0.20763408701168373,True,233
A/k4/test-927,test-927,0,policy_decision,3.098000888712704e-06,True,0
A/k4/test-927,test-927,1,INITIAL,0.035316897003212944,True,156
A/k4/test-927,test-927,1,decode,7.790079173006234,True,245
A/k4/test-927,test-927,2,verify_call,0.2692867169971578,True,339
A/k4/test-638,test-638,0,policy_decision,3.0640076147392392e-06,True,0
A/k4/test-638,test-638,1,INITIAL,0.03339553700061515,True,120
A/k4/test-638,test-638,1,decode,3.384606015999452,True,123
A/k4/test-638,test-638,2,verify_call,0.18958216399187222,True,179
A/k4/test-638,test-638,5,policy_decision,1.1932992492802441e-05,True,0
A/k4/test-638,test-638,6,FAIL_RESTORE,0.037796327989781275,True,181
A/k4/test-638,test-638,6,decode,6.948102565002046,True,206
A/k4/test-638,test-638,7,verify_call,0.2693453679967206,True,262
A/k4/test-1099,test-1099,0,policy_decision,2.619010047055781e-06,True,0
A/k4/test-1099,test-1099,1,INITIAL,0.031764988001668826,True,156
A/k4/test-1099,test-1099,1,decode,6.430656316995737,True,235
A/k4/test-1099,test-1099,2,verify_call,0.2702288319997024,True,327
A/k4/test-996,test-996,0,policy_decision,2.701999619603157e-06,True,0
A/k4/test-996,test-996,1,INITIAL,0.03219900399562903,True,151
A/k4/test-996,test-996,1,decode,9.664859655997134,True,250
A/k4/test-996,test-996,2,verify_call,0.2688784219935769,True,322
A/k4/test-996,test-996,5,policy_decision,4.451998393051326e-06,True,0
A/k4/test-996,test-996,7,OFFLINE_RESTORE,0.07439415500266477,False,401
A/k4/test-996,test-996,7,decode,6.3762400440027704,True,190
A/k4/test-918,test-918,0,policy_decision,4.0230079321190715e-06,True,0
A/k4/test-918,test-918,1,INITIAL,0.03476780100027099,True,127
A/k4/test-918,test-918,1,decode,7.095110952010145,True,207
A/k4/test-918,test-918,2,verify_call,0.24791042000288144,True,274
A/k4/test-918,test-918,5,policy_decision,2.8170034056529403e-06,True,0
A/k4/test-918,test-918,6,FAIL_RESTORE,0.03871914900082629,True,188
A/k4/test-918,test-918,6,decode,4.889224792001187,True,141
A/k4/test-918,test-918,7,verify_call,0.22468966800079215,True,197
A/k4/test-135,test-135,0,policy_decision,3.1449890229851007e-06,True,0
A/k4/test-135,test-135,1,INITIAL,0.031470678994082846,True,128
A/k4/test-135,test-135,1,decode,5.643657309003174,True,161
A/k4/test-135,test-135,2,verify_call,0.20822470699204132,True,227
A/k4/test-135,test-135,5,policy_decision,3.383000148460269e-06,True,0
A/k4/test-135,test-135,6,FAIL_RESTORE,0.04336485899693798,True,189
A/k4/test-135,test-135,6,decode,2.7562058119947324,True,83
A/k4/test-135,test-135,7,verify_call,0.19472279600449838,True,144
A/k4/test-135,test-135,10,policy_decision,2.763001248240471e-06,True,0
A/k4/test-135,test-135,11,FAIL_RESTORE,0.038859249005327,True,189
A/k4/test-135,test-135,11,decode,3.478681537002558,True,107
A/k4/test-135,test-135,12,verify_call,0.2041707410098752,True,172
A/k4/test-135,test-135,15,policy_decision,3.496999852359295e-06,True,0
A/k4/test-135,test-135,16,FAIL_RESTORE,0.04034641799808014,True,189
A/k4/test-135,test-135,16,decode,2.6279241430020193,True,80
A/k4/test-135,test-135,17,verify_call,0.18200633399828803,True,150
A/k4/test-82,test-82,0,policy_decision,3.9239967009052634e-06,True,0
A/k4/test-82,test-82,1,INITIAL,0.053099020005902275,True,112
A/k4/test-82,test-82,1,decode,1.4154947740025818,True,44
A/k4/test-82,test-82,2,verify_call,0.15332050900906324,True,89
A/k4/test-82,test-82,5,policy_decision,1.7837999621406198e-05,True,0
A/k4/test-82,test-82,7,OFFLINE_RESTORE,0.04244661799748428,False,156
A/k4/test-82,test-82,7,decode,4.997160958999302,True,165
A/k4/test-82,test-82,8,verify_call,0.2240574469906278,True,246
A/k4/test-1264,test-1264,0,policy_decision,3.475986886769533e-06,True,0
A/k4/test-1264,test-1264,1,INITIAL,0.03986559600161854,True,215
A/k4/test-1264,test-1264,1,decode,14.658934510996914,True,461
A/k4/test-717,test-717,0,policy_decision,3.36900120601058e-06,True,0
A/k4/test-717,test-717,1,INITIAL,0.027334477999829687,True,126
A/k4/test-717,test-717,1,decode,9.995915945008164,True,290
A/k4/test-717,test-717,2,verify_call,0.26954246300738305,True,348
A/k4/test-1248,test-1248,0,policy_decision,6.494999979622662e-06,True,0
A/k4/test-1248,test-1248,1,INITIAL,0.04689918499207124,True,194
A/k4/test-1248,test-1248,1,decode,11.443035455988138,True,315
A/k4/test-1248,test-1248,2,verify_call,0.3288366599881556,True,450
A/k4/test-1248,test-1248,5,policy_decision,3.550987457856536e-06,True,0
A/k4/test-1248,test-1248,6,FAIL_RESTORE,0.04432598401035648,True,255
A/k4/test-1248,test-1248,6,decode,6.210092820008867,True,200
A/k4/test-1248,test-1248,7,verify_call,0.2937784680107143,True,335
A/k4/test-1248,test-1248,10,policy_decision,3.3039978006854653e-06,True,0
A/k4/test-1248,test-1248,11,FAIL_RESTORE,0.05155068599560764,True,255
A/k4/test-1248,test-1248,11,decode,4.327437801999622,True,136
A/k4/test-398,test-398,0,policy_decision,3.7159916246309876e-06,True,0
A/k4/test-398,test-398,1,INITIAL,0.03261268998903688,True,140
A/k4/test-398,test-398,1,decode,5.634284408006351,True,212
A/k4/test-398,test-398,2,verify_call,0.2511949489999097,True,291
A/k4/test-947,test-947,0,policy_decision,3.05499997921288e-06,True,0
A/k4/test-947,test-947,1,INITIAL,0.03217731999757234,True,137
A/k4/test-947,test-947,1,decode,3.3747440799925243,True,125
A/k4/test-947,test-947,2,verify_call,0.20881283799826633,True,202
A/k4/test-179,test-179,0,policy_decision,3.163993824273348e-06,True,0
A/k4/test-179,test-179,1,INITIAL,0.026986473007127643,True,124
A/k4/test-179,test-179,1,decode,4.8366373000026215,True,180
A/k4/test-179,test-179,2,verify_call,0.20885309600271285,True,241
A/k4/test-480,test-480,0,policy_decision,2.9130023904144764e-06,True,0
A/k4/test-480,test-480,1,INITIAL,0.03157134199864231,True,131
A/k4/test-480,test-480,1,decode,4.793426988006104,True,178
A/k4/test-480,test-480,2,verify_call,0.20947720399999525,True,245
A/k4/test-752,test-752,0,policy_decision,2.7240021154284477e-06,True,0
A/k4/test-752,test-752,1,INITIAL,0.030463808012427762,True,118
A/k4/test-752,test-752,1,decode,4.156996342993807,True,148
A/k4/test-752,test-752,2,verify_call,0.21022505000291858,True,209
A/k4/test-752,test-752,5,policy_decision,3.233013558201492e-06,True,0
A/k4/test-752,test-752,6,FAIL_RESTORE,0.03913495301094372,True,179
A/k4/test-752,test-752,6,decode,4.73755282300408,True,154
A/k4/test-752,test-752,7,verify_call,0.22548354799801018,True,209
A/k4/test-752,test-752,10,policy_decision,3.349996404722333e-06,True,0
A/k4/test-752,test-752,11,FAIL_RESTORE,0.043579302000580356,True,179
A/k4/test-752,test-752,11,decode,4.12837212899467,True,129
A/k4/test-752,test-752,12,verify_call,0.20747215999290347,True,185
A/k4/test-752,test-752,15,policy_decision,4.232992068864405e-06,True,0
A/k4/test-752,test-752,16,FAIL_RESTORE,0.04236505900917109,True,179
A/k4/test-752,test-752,16,decode,2.1478701479936717,True,67
A/k4/test-752,test-752,17,verify_call,0.15298071299912408,True,123
A/k4/test-752,test-752,20,policy_decision,2.973989467136562e-06,True,0
A/k4/test-752,test-752,21,FAIL_RESTORE,0.04108854100923054,True,179
A/k4/test-752,test-752,21,decode,2.005737212995882,True,77
A/k4/test-752,test-752,22,verify_call,0.1814484229980735,True,133
A/k4/test-752,test-752,25,policy_decision,2.7900096029043198e-06,True,0
A/k4/test-752,test-752,26,FAIL_RESTORE,0.04299770199577324,True,179
A/k4/test-752,test-752,26,decode,2.691710557002807,True,103
A/k4/test-752,test-752,27,verify_call,0.1824802500050282,True,154
A/k4/test-830,test-830,0,policy_decision,3.321008989587426e-06,True,0
A/k4/test-830,test-830,1,INITIAL,0.035604357995907776,True,149
A/k4/test-830,test-830,1,decode,9.189446390999365,True,249
A/k4/test-830,test-830,2,verify_call,0.27119468100136146,True,336
A/k4/test-796,test-796,0,policy_decision,4.2339961510151625e-06,True,0
A/k4/test-796,test-796,1,INITIAL,0.041904721001628786,True,145
A/k4/test-796,test-796,1,decode,7.2629490200051805,True,221
A/k4/test-796,test-796,2,verify_call,0.25048105999303516,True,303
A/k4/test-796,test-796,5,policy_decision,5.232999683357775e-06,True,0
A/k4/test-796,test-796,6,FAIL_RESTORE,0.037736714992206544,True,206
A/k4/test-796,test-796,6,decode,5.293276545999106,True,164
A/k4/test-796,test-796,7,verify_call,0.22638509199896362,True,247
A/k4/test-796,test-796,10,policy_decision,2.939006662927568e-06,True,0
A/k4/test-796,test-796,11,FAIL_RESTORE,0.042266858989023603,True,206
A/k4/test-796,test-796,11,decode,5.0227849399962,True,156
A/k4/test-796,test-796,12,verify_call,0.226726035005413,True,239
A/k4/test-796,test-796,15,policy_decision,3.1039962777867913e-06,True,0
A/k4/test-796,test-796,16,FAIL_RESTORE,0.0404676079924684,True,206
A/k4/test-796,test-796,16,decode,3.010481193996384,True,94
A/k4/test-796,test-796,17,verify_call,0.19050571300613228,True,171
A/k4/test-796,test-796,20,policy_decision,2.610002411529422e-06,True,0
A/k4/test-796,test-796,22,OFFLINE_RESTORE,0.049876116987434216,False,300
A/k4/test-796,test-796,22,decode,2.542187430008198,True,97
A/k4/test-796,test-796,23,verify_call,0.24890902999322861,True,265
A/k4/test-796,test-796,26,policy_decision,2.4269975256174803e-06,True,0
A/k4/test-796,test-796,27,FAIL_RESTORE,0.055276368992053904,True,357
A/k4/test-796,test-796,27,decode,4.946990999000263,True,190
A/k4/test-796,test-796,28,verify_call,0.2723139770096168,True,351
A/k4/test-210,test-210,0,policy_decision,3.7150020943954587e-06,True,0
A/k4/test-210,test-210,1,INITIAL,0.03818583600514103,True,182
A/k4/test-210,test-210,1,decode,7.117144297008053,True,238
A/k4/test-210,test-210,2,verify_call,0.26856123701145407,True,350
A/k4/test-210,test-210,5,policy_decision,2.886998117901385e-06,True,0
A/k4/test-210,test-210,7,OFFLINE_RESTORE,0.06954249300179072,False,420
A/k4/test-210,test-210,7,decode,4.322588459006511,True,135
A/k4/test-210,test-210,8,verify_call,0.3632654469984118,True,481
A/k4/test-983,test-983,0,policy_decision,5.233014235273004e-06,True,0
A/k4/test-983,test-983,1,INITIAL,0.031445857996004634,True,114
A/k4/test-983,test-983,1,decode,4.058982014001231,True,159
A/k4/test-983,test-983,2,verify_call,0.2089268150011776,True,200
A/k4/test-152,test-152,0,policy_decision,2.811008016578853e-06,True,0
A/k4/test-152,test-152,1,INITIAL,0.02711603499483317,True,123
A/k4/test-152,test-152,1,decode,3.5465880109986756,True,141
A/k4/test-152,test-152,2,verify_call,0.20825762100866996,True,200
A/k4/test-152,test-152,5,policy_decision,3.569002728909254e-06,True,0
A/k4/test-152,test-152,6,FAIL_RESTORE,0.03750700301316101,True,184
A/k4/test-152,test-152,6,decode,4.524941285999375,True,142
A/k4/test-152,test-152,7,verify_call,0.2292209539882606,True,201
A/k4/test-51,test-51,0,policy_decision,2.8890062822028995e-06,True,0
A/k4/test-51,test-51,1,INITIAL,0.03156791899527889,True,131
A/k4/test-51,test-51,1,decode,6.586822925994056,True,258
A/k4/test-51,test-51,2,verify_call,0.2682544980052626,True,322
A/k4/test-51,test-51,5,policy_decision,5.826004780828953e-06,True,0
A/k4/test-51,test-51,6,FAIL_RESTORE,0.038412268011597916,True,192
A/k4/test-51,test-51,6,decode,2.934917969003436,True,89
A/k4/test-51,test-51,7,verify_call,0.20112599100684747,True,156
A/k4/test-51,test-51,10,policy_decision,3.4039985621348023e-06,True,0
A/k4/test-51,test-51,11,FAIL_RESTORE,0.03887198699521832,True,192
A/k4/test-51,test-51,11,decode,4.086944046997814,True,126
A/k4/test-51,test-51,12,verify_call,0.20787954299885314,True,189
A/k4/test-51,test-51,15,policy_decision,7.155002094805241e-06,True,0
A/k4/test-51,test-51,17,OFFLINE_RESTORE,0.05854495499806944,False,318
A/k4/test-51,test-51,17,decode,2.3975477250060067,True,77
A/k4/test-51,test-51,18,verify_call,0.24788067399640568,True,263
A/k4/test-51,test-51,21,policy_decision,3.2509997254237533e-06,True,0
A/k4/test-51,test-51,22,FAIL_RESTORE,0.05440407199785113,True,375
A/k4/test-51,test-51,22,decode,2.076652928008116,True,81
A/k4/test-51,test-51,23,verify_call,0.24681690899888054,True,263
A/k4/test-75,test-75,0,policy_decision,6.864007445983589e-06,True,0
A/k4/test-75,test-75,1,INITIAL,0.03371657100797165,True,148
A/k4/test-75,test-75,1,decode,4.799180533009348,True,187
A/k4/test-75,test-75,2,verify_call,0.2499779690115247,True,268
A/k4/test-75,test-75,5,policy_decision,3.287001163698733e-06,True,0
A/k4/test-75,test-75,6,FAIL_RESTORE,0.044734373994288035,True,209
A/k4/test-75,test-75,6,decode,4.955309376993682,True,159
A/k4/test-75,test-75,7,verify_call,0.23185766600363422,True,239
A/k4/test-75,test-75,10,policy_decision,3.831999492831528e-06,True,0
A/k4/test-75,test-75,11,FAIL_RESTORE,0.03957979999540839,True,209
A/k4/test-75,test-75,11,decode,3.372483197003021,True,109
A/k4/test-75,test-75,12,verify_call,0.207088835988543,True,190
A/k4/test-75,test-75,15,policy_decision,2.83500412479043e-06,True,0
A/k4/test-75,test-75,16,FAIL_RESTORE,0.04410448300768621,True,209
A/k4/test-75,test-75,16,decode,2.906150332011748,True,87
A/k4/test-75,test-75,17,verify_call,0.19032073000562377,True,180
A/k4/test-75,test-75,20,policy_decision,3.720997483469546e-06,True,0
A/k4/test-75,test-75,21,FAIL_RESTORE,0.037248545995680615,True,209
A/k4/test-75,test-75,21,decode,3.3075540449935943,True,121
A/k4/test-75,test-75,22,verify_call,0.20801705498888623,True,201
A/k4/test-75,test-75,25,policy_decision,3.4050026442855597e-06,True,0
A/k4/test-75,test-75,26,FAIL_RESTORE,0.03763931700086687,True,209
A/k4/test-75,test-75,26,decode,3.30935555700853,True,126
A/k4/test-75,test-75,27,verify_call,0.20750307900016196,True,206
A/k4/test-270,test-270,0,policy_decision,3.0909868655726314e-06,True,0
A/k4/test-270,test-270,1,INITIAL,0.03261322699836455,True,158
A/k4/test-270,test-270,1,decode,6.58197903301334,True,253
A/k4/test-270,test-270,2,verify_call,0.2688729959918419,True,349
A/k4/test-518,test-518,0,policy_decision,2.397995558567345e-06,True,0
A/k4/test-518,test-518,1,INITIAL,0.03434923199529294,True,147
A/k4/test-518,test-518,1,decode,6.8240821289946325,True,268
A/k4/test-518,test-518,2,verify_call,0.2697901250066934,True,347
A/k4/test-518,test-518,5,policy_decision,4.161003744229674e-06,True,0
A/k4/test-518,test-518,7,OFFLINE_RESTORE,0.07245390000753105,False,415
A/k4/test-518,test-518,7,decode,1.6095062660024269,True,51
A/k4/test-518,test-518,8,verify_call,0.34742396300134715,True,398
A/k4/test-788,test-788,0,policy_decision,2.7389905881136656e-06,True,0
A/k4/test-788,test-788,1,INITIAL,0.03232052200473845,True,133
A/k4/test-788,test-788,1,decode,2.476014479994774,True,96
A/k4/test-788,test-788,2,verify_call,0.18788846000097692,True,169
A/k4/test-903,test-903,0,policy_decision,7.028997060842812e-06,True,0
A/k4/test-903,test-903,1,INITIAL,0.039734261998091824,True,138
A/k4/test-903,test-903,1,decode,9.976412753996556,True,390
A/k4/test-903,test-903,2,verify_call,0.32842095399973914,True,460
A/k4/test-903,test-903,5,policy_decision,3.1479867175221443e-06,True,0
A/k4/test-903,test-903,7,OFFLINE_RESTORE,0.09126404800917953,False,528
A/k4/test-903,test-903,7,decode,3.180172594002215,True,91
A/k4/test-903,test-903,8,verify_call,0.4385048440017272,True,551
A/k4/test-1236,test-1236,0,policy_decision,5.122012225911021e-06,True,0
A/k4/test-1236,test-1236,1,INITIAL,0.03256651799893007,True,148
A/k4/test-1236,test-1236,1,decode,7.076639080987661,True,268
A/k4/test-1236,test-1236,2,verify_call,0.2698109979974106,True,354
A/k4/test-782,test-782,0,policy_decision,2.7479982236400247e-06,True,0
A/k4/test-782,test-782,1,INITIAL,0.02684846099873539,True,126
A/k4/test-782,test-782,1,decode,4.177585241995985,True,161
A/k4/test-782,test-782,2,verify_call,0.20946286400430836,True,223
A/k4/test-782,test-782,5,policy_decision,3.0919909477233887e-06,True,0
A/k4/test-782,test-782,6,FAIL_RESTORE,0.03542172099696472,True,187
A/k4/test-782,test-782,6,decode,3.339335526994546,True,105
A/k4/test-782,test-782,7,verify_call,0.20831187700969167,True,171
A/k4/test-782,test-782,10,policy_decision,8.870003512129188e-06,True,0
A/k4/test-782,test-782,11,FAIL_RESTORE,0.03886970499297604,True,187
A/k4/test-782,test-782,11,decode,5.368825539990212,True,171
A/k4/test-782,test-782,12,verify_call,0.22384053000132553,True,237
A/k4/test-865,test-865,0,policy_decision,4.032001015730202e-06,True,0
A/k4/test-865,test-865,1,INITIAL,0.03222851100144908,True,151
A/k4/test-865,test-865,1,decode,7.119221610992099,True,277
A/k4/test-865,test-865,2,verify_call,0.2695866440044483,True,354
A/k4/test-979,test-979,0,policy_decision,2.9719958547502756e-06,True,0
A/k4/test-979,test-979,1,INITIAL,0.032164176998776384,True,131
A/k4/test-979,test-979,1,decode,8.768946456999402,True,353
A/k4/test-979,test-979,2,verify_call,0.32418397899891715,True,419
A/k4/test-979,test-979,5,policy_decision,6.975009455345571e-06,True,0
A/k4/test-979,test-979,6,FAIL_RESTORE,0.039203603999339975,True,192
A/k4/test-979,test-979,6,decode,0.20131020199914929,True,7
A/k4/test-979,test-979,7,verify_call,0.16817248601000756,True,87
A/k4/test-979,test-979,10,policy_decision,4.298010026104748e-06,True,0
A/k4/test-979,test-979,11,FAIL_RESTORE,0.03603485100029502,True,192
A/k4/test-979,test-979,11,decode,2.502387386004557,True,83
A/k4/test-979,test-979,12,verify_call,0.19549057399854064,True,147
A/k4/test-979,test-979,15,policy_decision,2.9670045478269458e-06,True,0
A/k4/test-979,test-979,17,OFFLINE_RESTORE,0.05199039800208993,False,275
A/k4/test-979,test-979,17,decode,6.420623383004568,True,204
A/k4/test-979,test-979,18,verify_call,0.27136154400068335,True,342
A/k4/test-979,test-979,21,policy_decision,3.6179990274831653e-06,True,0
A/k4/test-979,test-979,22,FAIL_RESTORE,0.0535467699955916,True,332
A/k4/test-979,test-979,22,decode,3.687974619009765,True,142
A/k4/test-979,test-979,23,verify_call,0.24840057799883652,True,273
A/k4/test-979,test-979,26,policy_decision,3.01000545732677e-06,True,0
A/k4/test-979,test-979,27,FAIL_RESTORE,0.05241855699568987,True,332
A/k4/test-979,test-979,27,decode,3.0749306799989427,True,118
A/k4/test-979,test-979,28,verify_call,0.20901690899336245,True,249
A/k4/test-239,test-239,0,policy_decision,2.935994416475296e-06,True,0
A/k4/test-239,test-239,1,INITIAL,0.03344072599429637,True,170
A/k4/test-239,test-239,1,decode,6.3351070350036025,True,261
A/k4/test-239,test-239,2,verify_call,0.26814822299638763,True,366
A/k4/test-169,test-169,0,policy_decision,3.016000846400857e-06,True,0
A/k4/test-169,test-169,1,INITIAL,0.027421300997957587,True,113
A/k4/test-169,test-169,1,decode,3.5773010900011286,True,148
A/k4/test-169,test-169,2,verify_call,0.19163187898811884,True,192
A/k4/test-169,test-169,5,policy_decision,4.84999327454716e-06,True,0
A/k4/test-169,test-169,7,OFFLINE_RESTORE,0.053277781000360847,False,261
A/k4/test-169,test-169,7,decode,3.3227606029977323,True,104
A/k4/test-169,test-169,8,verify_call,0.2766058409906691,True,292
A/k4/test-150,test-150,0,policy_decision,2.4089968064799905e-06,True,0
A/k4/test-150,test-150,1,INITIAL,0.0329052379966015,True,175
A/k4/test-150,test-150,1,decode,5.3776530909963185,True,222
A/k4/test-150,test-150,2,verify_call,0.26600436300213914,True,329
A/k4/test-150,test-150,5,policy_decision,3.4779950510710478e-06,True,0
A/k4/test-150,test-150,6,FAIL_RESTORE,0.04216387199994642,True,236
A/k4/test-150,test-150,6,decode,6.404083797999192,True,203
A/k4/test-150,test-150,7,verify_call,0.27362672801245935,True,308
A/k4/test-150,test-150,10,policy_decision,6.0259917518123984e-06,True,0
A/k4/test-150,test-150,11,FAIL_RESTORE,0.04128701100125909,True,236
A/k4/test-150,test-150,11,decode,2.4730644060036866,True,81
A/k4/test-150,test-150,12,verify_call,0.2061110190115869,True,188
A/k4/test-150,test-150,15,policy_decision,3.3310061553493142e-06,True,0
A/k4/test-150,test-150,16,FAIL_RESTORE,0.04126853799971286,True,236
A/k4/test-150,test-150,16,decode,14.916844506995403,True,402
A/k4/test-150,test-150,17,verify_call,0.3330975270073395,True,511
A/k4/test-150,test-150,20,policy_decision,3.111999831162393e-06,True,0
A/k4/test-150,test-150,21,FAIL_RESTORE,0.03801791700243484,True,236
A/k4/test-150,test-150,21,decode,1.6477695110079367,True,63
A/k4/test-150,test-150,22,verify_call,0.18826584798807744,True,174
A/k4/test-150,test-150,25,policy_decision,3.711000317707658e-06,True,0
A/k4/test-150,test-150,26,FAIL_RESTORE,0.038194407999981195,True,236
A/k4/test-150,test-150,26,decode,3.888528901996324,True,146
A/k4/test-150,test-150,27,verify_call,0.20983966199855786,True,253
A/k4/test-959,test-959,0,policy_decision,2.9910006560385227e-06,True,0
A/k4/test-959,test-959,1,INITIAL,0.036945566986105405,True,195
A/k4/test-959,test-959,1,decode,6.447629458998563,True,265
A/k4/test-959,test-959,2,verify_call,0.323528136999812,True,408
A/k4/test-959,test-959,5,policy_decision,6.681002560071647e-06,True,0
A/k4/test-959,test-959,6,FAIL_RESTORE,0.04121513800055254,True,256
A/k4/test-959,test-959,6,decode,2.4982681349938503,True,81
A/k4/test-959,test-959,7,verify_call,0.226103641994996,True,208
A/k4/test-959,test-959,10,policy_decision,3.7520076148211956e-06,True,0
A/k4/test-959,test-959,12,OFFLINE_RESTORE,0.05597655600286089,False,337
A/k4/test-959,test-959,12,decode,2.430786796991015,True,79
A/k4/test-959,test-959,13,verify_call,0.27211186999920756,True,275
A/k4/test-959,test-959,16,policy_decision,3.559995093382895e-06,True,0
A/k4/test-959,test-959,18,OFFLINE_RESTORE,0.06698995000624564,False,416
A/k4/test-959,test-959,18,decode,2.4217279290023725,True,88
A/k4/test-959,test-959,19,verify_call,0.26929342999937944,True,352
A/k4/test-186,test-186,0,policy_decision,2.605011104606092e-06,True,0
A/k4/test-186,test-186,1,INITIAL,0.037809051005751826,True,197
A/k4/test-186,test-186,1,decode,7.388849269991624,True,287
A/k4/test-186,test-186,2,verify_call,0.32484175299759954,True,410
A/k4/test-186,test-186,5,policy_decision,9.647992555983365e-06,True,0
A/k4/test-186,test-186,6,FAIL_RESTORE,0.05593692600086797,True,258
A/k4/test-186,test-186,6,decode,2.351739115998498,True,76
A/k4/test-186,test-186,7,verify_call,0.22550994300399907,True,205
A/k4/test-186,test-186,10,policy_decision,3.692999598570168e-06,True,0
A/k4/test-186,test-186,12,OFFLINE_RESTORE,0.062222451000707224,False,334
A/k4/test-186,test-186,12,decode,4.474483597005019,True,145
A/k4/test-186,test-186,13,verify_call,0.2957233479974093,True,337
A/k4/test-186,test-186,16,policy_decision,3.3740070648491383e-06,True,0
A/k4/test-186,test-186,17,FAIL_RESTORE,0.06526136399770621,True,391
A/k4/test-186,test-186,17,decode,3.140385202001198,True,94
A/k4/test-186,test-186,18,verify_call,0.2488369210041128,True,283
A/k4/test-186,test-186,21,policy_decision,3.75900708604604e-06,True,0
A/k4/test-186,test-186,22,FAIL_RESTORE,0.06596101900504436,True,391
A/k4/test-186,test-186,22,decode,2.4408994400000665,True,94
A/k4/test-186,test-186,23,verify_call,0.25026292201073375,True,283
A/k4/test-186,test-186,26,policy_decision,3.8860016502439976e-06,True,0
A/k4/test-186,test-186,27,FAIL_RESTORE,0.06596421499853022,True,391
A/k4/test-186,test-186,27,decode,3.5930475079949247,True,137
A/k4/test-186,test-186,28,verify_call,0.27151550800772384,True,326
A/k4/test-418,test-418,0,policy_decision,3.5869888961315155e-06,True,0
A/k4/test-418,test-418,1,INITIAL,0.03218764600751456,True,129
A/k4/test-418,test-418,1,decode,4.433474058998399,True,172
A/k4/test-418,test-418,2,verify_call,0.20727976100170054,True,234
A/k4/test-418,test-418,5,policy_decision,3.811001079156995e-06,True,0
A/k4/test-418,test-418,7,OFFLINE_RESTORE,0.05587341000500601,False,301
A/k4/test-418,test-418,7,decode,4.167833548999624,True,136
A/k4/test-418,test-418,8,verify_call,0.29249675299797673,True,361
A/k4/test-392,test-392,0,policy_decision,4.039990017190576e-06,True,0
A/k4/test-392,test-392,1,INITIAL,0.03209033599705435,True,145
A/k4/test-392,test-392,1,decode,3.830686531000538,True,147
A/k4/test-392,test-392,2,verify_call,0.20643396099330857,True,224
A/k4/test-392,test-392,5,policy_decision,3.5529956221580505e-06,True,0
A/k4/test-392,test-392,6,FAIL_RESTORE,0.040591794007923454,True,206
A/k4/test-392,test-392,6,decode,5.535535332004656,True,179
A/k4/test-392,test-392,7,verify_call,0.22990057099377736,True,255
A/k4/test-392,test-392,10,policy_decision,4.54900145996362e-06,True,0
A/k4/test-392,test-392,11,FAIL_RESTORE,0.03977187999407761,True,206
A/k4/test-392,test-392,11,decode,4.009104587996262,True,130
A/k4/test-392,test-392,12,verify_call,0.22824667200620752,True,207
A/k4/test-392,test-392,15,policy_decision,3.4059921745210886e-06,True,0
A/k4/test-392,test-392,17,OFFLINE_RESTORE,0.053722581986221485,False,336
A/k4/test-392,test-392,17,decode,2.058464791000006,True,64
A/k4/test-1006,test-1006,0,policy_decision,3.2349926186725497e-06,True,0
A/k4/test-1006,test-1006,1,INITIAL,0.03251107099640649,True,191
A/k4/test-1006,test-1006,1,decode,5.1794636309932685,True,198
A/k4/test-1006,test-1006,2,verify_call,0.2677222170023015,True,325
A/k4/test-1006,test-1006,5,policy_decision,4.061992513015866e-06,True,0
A/k4/test-1006,test-1006,6,FAIL_RESTORE,0.044046198003343306,True,252
A/k4/test-1006,test-1006,6,decode,5.576179846000741,True,181
A/k4/test-1006,test-1006,7,verify_call,0.27656017600384075,True,308
A/k4/test-1006,test-1006,10,policy_decision,3.816006937995553e-06,True,0
A/k4/test-1006,test-1006,11,FAIL_RESTORE,0.04268190400034655,True,252
A/k4/test-1006,test-1006,11,decode,4.690521436001291,True,150
A/k4/test-1006,test-1006,12,verify_call,0.27129074599361047,True,277
A/k4/test-1156,test-1156,0,policy_decision,2.7850037440657616e-06,True,0
A/k4/test-1156,test-1156,1,INITIAL,0.032086246996186674,True,147
A/k4/test-1156,test-1156,1,decode,3.8451673130039126,True,147
A/k4/test-1156,test-1156,2,verify_call,0.20619479299057275,True,222
A/k4/test-1156,test-1156,5,policy_decision,3.1640083761885762e-06,True,0
A/k4/test-1156,test-1156,7,OFFLINE_RESTORE,0.05215859798772726,False,294
A/k4/test-1156,test-1156,7,decode,5.131556988999364,True,165
A/k4/test-1156,test-1156,8,verify_call,0.29412485600914806,True,375
A/k4/test-161,test-161,0,policy_decision,3.68300243280828e-06,True,0
A/k4/test-161,test-161,1,INITIAL,0.034326572000281885,True,154
A/k4/test-161,test-161,1,decode,5.1482716419995995,True,197
A/k4/test-161,test-161,2,verify_call,0.24746175900509115,True,279
A/k4/test-161,test-161,5,policy_decision,3.565000952221453e-06,True,0
A/k4/test-161,test-161,7,OFFLINE_RESTORE,0.058943105992511846,False,351
A/k4/test-161,test-161,7,decode,1.7844612960034283,True,58
A/k4/test-161,test-161,8,verify_call,0.29238582399557345,True,337
A/k4/test-686,test-686,0,policy_decision,3.1370000215247273e-06,True,0
A/k4/test-686,test-686,1,INITIAL,0.03180491000239272,True,139
A/k4/test-686,test-686,1,decode,4.303232071993989,True,164
A/k4/test-686,test-686,2,verify_call,0.2101653179997811,True,243
A/k4/test-80,test-80,0,policy_decision,2.8229987947270274e-06,True,0
A/k4/test-80,test-80,1,INITIAL,0.028702477997285314,True,117
A/k4/test-80,test-80,1,decode,5.637290623999434,True,213
A/k4/test-80,test-80,2,verify_call,0.20778642199002206,True,255
A/k4/test-1154,test-1154,0,policy_decision,3.2709940569475293e-06,True,0
A/k4/test-1154,test-1154,1,INITIAL,0.027023506991099566,True,115
A/k4/test-1154,test-1154,1,decode,4.606912229995942,True,174
A/k4/test-1154,test-1154,2,verify_call,0.20968352300405968,True,228
A/k4/test-1206,test-1206,0,policy_decision,2.386004780419171e-06,True,0
A/k4/test-1206,test-1206,1,INITIAL,0.0317696900019655,True,149
A/k4/test-1206,test-1206,1,decode,5.81008589900739,True,221
A/k4/test-1206,test-1206,2,verify_call,0.2543180740030948,True,302
A/k4/test-1206,test-1206,5,policy_decision,3.3529940992593765e-06,True,0
A/k4/test-1206,test-1206,7,OFFLINE_RESTORE,0.0570346820022678,False,370
A/k4/test-1206,test-1206,7,decode,2.7507695899985265,True,87
A/k4/test-1206,test-1206,8,verify_call,0.33707395401143003,True,386
A/k4/test-984,test-984,0,policy_decision,6.521004252135754e-06,True,0
A/k4/test-984,test-984,1,INITIAL,0.03338666999479756,True,168
A/k4/test-984,test-984,1,decode,19.284391918990877,True,728
A/k4/test-984,test-984,2,verify_call,0.524059616989689,True,831
A/k4/test-984,test-984,5,policy_decision,1.2260003131814301e-05,True,0
A/k4/test-984,test-984,6,FAIL_RESTORE,0.044197582988999784,True,229
A/k4/test-984,test-984,6,decode,1.1927169720001984,True,40
A/k4/test-984,test-984,7,verify_call,0.19624625399592333,True,149
A/k4/test-984,test-984,10,policy_decision,3.577006282284856e-06,True,0
A/k4/test-984,test-984,11,FAIL_RESTORE,0.04469399199297186,True,229
A/k4/test-984,test-984,11,decode,6.189835597993806,True,197
A/k4/test-984,test-984,12,verify_call,0.2719617179973284,True,295
A/k4/test-984,test-984,15,policy_decision,3.841996658593416e-06,True,0
A/k4/test-984,test-984,16,FAIL_RESTORE,0.049817018007161096,True,229
A/k4/test-984,test-984,16,decode,3.3858752789965365,True,110
A/k4/test-984,test-984,17,verify_call,0.2073703909991309,True,210
A/k4/test-984,test-984,20,policy_decision,4.222005372866988e-06,True,0
A/k4/test-984,test-984,22,OFFLINE_RESTORE,0.05526272200222593,False,339
A/k4/test-984,test-984,22,decode,2.081987711993861,True,81
A/k4/test-984,test-984,23,verify_call,0.2500014260003809,True,284
A/k4/test-984,test-984,26,policy_decision,3.1099916668608785e-06,True,0
A/k4/test-984,test-984,27,FAIL_RESTORE,0.06640064199746121,True,396
A/k4/test-984,test-984,27,decode,4.560600514014368,True,172
A/k4/test-984,test-984,28,verify_call,0.2704730359982932,True,371
A/k4/test-365,test-365,0,policy_decision,3.2340030884370208e-06,True,0
A/k4/test-365,test-365,1,INITIAL,0.02700658301182557,True,111
A/k4/test-365,test-365,1,decode,4.597099598002387,True,168
A/k4/test-365,test-365,2,verify_call,0.20642343099461868,True,215
A/k4/test-42,test-42,0,policy_decision,3.3489923225715756e-06,True,0
A/k4/test-42,test-42,1,INITIAL,0.03440156500437297,True,163
A/k4/test-42,test-42,1,decode,3.634262954001315,True,138
A/k4/test-42,test-42,2,verify_call,0.2084711560019059,True,242
A/k4/test-208,test-208,0,policy_decision,3.922003088518977e-06,True,0
A/k4/test-208,test-208,1,INITIAL,0.032369314998504706,True,143
A/k4/test-208,test-208,1,decode,4.152003702998627,True,157
A/k4/test-208,test-208,2,verify_call,0.2081253850046778,True,240
A/k4/test-247,test-247,0,policy_decision,3.0840019462630153e-06,True,0
A/k4/test-247,test-247,1,INITIAL,0.03250227299577091,True,157
A/k4/test-247,test-247,1,decode,4.511718151989044,True,170
A/k4/test-247,test-247,2,verify_call,0.24816757600638084,True,260
A/k4/test-247,test-247,5,policy_decision,8.388000424019992e-06,True,0
A/k4/test-247,test-247,6,FAIL_RESTORE,0.039303070996538736,True,218
A/k4/test-247,test-247,6,decode,6.85130499699153,True,221
A/k4/test-247,test-247,7,verify_call,0.27399846000480466,True,315
A/k4/test-247,test-247,10,policy_decision,3.445995389483869e-06,True,0
A/k4/test-247,test-247,11,FAIL_RESTORE,0.042779604002134874,True,218
A/k4/test-247,test-247,11,decode,4.047120576011366,True,126
A/k4/test-247,test-247,12,verify_call,0.22274167599971406,True,215
A/k4/test-247,test-247,15,policy_decision,3.6130077205598354e-06,True,0
A/k4/test-247,test-247,17,OFFLINE_RESTORE,0.05454777099657804,False,344
A/k4/test-247,test-247,17,decode,0.5605519329983508,True,21
A/k4/test-247,test-247,18,verify_call,0.20650903499335982,True,236
A/k4/test-269,test-269,0,policy_decision,3.915993147529662e-06,True,0
A/k4/test-269,test-269,1,INITIAL,0.030518867992213927,True,120
A/k4/test-269,test-269,1,decode,4.374387051007943,True,160
A/k4/test-269,test-269,2,verify_call,0.20640064199687913,True,213
A/k4/test-269,test-269,5,policy_decision,4.860004992224276e-06,True,0
A/k4/test-269,test-269,7,OFFLINE_RESTORE,0.05683884900645353,False,280
A/k4/test-269,test-269,7,decode,2.350056642011623,True,72
A/k4/test-269,test-269,8,verify_call,0.2717773359909188,True,282
A/k4/test-695,test-695,0,policy_decision,2.774992026388645e-06,True,0
A/k4/test-695,test-695,1,INITIAL,0.029965705994982272,True,125
A/k4/test-695,test-695,1,decode,4.037012682005297,True,152
A/k4/test-695,test-695,2,verify_call,0.2068168859987054,True,218
A/k4/test-159,test-159,0,policy_decision,4.225992597639561e-06,True,0
A/k4/test-159,test-159,1,INITIAL,0.032118611998157576,True,140
A/k4/test-159,test-159,1,decode,3.81243832698965,True,148
A/k4/test-159,test-159,2,verify_call,0.2089763660042081,True,224
A/k4/test-1155,test-1155,0,policy_decision,3.2899988582357764e-06,True,0
A/k4/test-1155,test-1155,1,INITIAL,0.025973131007049233,True,119
A/k4/test-1155,test-1155,1,decode,4.9201060439954745,True,189
A/k4/test-1155,test-1155,2,verify_call,0.20949340400693472,True,249
A/k4/test-333,test-333,0,policy_decision,3.015011316165328e-06,True,0
A/k4/test-333,test-333,1,INITIAL,0.03206503399997018,True,163
A/k4/test-333,test-333,1,decode,6.827420579997124,True,266
A/k4/test-333,test-333,2,verify_call,0.27168880100362003,True,366
A/k4/test-762,test-762,0,policy_decision,3.0469964258372784e-06,True,0
A/k4/test-762,test-762,1,INITIAL,0.03702795199933462,True,136
A/k4/test-762,test-762,1,decode,6.6811930630065035,True,255
A/k4/test-762,test-762,2,verify_call,0.26825161700253375,True,339
A/k4/test-1147,test-1147,0,policy_decision,2.7579953894019127e-06,True,0
A/k4/test-1147,test-1147,1,INITIAL,0.03386506398965139,True,179
A/k4/test-1147,test-1147,1,decode,10.692798706993926,True,412
A/k4/test-1147,test-1147,2,verify_call,0.391164219006896,True,524
A/k4/test-818,test-818,0,policy_decision,3.145993105135858e-06,True,0
A/k4/test-818,test-818,1,INITIAL,0.03193087800173089,True,139
A/k4/test-818,test-818,1,decode,6.083188867996796,True,203
A/k4/test-818,test-818,2,verify_call,0.2491903589980211,True,278
A/k4/test-645,test-645,0,policy_decision,3.7139980122447014e-06,True,0
A/k4/test-645,test-645,1,INITIAL,0.030187642987584695,True,119
A/k4/test-645,test-645,1,decode,4.64519547400414,True,156
A/k4/test-645,test-645,2,verify_call,0.20609206600056496,True,213
A/k4/test-963,test-963,0,policy_decision,3.2420066418126225e-06,True,0
A/k4/test-963,test-963,1,INITIAL,0.03842748000170104,True,154
A/k4/test-963,test-963,1,decode,11.743790093998541,True,379
A/k4/test-963,test-963,2,verify_call,0.25353912900027353,True,310
A/k4/test-963,test-963,5,policy_decision,3.555003786459565e-06,True,0
A/k4/test-963,test-963,6,FAIL_RESTORE,0.040654397002072074,True,215
A/k4/test-963,test-963,6,decode,0.2552833039953839,True,9
A/k4/test-963,test-963,7,verify_call,0.1631783170014387,True,111
A/k4/test-963,test-963,10,policy_decision,3.4479890018701553e-06,True,0
A/k4/test-963,test-963,11,FAIL_RESTORE,0.04322802599926945,True,215
A/k4/test-963,test-963,11,decode,10.661080179997953,True,332
A/random/test-1149,test-1149,1,policy_decision,0.00016571598825976253,True,0
A/random/test-1149,test-1149,2,INITIAL,0.029054910992272198,True,114
A/random/test-1149,test-1149,2,decode,3.630583068006672,True,119
A/random/test-1149,test-1149,3,verify_call,0.1874368490098277,True,170
A/random/test-690,test-690,1,policy_decision,7.655499211978167e-05,True,0
A/random/test-690,test-690,2,INITIAL,0.034656880001421086,True,135
A/random/test-690,test-690,2,decode,12.097350463998737,True,379
A/random/test-690,test-690,3,verify_call,0.3279102890082868,True,462
A/random/test-823,test-823,1,policy_decision,7.971900049597025e-05,True,0
A/random/test-823,test-823,2,INITIAL,0.04153849100111984,True,180
A/random/test-823,test-823,2,decode,6.044596874999115,True,217
A/random/test-823,test-823,3,verify_call,0.2692579470021883,True,346
A/random/test-1110,test-1110,1,policy_decision,7.680398994125426e-05,True,0
A/random/test-1110,test-1110,2,INITIAL,0.03291460299806204,True,161
A/random/test-1110,test-1110,2,decode,0.8475175420026062,True,31
A/random/test-1110,test-1110,3,verify_call,0.18563026400806848,True,133
A/random/test-1110,test-1110,7,policy_decision,8.619800792075694e-05,True,0
A/random/test-1110,test-1110,9,OFFLINE_RESTORE,0.03768242300429847,False,192
A/random/test-1110,test-1110,9,decode,4.298204449005425,True,137
A/random/test-1110,test-1110,10,verify_call,0.26673061099427287,True,259
A/random/test-1110,test-1110,14,policy_decision,0.0001365450007142499,True,0
A/random/test-1110,test-1110,15,FAIL_RESTORE,0.044218729992280714,True,249
A/random/test-1110,test-1110,15,decode,15.885406506000436,True,488
A/random/test-1110,test-1110,16,verify_call,0.42993543700140435,True,599
A/random/test-1110,test-1110,20,policy_decision,7.895700400695205e-05,True,0
A/random/test-1110,test-1110,21,FAIL_RESTORE,0.03801334000308998,True,249
A/random/test-1110,test-1110,21,decode,3.5640916930133244,True,129
A/random/test-1110,test-1110,22,verify_call,0.2081692479987396,True,249
A/random/test-1110,test-1110,26,policy_decision,6.656799814663827e-05,True,0
A/random/test-1110,test-1110,27,FAIL_RESTORE,0.037946525000734255,True,249
A/random/test-1110,test-1110,27,decode,8.848708284989698,True,333
A/random/test-1110,test-1110,28,verify_call,0.3295324999926379,True,456
A/random/test-1110,test-1110,32,policy_decision,7.804499182384461e-05,True,0
A/random/test-1110,test-1110,33,FAIL_RESTORE,0.038051488998462446,True,249
A/random/test-1110,test-1110,33,decode,4.122001653013285,True,157
A/random/test-1110,test-1110,34,verify_call,0.24851774799753912,True,280
A/random/test-23,test-23,1,policy_decision,0.00010853999992832541,True,0
A/random/test-23,test-23,2,INITIAL,0.03271181399759371,True,122
A/random/test-23,test-23,2,decode,2.9394183500116924,True,107
A/random/test-23,test-23,3,verify_call,0.1879533790051937,True,169
A/random/test-1249,test-1249,1,policy_decision,5.385000258684158e-05,True,0
A/random/test-1249,test-1249,2,INITIAL,0.03716284800611902,True,193
A/random/test-1249,test-1249,2,decode,12.166473128003418,True,431
A/random/test-1249,test-1249,3,verify_call,0.39794783300021663,True,572
A/random/test-1249,test-1249,7,policy_decision,6.536900764331222e-05,True,0
A/random/test-1249,test-1249,8,FAIL_RESTORE,0.04405253799632192,True,254
A/random/test-1249,test-1249,8,decode,3.110290343989618,True,96
A/random/test-1249,test-1249,9,verify_call,0.22596798899758141,True,224
A/random/test-783,test-783,1,policy_decision,7.128198922146112e-05,True,0
A/random/test-783,test-783,2,INITIAL,0.032809766998980194,True,187
A/random/test-783,test-783,2,decode,8.754154802998528,True,310
A/random/test-783,test-783,3,verify_call,0.3282530599972233,True,424
A/random/test-783,test-783,7,policy_decision,0.00029514900234062225,True,0
A/random/test-783,test-783,8,FAIL_RESTORE,0.03994096000678837,True,248
A/random/test-783,test-783,8,decode,0.5468575599952601,True,18
A/random/test-783,test-783,9,verify_call,0.19685288998880424,True,146
A/random/test-783,test-783,13,policy_decision,8.124299347400665e-05,True,0
A/random/test-783,test-783,15,OFFLINE_RESTORE,0.051967459003208205,False,266
A/random/test-783,test-783,15,decode,1.0528607359883608,True,34
A/random/test-783,test-783,16,verify_call,0.2027742579957703,True,174
A/random/test-783,test-783,20,policy_decision,8.024199632927775e-05,True,0
A/random/test-783,test-783,22,OFFLINE_RESTORE,0.04989229500642978,False,300
A/random/test-783,test-783,22,decode,3.868996677992982,True,123
A/random/test-783,test-783,23,verify_call,0.24842850500135683,True,284
A/random/test-783,test-783,27,policy_decision,8.355599129572511e-05,True,0
A/random/test-783,test-783,28,FAIL_RESTORE,0.05282658399664797,True,357
A/random/test-783,test-783,28,decode,31.75734727300005,True,1255
A/random/test-783,test-783,29,verify_call,0.8467656979919411,True,1410
A/random/test-783,test-783,33,policy_decision,9.430899808648974e-05,True,0
A/random/test-783,test-783,34,FAIL_RESTORE,0.05342267900414299,True,357
A/random/test-783,test-783,34,decode,1.2718359770078678,True,49
A/random/test-783,test-783,35,verify_call,0.20554761099629104,True,213
A/random/test-857,test-857,1,policy_decision,6.899700383655727e-05,True,0
A/random/test-857,test-857,2,INITIAL,0.0334947690134868,True,163
A/random/test-857,test-857,2,decode,5.084466033993522,True,182
A/random/test-857,test-857,3,verify_call,0.2506499719893327,True,293
A/random/test-489,test-489,1,policy_decision,5.9426005464047194e-05,True,0
A/random/test-489,test-489,2,INITIAL,0.03245737300312612,True,140
A/random/test-489,test-489,2,decode,3.733503721989109,True,135
A/random/test-489,test-489,3,verify_call,0.20815337999374606,True,213
A/random/test-916,test-916,1,policy_decision,6.574200233444571e-05,True,0
A/random/test-916,test-916,2,INITIAL,0.03257288099848665,True,177
A/random/test-916,test-916,2,decode,0.7672185340052238,True,29
A/random/test-916,test-916,3,verify_call,0.18256842900882475,True,140
A/random/test-916,test-916,7,policy_decision,6.390998896677047e-05,True,0
A/random/test-916,test-916,9,OFFLINE_RESTORE,0.03975147599703632,False,206
A/random/test-916,test-916,9,decode,5.407994585999404,True,175
A/random/test-916,test-916,10,verify_call,0.270883909004624,True,300
A/random/test-916,test-916,14,policy_decision,6.2905004597269e-05,True,0
A/random/test-916,test-916,15,FAIL_RESTORE,0.05210857999918517,True,263
A/random/test-916,test-916,15,decode,3.454274721996626,True,107
A/random/test-916,test-916,16,verify_call,0.22427251099725254,True,234
A/random/test-916,test-916,20,policy_decision,6.0268997913226485e-05,True,0
A/random/test-916,test-916,21,FAIL_RESTORE,0.048387286995421164,True,263
A/random/test-916,test-916,21,decode,4.784404274992994,True,174
A/random/test-916,test-916,22,verify_call,0.2483099920063978,True,291
A/random/test-916,test-916,26,policy_decision,4.950400034431368e-05,True,0
A/random/test-916,test-916,27,FAIL_RESTORE,0.049399159994209185,True,263
A/random/test-916,test-916,27,decode,5.180481686998974,True,195
A/random/test-916,test-916,28,verify_call,0.24936078800237738,True,316
A/random/test-263,test-263,1,policy_decision,7.29710009181872e-05,True,0
A/random/test-263,test-263,2,INITIAL,0.035163611988537014,True,135
A/random/test-263,test-263,2,decode,3.7549663450045045,True,136
A/random/test-263,test-263,3,verify_call,0.20854071699432097,True,201
A/random/test-263,test-263,7,policy_decision,8.969999908003956e-05,True,0
A/random/test-263,test-263,9,OFFLINE_RESTORE,0.055143097997643054,False,271
A/random/test-263,test-263,9,decode,1.5042376369965496,True,50
A/random/test-263,test-263,10,verify_call,0.22468401498917956,True,251
A/random/test-177,test-177,1,policy_decision,6.732699694111943e-05,True,0
A/random/test-177,test-177,2,INITIAL,0.03311990799556952,True,175
A/random/test-177,test-177,2,decode,6.418756740007666,True,262
A/random/test-177,test-177,3,verify_call,0.27328854700317606,True,366
A/random/test-177,test-177,7,policy_decision,9.40629979595542e-05,True,0
A/random/test-177,test-177,9,OFFLINE_RESTORE,0.07339191499340814,False,437
A/random/test-177,test-177,9,decode,0.8627719060023082,True,28
A/random/test-177,test-177,10,verify_call,0.3427312419953523,True,391
A/random/test-177,test-177,14,policy_decision,6.325599679257721e-05,True,0
A/random/test-177,test-177,16,OFFLINE_RESTORE,0.07452672898944002,False,465
A/random/test-177,test-177,16,decode,2.687128720994224,True,85
A/random/test-177,test-177,17,verify_call,0.3560126459924504,True,470
A/random/test-177,test-177,21,policy_decision,4.717300180345774e-05,True,0
A/random/test-177,test-177,23,OFFLINE_RESTORE,0.08446620999893639,False,550
A/random/test-177,test-177,23,decode,1.3336474649986485,True,50
A/random/test-177,test-177,24,verify_call,0.39314125799864996,True,520
A/random/test-1065,test-1065,1,policy_decision,0.00017435499466955662,True,0
A/random/test-1065,test-1065,2,INITIAL,0.02919491200009361,True,117
A/random/test-1065,test-1065,2,decode,4.151881566998782,True,171
A/random/test-1065,test-1065,3,verify_call,0.21057081200706307,True,224
A/random/test-450,test-450,1,policy_decision,7.255500531755388e-05,True,0
A/random/test-450,test-450,2,INITIAL,0.033273195003857836,True,164
A/random/test-450,test-450,2,decode,0.9376301330048591,True,40
A/random/test-450,test-450,3,verify_call,0.18520212400471792,True,145
A/random/test-450,test-450,7,policy_decision,4.649900074582547e-05,True,0
A/random/test-450,test-450,9,OFFLINE_RESTORE,0.03925722200074233,False,204
A/random/test-450,test-450,9,decode,3.8835749499994563,True,127
A/random/test-450,test-450,10,verify_call,0.2647193419979885,True,263
A/random/test-450,test-450,14,policy_decision,6.055799894966185e-05,True,0
A/random/test-450,test-450,16,OFFLINE_RESTORE,0.055356978002237156,False,331
A/random/test-450,test-450,16,decode,2.1268566509970697,True,65
A/random/test-450,test-450,17,verify_call,0.28957031801110134,True,325
A/random/test-450,test-450,21,policy_decision,6.236799526959658e-05,True,0
A/random/test-450,test-450,22,FAIL_RESTORE,0.06571253499714658,True,388
A/random/test-450,test-450,22,decode,5.945981782992021,True,221
A/random/test-450,test-450,23,verify_call,0.3310351529944455,True,466
A/random/test-273,test-273,1,policy_decision,5.368598795030266e-05,True,0
A/random/test-273,test-273,2,INITIAL,0.032816837992868386,True,162
A/random/test-273,test-273,2,decode,1.4797012049966725,True,62
A/random/test-273,test-273,3,verify_call,0.19024723999609705,True,165
A/random/test-273,test-273,7,policy_decision,6.173299334477633e-05,True,0
A/random/test-273,test-273,9,OFFLINE_RESTORE,0.0435725630086381,False,224
A/random/test-273,test-273,9,decode,8.82481207800447,True,281
A/random/test-273,test-273,10,verify_call,0.35286970500601456,True,437
A/random/test-273,test-273,14,policy_decision,6.551500700879842e-05,True,0
A/random/test-273,test-273,15,FAIL_RESTORE,0.052663007998489775,True,281
A/random/test-273,test-273,15,decode,6.146865923990845,True,192
A/random/test-273,test-273,16,verify_call,0.29163631099800114,True,347
A/random/test-273,test-273,20,policy_decision,8.51680088089779e-05,True,0
A/random/test-273,test-273,21,FAIL_RESTORE,0.050114094992750324,True,281
A/random/test-273,test-273,21,decode,2.8028339099982986,True,104
A/random/test-273,test-273,22,verify_call,0.2517049029993359,True,262
A/random/test-273,test-273,26,policy_decision,6.912600656505674e-05,True,0
A/random/test-273,test-273,27,FAIL_RESTORE,0.050867476005805656,True,281
A/random/test-273,test-273,27,decode,1.5204564809973817,True,58
A/random/test-273,test-273,28,verify_call,0.2049218329921132,True,216
A/random/test-273,test-273,32,policy_decision,9.427699842490256e-05,True,0
A/random/test-273,test-273,34,OFFLINE_RESTORE,0.053422244993271306,False,339
A/random/test-273,test-273,34,decode,2.112078284000745,True,82
A/random/test-273,test-273,35,verify_call,0.26950786999077536,True,352
A/random/test-1131,test-1131,1,policy_decision,5.3032999858260155e-05,True,0
A/random/test-1131,test-1131,2,INITIAL,0.032413799010100774,True,148
A/random/test-1131,test-1131,2,decode,5.339838257001247,True,220
A/random/test-1131,test-1131,3,verify_call,0.2521770580060547,True,300
A/random/test-1131,test-1131,7,policy_decision,7.794999692123383e-05,True,0
A/random/test-1131,test-1131,8,FAIL_RESTORE,0.041466565991868265,True,209
A/random/test-1131,test-1131,8,decode,3.1676031469978625,True,101
A/random/test-1131,test-1131,9,verify_call,0.20421307199285366,True,180
A/random/test-1131,test-1131,13,policy_decision,5.431700265035033e-05,True,0
A/random/test-1131,test-1131,14,FAIL_RESTORE,0.04061782099597622,True,209
A/random/test-1131,test-1131,14,decode,1.1105369870056165,True,35
A/random/test-1131,test-1131,15,verify_call,0.16445822599052917,True,121
A/random/test-1131,test-1131,19,policy_decision,0.00010566700075287372,True,0
A/random/test-1131,test-1131,21,OFFLINE_RESTORE,0.038723753998056054,False,244
A/random/test-1131,test-1131,21,decode,2.54510234000918,True,95
A/random/test-1131,test-1131,22,verify_call,0.20847354500438087,True,201
A/random/test-888,test-888,1,policy_decision,5.3790994570590556e-05,True,0
A/random/test-888,test-888,2,INITIAL,0.025418039003852755,True,113
A/random/test-888,test-888,2,decode,0.5484715799975675,True,24
A/random/test-888,test-888,3,verify_call,0.15385742200305685,True,78
A/random/test-888,test-888,7,policy_decision,8.26190080260858e-05,True,0
A/random/test-888,test-888,8,FAIL_RESTORE,0.036294281992013566,True,174
A/random/test-888,test-888,8,decode,3.0385553399974015,True,95
A/random/test-888,test-888,9,verify_call,0.1972807549900608,True,144
A/random/test-675,test-675,1,policy_decision,5.2463001338765025e-05,True,0
A/random/test-675,test-675,2,INITIAL,0.03260335400409531,True,185
A/random/test-675,test-675,2,decode,6.807380710000871,True,279
A/random/test-675,test-675,3,verify_call,0.31566534799640067,True,396
A/random/test-675,test-675,7,policy_decision,0.00012270599836483598,True,0
A/random/test-675,test-675,9,OFFLINE_RESTORE,0.071047274992452,False,464
A/random/test-675,test-675,9,decode,2.502902806008933,True,82
A/random/test-675,test-675,10,verify_call,0.3603261430107523,True,473
A/random/test-675,test-675,14,policy_decision,0.00010118698992300779,True,0
A/random/test-675,test-675,15,FAIL_RESTORE,0.0946445110021159,True,521
A/random/test-675,test-675,15,decode,5.747991992000607,True,180
A/random/test-675,test-675,16,verify_call,0.42939163598930463,True,566
A/random/test-675,test-675,20,policy_decision,6.936299905646592e-05,True,0
A/random/test-675,test-675,21,FAIL_RESTORE,0.08460478299821261,True,521
A/random/test-675,test-675,21,decode,3.4516551819979213,True,132
A/random/test-675,test-675,22,verify_call,0.39062238999758847,True,519
A/random/test-675,test-675,26,policy_decision,7.802099571563303e-05,True,0
A/random/test-675,test-675,27,FAIL_RESTORE,0.0857752810115926,True,521
A/random/test-675,test-675,27,decode,1.7506120640027802,True,67
A/random/test-675,test-675,28,verify_call,0.32743563401163556,True,460
A/random/test-1025,test-1025,1,policy_decision,6.652699084952474e-05,True,0
A/random/test-1025,test-1025,2,INITIAL,0.02886448499339167,True,126
A/random/test-1025,test-1025,2,decode,3.5400520309922285,True,148
A/random/test-1025,test-1025,3,verify_call,0.21022321800410282,True,212
A/random/test-1025,test-1025,7,policy_decision,5.101198621559888e-05,True,0
A/random/test-1025,test-1025,8,FAIL_RESTORE,0.04069818700372707,True,187
A/random/test-1025,test-1025,8,decode,2.33529423600703,True,76
A/random/test-1025,test-1025,9,verify_call,0.19396557299478445,True,143
A/random/test-1025,test-1025,13,policy_decision,0.00010566599667072296,True,0
A/random/test-1025,test-1025,14,FAIL_RESTORE,0.03628413600381464,True,187
A/random/test-1025,test-1025,14,decode,3.1408503760030726,True,96
A/random/test-1025,test-1025,15,verify_call,0.20157236300292425,True,157
A/random/test-1025,test-1025,19,policy_decision,5.026199505664408e-05,True,0
A/random/test-1025,test-1025,21,OFFLINE_RESTORE,0.05010879698966164,False,283
A/random/test-1025,test-1025,21,decode,4.208968646998983,True,159
A/random/test-1025,test-1025,22,verify_call,0.24823192199983168,True,304
A/random/test-1025,test-1025,26,policy_decision,6.69879955239594e-05,True,0
A/random/test-1025,test-1025,27,FAIL_RESTORE,0.05290544600575231,True,340
A/random/test-1025,test-1025,27,decode,1.4095322770008352,True,54
A/random/test-1025,test-1025,28,verify_call,0.20621300899074413,True,201
A/random/test-1025,test-1025,32,policy_decision,8.385599358007312e-05,True,0
A/random/test-1025,test-1025,34,OFFLINE_RESTORE,0.06485494200023822,False,394
A/random/test-1025,test-1025,34,decode,3.062209454990807,True,118
A/random/test-1025,test-1025,35,verify_call,0.270811770009459,True,362
A/random/test-902,test-902,1,policy_decision,7.432300481013954e-05,True,0
A/random/test-902,test-902,2,INITIAL,0.02623539400519803,True,124
A/random/test-902,test-902,2,decode,5.09915600399836,True,197
A/random/test-902,test-902,3,verify_call,0.2111494480050169,True,248
A/random/test-494,test-494,1,policy_decision,4.7528999857604504e-05,True,0
A/random/test-494,test-494,2,INITIAL,0.03709480400721077,True,168
A/random/test-494,test-494,2,decode,4.128212750001694,True,158
A/random/test-494,test-494,3,verify_call,0.24870696300058626,True,261
A/random/test-494,test-494,7,policy_decision,6.249999569263309e-05,True,0
A/random/test-494,test-494,9,OFFLINE_RESTORE,0.05545344699930865,False,326
A/random/test-494,test-494,9,decode,12.484057118999772,True,396
A/random/test-494,test-494,10,verify_call,0.4955815520079341,True,650
A/random/test-494,test-494,14,policy_decision,0.00011818500934168696,True,0
A/random/test-494,test-494,15,FAIL_RESTORE,0.061573244995088317,True,383
A/random/test-494,test-494,15,decode,4.351655959006166,True,126
A/random/test-494,test-494,16,verify_call,0.2919728809938533,True,377
A/random/test-494,test-494,20,policy_decision,6.926299829501659e-05,True,0
A/random/test-494,test-494,21,FAIL_RESTORE,0.05400944700522814,True,383
A/random/test-494,test-494,21,decode,0.16568901800201274,True,7
A/random/test-494,test-494,22,verify_call,0.24580661200161558,True,268
A/random/test-494,test-494,26,policy_decision,6.666299304924905e-05,True,0
A/random/test-494,test-494,27,FAIL_RESTORE,0.05396750499494374,True,383
A/random/test-494,test-494,27,decode,3.1354307910078205,True,119
A/random/test-494,test-494,28,verify_call,0.27023509399441537,True,370
A/random/test-494,test-494,32,policy_decision,5.095399683341384e-05,True,0
A/random/test-494,test-494,33,FAIL_RESTORE,0.053797974993358366,True,383
A/random/test-494,test-494,33,decode,1.0465962200105423,True,40
A/random/test-494,test-494,34,verify_call,0.25055793300271034,True,294
A/random/test-615,test-615,1,policy_decision,6.692699389532208e-05,True,0
A/random/test-615,test-615,2,INITIAL,0.03308187299990095,True,167
A/random/test-615,test-615,2,decode,1.3391422760032583,True,52
A/random/test-615,test-615,3,verify_call,0.19160174900025595,True,160
A/random/test-615,test-615,7,policy_decision,0.0003144149959553033,True,0
A/random/test-615,test-615,9,OFFLINE_RESTORE,0.04257724300259724,False,219
A/random/test-615,test-615,9,decode,1.4512986430054298,True,48
A/random/test-615,test-615,10,verify_call,0.22383659600745887,True,204
A/random/test-615,test-615,14,policy_decision,0.00013107300037518144,True,0
A/random/test-615,test-615,16,OFFLINE_RESTORE,0.05711739200341981,False,267
A/random/test-615,test-615,16,decode,2.3654362989909714,True,74
A/random/test-615,test-615,17,verify_call,0.2662429659976624,True,271
A/random/test-615,test-615,21,policy_decision,6.504799239337444e-05,True,0
A/random/test-615,test-615,23,OFFLINE_RESTORE,0.054702682988136075,False,341
A/random/test-615,test-615,23,decode,3.392688813008135,True,130
A/random/test-615,test-615,24,verify_call,0.31191347300773486,True,397
A/random/test-423,test-423,1,policy_decision,8.897999941837043e-05,True,0
A/random/test-423,test-423,2,INITIAL,0.03743411299365107,True,195
A/random/test-423,test-423,2,decode,1.766801117992145,True,69
A/random/test-423,test-423,3,verify_call,0.2088806560059311,True,200
A/random/test-423,test-423,7,policy_decision,8.109600457828492e-05,True,0
A/random/test-423,test-423,8,FAIL_RESTORE,0.0428959679993568,True,256
A/random/test-423,test-423,8,decode,9.06562252099684,True,286
A/random/test-423,test-423,9,verify_call,0.3358594629971776,True,398
A/random/test-423,test-423,13,policy_decision,0.0001478509948356077,True,0
A/random/test-423,test-423,14,FAIL_RESTORE,0.04723827799898572,True,256
A/random/test-423,test-423,14,decode,5.582749474007869,True,169
A/random/test-423,test-423,15,verify_call,0.2681054020067677,True,296
A/random/test-423,test-423,19,policy_decision,7.929300772957504e-05,True,0
A/random/test-423,test-423,20,FAIL_RESTORE,0.038816687010694295,True,256
A/random/test-423,test-423,20,decode,1.7699104819912463,True,61
A/random/test-423,test-423,21,verify_call,0.2071860259893583,True,197
A/random/test-423,test-423,25,policy_decision,0.00012092999531887472,True,0
A/random/test-423,test-423,27,OFFLINE_RESTORE,0.05202376398665365,False,317
A/random/test-423,test-423,27,decode,12.29613911100023,True,465
A/random/test-423,test-423,28,verify_call,0.4034828479925636,True,621
A/random/test-423,test-423,32,policy_decision,0.00010310800280421972,True,0
A/random/test-423,test-423,33,FAIL_RESTORE,0.054557199007831514,True,374
A/random/test-423,test-423,33,decode,5.62236452299112,True,215
A/random/test-423,test-423,34,verify_call,0.3136993060034001,True,390
A/random/test-1097,test-1097,1,policy_decision,6.248899444472045e-05,True,0
A/random/test-1097,test-1097,2,INITIAL,0.034564372996101156,True,136
A/random/test-1097,test-1097,2,decode,4.431931893006549,True,173
A/random/test-1097,test-1097,3,verify_call,0.2105207349959528,True,247
A/random/test-1097,test-1097,7,policy_decision,8.170300861820579e-05,True,0
A/random/test-1097,test-1097,8,FAIL_RESTORE,0.04222351800126489,True,197
A/random/test-1097,test-1097,8,decode,0.23083135300839785,True,8
A/random/test-1097,test-1097,9,verify_call,0.16426134000357706,True,92
A/random/test-1097,test-1097,13,policy_decision,0.00013468399993143976,True,0
A/random/test-1097,test-1097,14,FAIL_RESTORE,0.04081449100340251,True,197
A/random/test-1097,test-1097,14,decode,2.768764534004731,True,88
A/random/test-1097,test-1097,15,verify_call,0.19693909199850168,True,151
A/random/test-1097,test-1097,19,policy_decision,6.78509968565777e-05,True,0
A/random/test-1097,test-1097,20,FAIL_RESTORE,0.03737235099833924,True,197
A/random/test-1097,test-1097,20,decode,1.3333479370048735,True,50
A/random/test-1097,test-1097,21,verify_call,0.15489204700861592,True,127
A/random/test-1097,test-1097,25,policy_decision,6.632899749092758e-05,True,0
A/random/test-1097,test-1097,27,OFFLINE_RESTORE,0.03772272200149018,False,247
A/random/test-1097,test-1097,27,decode,1.0998857600061456,True,43
A/random/test-1097,test-1097,28,verify_call,0.18860913399839774,True,167
A/random/test-1097,test-1097,32,policy_decision,8.096199599094689e-05,True,0
A/random/test-1097,test-1097,34,OFFLINE_RESTORE,0.04978413999197073,False,290
A/random/test-1097,test-1097,34,decode,1.3023456730006728,True,51
A/random/test-1097,test-1097,35,verify_call,0.20607366900367197,True,218
A/random/test-473,test-473,1,policy_decision,4.80190064990893e-05,True,0
A/random/test-473,test-473,2,INITIAL,0.026973836997058243,True,119
A/random/test-473,test-473,2,decode,0.9006315000005998,True,36
A/random/test-473,test-473,3,verify_call,0.15161197599081788,True,97
A/random/test-473,test-473,7,policy_decision,4.462899232748896e-05,True,0
A/random/test-473,test-473,9,OFFLINE_RESTORE,0.03778612999303732,False,155
A/random/test-473,test-473,9,decode,0.5053586669964716,True,17
A/random/test-473,test-473,10,verify_call,0.16284056300355587,True,111
A/random/test-473,test-473,14,policy_decision,8.624499605502933e-05,True,0
A/random/test-473,test-473,16,OFFLINE_RESTORE,0.04319495099480264,False,172
A/random/test-473,test-473,16,decode,2.1359348940022755,True,66
A/random/test-473,test-473,17,verify_call,0.20757386699551716,True,174
A/random/test-660,test-660,1,policy_decision,4.262899165041745e-05,True,0
A/random/test-660,test-660,2,INITIAL,0.029065773996990174,True,128
A/random/test-660,test-660,2,decode,0.6666267469990999,True,26
A/random/test-660,test-660,3,verify_call,0.15248913799587172,True,95
A/random/test-660,test-660,7,policy_decision,7.977998757269233e-05,True,0
A/random/test-660,test-660,9,OFFLINE_RESTORE,0.03631066500383895,False,154
A/random/test-660,test-660,9,decode,4.16142585700436,True,126
A/random/test-660,test-660,10,verify_call,0.23002234900195617,True,205
A/random/test-660,test-660,14,policy_decision,7.965401164256036e-05,True,0
A/random/test-660,test-660,16,OFFLINE_RESTORE,0.05743868699937593,False,280
A/random/test-660,test-660,16,decode,1.6754918119986542,True,52
A/random/test-660,test-660,17,verify_call,0.22519433399429545,True,254
A/random/test-660,test-660,21,policy_decision,5.2799005061388016e-05,True,0
A/random/test-660,test-660,23,OFFLINE_RESTORE,0.054652799997711554,False,332
A/random/test-660,test-660,23,decode,0.8639311080041807,True,34
A/random/test-660,test-660,24,verify_call,0.2508062460110523,True,289
A/random/test-975,test-975,1,policy_decision,6.027899507898837e-05,True,0
A/random/test-975,test-975,2,INITIAL,0.03010249399812892,True,127
A/random/test-975,test-975,2,decode,2.4243945780035574,True,93
A/random/test-975,test-975,3,verify_call,0.1888513099984266,True,158
A/random/test-975,test-975,7,policy_decision,6.243099051062018e-05,True,0
A/random/test-975,test-975,9,OFFLINE_RESTORE,0.04116748100204859,False,220
A/random/test-975,test-975,9,decode,6.76499803000479,True,206
A/random/test-1222,test-1222,1,policy_decision,7.401300536002964e-05,True,0
A/random/test-1222,test-1222,2,INITIAL,0.027379474995541386,True,128
A/random/test-1222,test-1222,2,decode,2.6450609829917084,True,101
A/random/test-1222,test-1222,3,verify_call,0.1897016610018909,True,168
A/random/test-1222,test-1222,7,policy_decision,0.00010406201181467623,True,0
A/random/test-1222,test-1222,9,OFFLINE_RESTORE,0.041120948997559026,False,229
A/random/test-1222,test-1222,9,decode,1.6464003770088311,True,52
A/random/test-1222,test-1222,10,verify_call,0.2281581040006131,True,220
A/random/test-1222,test-1222,14,policy_decision,0.00010050900164060295,True,0
A/random/test-1222,test-1222,15,FAIL_RESTORE,0.05251775299257133,True,286
A/random/test-1222,test-1222,15,decode,1.8961697589984396,True,61
A/random/test-1222,test-1222,16,verify_call,0.22581445700780023,True,225
A/random/test-580,test-580,1,policy_decision,4.633600474335253e-05,True,0
A/random/test-580,test-580,2,INITIAL,0.03151479001098778,True,137
A/random/test-580,test-580,2,decode,1.9820739319984568,True,77
A/random/test-580,test-580,3,verify_call,0.189310845991713,True,157
A/random/test-580,test-580,7,policy_decision,7.678699330426753e-05,True,0
A/random/test-580,test-580,9,OFFLINE_RESTORE,0.04370641500281636,False,214
A/random/test-580,test-580,9,decode,3.9696631119877566,True,123
A/random/test-580,test-580,10,verify_call,0.2715782409941312,True,273
A/random/test-580,test-580,14,policy_decision,7.647500024177134e-05,True,0
A/random/test-580,test-580,16,OFFLINE_RESTORE,0.05628561800403986,False,337
A/random/test-580,test-580,16,decode,6.5543340860022,True,206
A/random/test-580,test-580,17,verify_call,0.3597508230013773,True,468
A/random/test-580,test-580,21,policy_decision,7.995399937499315e-05,True,0
A/random/test-580,test-580,23,OFFLINE_RESTORE,0.08534624401363544,False,543
A/random/test-580,test-580,23,decode,1.956524191002245,True,77
A/random/test-1023,test-1023,1,policy_decision,4.852600977756083e-05,True,0
A/random/test-1023,test-1023,2,INITIAL,0.027349957992555574,True,121
A/random/test-1023,test-1023,2,decode,6.141205805004574,True,238
A/random/test-1023,test-1023,3,verify_call,0.2505799350037705,True,294
A/random/test-1023,test-1023,7,policy_decision,9.693099127616733e-05,True,0
A/random/test-1023,test-1023,9,OFFLINE_RESTORE,0.059412710994365625,False,359
A/random/test-1023,test-1023,9,decode,2.899918768001953,True,93
A/random/test-1023,test-1023,10,verify_call,0.34228646199335344,True,387
A/random/test-525,test-525,1,policy_decision,4.82159957755357e-05,True,0
A/random/test-525,test-525,2,INITIAL,0.03380001500772778,True,169
A/random/test-525,test-525,2,decode,3.2815766929998063,True,130
A/random/test-525,test-525,3,verify_call,0.2091776789893629,True,234
A/random/test-525,test-525,7,policy_decision,5.924400466028601e-05,True,0
A/random/test-525,test-525,9,OFFLINE_RESTORE,0.05561608599964529,False,299
A/random/test-525,test-525,9,decode,1.0723570450063562,True,35
A/random/test-525,test-525,10,verify_call,0.2693777959939325,True,269
A/random/test-525,test-525,14,policy_decision,6.979099998716265e-05,True,0
A/random/test-525,test-525,15,FAIL_RESTORE,0.05868614200153388,True,356
A/random/test-525,test-525,15,decode,5.477726576995337,True,171
A/random/test-525,test-525,16,verify_call,0.3369417420035461,True,398
A/random/test-525,test-525,20,policy_decision,6.117399607319385e-05,True,0
A/random/test-525,test-525,21,FAIL_RESTORE,0.054423020003014244,True,356
A/random/test-525,test-525,21,decode,7.241957641002955,True,280
A/random/test-1177,test-1177,1,policy_decision,7.745300536043942e-05,True,0
A/random/test-1177,test-1177,2,INITIAL,0.026418312001624145,True,125
A/random/test-1177,test-1177,2,decode,1.495278929010965,True,61
A/random/test-1177,test-1177,3,verify_call,0.15290391599410214,True,128
A/random/test-1177,test-1177,7,policy_decision,5.3939991630613804e-05,True,0
A/random/test-1177,test-1177,9,OFFLINE_RESTORE,0.03787660799571313,False,186
A/random/test-1177,test-1177,9,decode,4.326612648990704,True,142
A/random/test-1177,test-1177,10,verify_call,0.26671168400207534,True,262
A/random/test-1177,test-1177,14,policy_decision,8.137300028465688e-05,True,0
A/random/test-1177,test-1177,16,OFFLINE_RESTORE,0.05551546599599533,False,328
A/random/test-1177,test-1177,16,decode,1.637164837011369,True,53
A/random/test-1177,test-1177,17,verify_call,0.269040554005187,True,315
A/random/test-576,test-576,1,policy_decision,5.495199002325535e-05,True,0
A/random/test-576,test-576,2,INITIAL,0.03248469400568865,True,171
A/random/test-576,test-576,2,decode,4.425500903002103,True,175
A/random/test-576,test-576,3,verify_call,0.2501681879948592,True,282
A/random/test-576,test-576,7,policy_decision,6.897099956404418e-05,True,0
A/random/test-576,test-576,9,OFFLINE_RESTORE,0.05614944500848651,False,346
A/random/test-576,test-576,9,decode,1.5362489099934464,True,52
A/random/test-576,test-576,10,verify_call,0.289281719000428,True,330
A/random/test-576,test-576,14,policy_decision,8.091999916359782e-05,True,0
A/random/test-576,test-576,16,OFFLINE_RESTORE,0.0686085110064596,False,398
A/random/test-576,test-576,16,decode,4.280007259003469,True,139
A/random/test-576,test-576,17,verify_call,0.36000976199284196,True,465
A/random/test-901,test-901,1,policy_decision,6.140799087006599e-05,True,0
A/random/test-901,test-901,2,INITIAL,0.033277383001404814,True,158
A/random/test-901,test-901,2,decode,1.8582364559988491,True,74
A/random/test-901,test-901,3,verify_call,0.18902269400132354,True,174
A/random/test-901,test-901,7,policy_decision,6.400900019798428e-05,True,0
A/random/test-901,test-901,9,OFFLINE_RESTORE,0.04413530799502041,False,232
A/random/test-901,test-901,9,decode,5.060229176990106,True,166
A/random/test-901,test-901,10,verify_call,0.29421516999718733,True,333
A/random/test-901,test-901,14,policy_decision,8.090600022114813e-05,True,0
A/random/test-901,test-901,15,FAIL_RESTORE,0.051960501994472,True,289
A/random/test-901,test-901,15,decode,2.1463100819964893,True,69
A/random/test-901,test-901,16,verify_call,0.2290846789983334,True,236
A/random/test-901,test-901,20,policy_decision,5.942498682998121e-05,True,0
A/random/test-901,test-901,21,FAIL_RESTORE,0.049416276000556536,True,289
A/random/test-901,test-901,21,decode,2.480379171000095,True,96
A/random/test-901,test-901,22,verify_call,0.24837793500046246,True,259
A/random/test-901,test-901,26,policy_decision,6.68499997118488e-05,True,0
A/random/test-901,test-901,27,FAIL_RESTORE,0.051607594010420144,True,289
A/random/test-901,test-901,27,decode,2.120805279992055,True,81
A/random/test-901,test-901,28,verify_call,0.20872402799432166,True,248
A/random/test-901,test-901,32,policy_decision,5.966699973214418e-05,True,0
A/random/test-901,test-901,34,OFFLINE_RESTORE,0.052723440996487625,False,370
A/random/test-901,test-901,34,decode,2.217743793007685,True,79
A/random/test-901,test-901,35,verify_call,0.31108418200165033,True,385
A/random/test-589,test-589,1,policy_decision,6.404500163625926e-05,True,0
A/random/test-589,test-589,2,INITIAL,0.03210876999946777,True,147
A/random/test-589,test-589,2,decode,1.4085684739984572,True,57
A/random/test-589,test-589,3,verify_call,0.183276386000216,True,145
A/random/test-589,test-589,7,policy_decision,5.206100468058139e-05,True,0
A/random/test-589,test-589,9,OFFLINE_RESTORE,0.04200292700261343,False,204
A/random/test-589,test-589,9,decode,3.672302529012086,True,122
A/random/test-589,test-589,10,verify_call,0.2677827179868473,True,264
A/random/test-589,test-589,14,policy_decision,5.575901013799012e-05,True,0
A/random/test-589,test-589,15,FAIL_RESTORE,0.05082385901187081,True,261
A/random/test-589,test-589,15,decode,9.263480676003383,True,301
A/random/test-589,test-589,16,verify_call,0.36368895300256554,True,436
A/random/test-589,test-589,20,policy_decision,6.278599903453141e-05,True,0
A/random/test-589,test-589,21,FAIL_RESTORE,0.048982270003762096,True,261
A/random/test-589,test-589,21,decode,5.993070037991856,True,225
A/random/test-589,test-589,22,verify_call,0.27008350599498954,True,360
A/random/test-589,test-589,26,policy_decision,5.431300087366253e-05,True,0
A/random/test-589,test-589,27,FAIL_RESTORE,0.04842418299813289,True,261
A/random/test-589,test-589,27,decode,3.366932689998066,True,129
A/random/test-589,test-589,28,verify_call,0.2502895469951909,True,270
A/random/test-589,test-589,32,policy_decision,8.768500993028283e-05,True,0
A/random/test-589,test-589,33,FAIL_RESTORE,0.049217372012208216,True,261
A/random/test-589,test-589,33,decode,4.921434895004495,True,187
A/random/test-589,test-589,34,verify_call,0.2667465730046388,True,325
A/random/test-420,test-420,1,policy_decision,5.345200770534575e-05,True,0
A/random/test-420,test-420,2,INITIAL,0.031911297992337495,True,139
A/random/test-420,test-420,2,decode,4.827290407003602,True,190
A/random/test-1170,test-1170,1,policy_decision,6.048999784979969e-05,True,0
A/random/test-1170,test-1170,2,INITIAL,0.0322215350024635,True,150
A/random/test-1170,test-1170,2,decode,2.438490846994682,True,98
A/random/test-1170,test-1170,3,verify_call,0.1928255730017554,True,185
A/random/test-1170,test-1170,7,policy_decision,0.00017559400293976068,True,0
A/random/test-1170,test-1170,8,FAIL_RESTORE,0.04199571600474883,True,211
A/random/test-1170,test-1170,8,decode,3.08482624500175,True,81
A/random/test-1170,test-1170,9,verify_call,0.2077334360074019,True,174
A/random/test-1170,test-1170,13,policy_decision,6.274400220718235e-05,True,0
A/random/test-1170,test-1170,14,FAIL_RESTORE,0.04044335200160276,True,211
A/random/test-1170,test-1170,14,decode,6.470853424994857,True,199
A/random/test-1170,test-1170,15,verify_call,0.26983058800396975,True,282
A/random/test-1170,test-1170,19,policy_decision,4.642100248020142e-05,True,0
A/random/test-1170,test-1170,21,OFFLINE_RESTORE,0.0662424930051202,False,410
A/random/test-1170,test-1170,21,decode,2.150946563007892,True,77
A/random/test-1170,test-1170,22,verify_call,0.271028342001955,True,357
A/random/test-1170,test-1170,26,policy_decision,5.725100345443934e-05,True,0
A/random/test-1170,test-1170,28,OFFLINE_RESTORE,0.0696345559990732,False,487
A/random/test-1170,test-1170,28,decode,1.9171691730007296,True,74
A/random/test-1170,test-1170,29,verify_call,0.3257945419900352,True,426
A/random/test-1170,test-1170,33,policy_decision,5.157799751032144e-05,True,0
A/random/test-1170,test-1170,35,OFFLINE_RESTORE,0.08384848899731878,False,561
A/random/test-1170,test-1170,35,decode,0.7636957010108745,True,31
A/random/test-1170,test-1170,36,verify_call,0.32984934900014196,True,455
A/random/test-13,test-13,1,policy_decision,8.147399057634175e-05,True,0
A/random/test-13,test-13,2,INITIAL,0.031969803996616974,True,139
A/random/test-13,test-13,2,decode,0.6400488469953416,True,25
A/random/test-13,test-13,3,verify_call,0.1538500059978105,True,106
A/random/test-13,test-13,7,policy_decision,0.00010292298975400627,True,0
A/random/test-13,test-13,9,OFFLINE_RESTORE,0.04754768199927639,False,164
A/random/test-13,test-13,9,decode,9.156257132999599,True,279
A/random/test-13,test-13,10,verify_call,0.2937715700099943,True,370
A/random/test-13,test-13,14,policy_decision,7.951400766614825e-05,True,0
A/random/test-13,test-13,15,FAIL_RESTORE,0.040410287998383865,True,221
A/random/test-13,test-13,15,decode,2.365145998992375,True,74
A/random/test-13,test-13,16,verify_call,0.2034658749907976,True,170
A/random/test-13,test-13,20,policy_decision,5.225099448580295e-05,True,0
A/random/test-13,test-13,22,OFFLINE_RESTORE,0.050288391998037696,False,295
A/random/test-13,test-13,22,decode,3.7982001620111987,True,146
A/random/test-13,test-13,23,verify_call,0.2720389790047193,True,367
A/random/test-13,test-13,26,policy_decision,5.61339984415099e-05,True,0
A/random/test-13,test-13,28,OFFLINE_RESTORE,0.0651815430028364,False,441
A/random/test-13,test-13,28,decode,2.009847641995293,True,77
A/random/test-453,test-453,1,policy_decision,6.746899452991784e-05,True,0
A/random/test-453,test-453,2,INITIAL,0.03393086200230755,True,137
A/random/test-453,test-453,2,decode,1.8041923499986297,True,71
A/random/test-453,test-453,3,verify_call,0.18364310599281453,True,151
A/random/test-453,test-453,7,policy_decision,9.196100290864706e-05,True,0
A/random/test-453,test-453,9,OFFLINE_RESTORE,0.04327970200392883,False,208
A/random/test-453,test-453,9,decode,6.825417357991682,True,201
A/random/test-453,test-453,10,verify_call,0.2964585040026577,True,347
A/random/test-453,test-453,14,policy_decision,6.316699727904052e-05,True,0
A/random/test-453,test-453,15,FAIL_RESTORE,0.05367241000931244,True,265
A/random/test-453,test-453,15,decode,10.119378630988649,True,310
A/random/test-453,test-453,16,verify_call,0.3625295300007565,True,451
A/random/test-453,test-453,20,policy_decision,6.792499334551394e-05,True,0
A/random/test-453,test-453,21,FAIL_RESTORE,0.04935538400604855,True,265
A/random/test-453,test-453,21,decode,3.9013187090022257,True,148
A/random/test-453,test-453,22,verify_call,0.24930947000393644,True,289
A/random/test-453,test-453,26,policy_decision,5.509798938874155e-05,True,0
A/random/test-453,test-453,28,OFFLINE_RESTORE,0.06528982499730773,False,413
A/random/test-453,test-453,28,decode,1.6898078800004441,True,64
A/random/test-453,test-453,29,verify_call,0.3243067349976627,True,413
A/random/test-317,test-317,1,policy_decision,5.613498797174543e-05,True,0
A/random/test-317,test-317,2,INITIAL,0.03499928799283225,True,120
A/random/test-317,test-317,2,decode,2.506630263000261,True,99
A/random/test-317,test-317,3,verify_call,0.18940667700371705,True,159
A/random/test-191,test-191,1,policy_decision,4.6661996748298407e-05,True,0
A/random/test-191,test-191,2,INITIAL,0.026283216997398995,True,118
A/random/test-191,test-191,2,decode,3.1677930769947125,True,124
A/random/test-191,test-191,3,verify_call,0.19105067900090944,True,175
A/random/test-191,test-191,7,policy_decision,0.00013346200285013765,True,0
A/random/test-191,test-191,8,FAIL_RESTORE,0.0400940990075469,True,179
A/random/test-191,test-191,8,decode,1.3021824780007591,True,37
A/random/test-191,test-191,9,verify_call,0.16281850999803282,True,95
A/random/test-191,test-191,13,policy_decision,7.536000339314342e-05,True,0
A/random/test-191,test-191,15,OFFLINE_RESTORE,0.0409363829967333,False,216
A/random/test-191,test-191,15,decode,1.0968082940089516,True,35
A/random/test-191,test-191,16,verify_call,0.16453033000288997,True,127
A/random/test-191,test-191,20,policy_decision,0.00010856300650630146,True,0
A/random/test-191,test-191,21,FAIL_RESTORE,0.05005985600291751,True,273
A/random/test-191,test-191,21,decode,3.419245919008972,True,131
A/random/test-191,test-191,22,verify_call,0.20760556899767835,True,202
A/random/test-191,test-191,26,policy_decision,6.670500442851335e-05,True,0
A/random/test-191,test-191,28,OFFLINE_RESTORE,0.06515265301277395,False,404
A/random/test-191,test-191,28,decode,1.410610128994449,True,56
A/random/test-191,test-191,29,verify_call,0.24855666200164706,True,307
A/random/test-191,test-191,32,policy_decision,7.624899444635957e-05,True,0
A/random/test-191,test-191,34,OFFLINE_RESTORE,0.06934635801007971,False,460
A/random/test-191,test-191,34,decode,0.5109519219986396,True,20
A/random/test-191,test-191,35,verify_call,0.2682887840055628,True,324
A/random/test-927,test-927,1,policy_decision,0.00011125300079584122,True,0
A/random/test-927,test-927,2,INITIAL,0.03231776999018621,True,156
A/random/test-927,test-927,2,decode,1.6954988729994511,True,66
A/random/test-927,test-927,3,verify_call,0.18870622999384068,True,163
A/random/test-927,test-927,7,policy_decision,5.7505007134750485e-05,True,0
A/random/test-927,test-927,9,OFFLINE_RESTORE,0.04365247700479813,False,222
A/random/test-927,test-927,9,decode,5.952904289995786,True,179
A/random/test-927,test-927,10,verify_call,0.29275528399739414,True,339
A/random/test-638,test-638,1,policy_decision,7.488200208172202e-05,True,0
A/random/test-638,test-638,2,INITIAL,0.027443767001386732,True,120
A/random/test-638,test-638,2,decode,3.1334311090031406,True,123
A/random/test-638,test-638,3,verify_call,0.19156673199904617,True,179
A/random/test-638,test-638,7,policy_decision,5.3975003538653255e-05,True,0
A/random/test-638,test-638,8,FAIL_RESTORE,0.04506518298876472,True,181
A/random/test-638,test-638,8,decode,2.681159015992307,True,81
A/random/test-638,test-638,9,verify_call,0.196960923000006,True,143
A/random/test-638,test-638,13,policy_decision,0.00012708200665656477,True,0
A/random/test-638,test-638,15,OFFLINE_RESTORE,0.054948431003140286,False,262
A/random/test-638,test-638,15,decode,4.049210765006137,True,125
A/random/test-638,test-638,16,verify_call,0.268276421003975,True,262
A/random/test-1099,test-1099,1,policy_decision,6.0111997299827635e-05,True,0
A/random/test-1099,test-1099,2,INITIAL,0.03791423600341659,True,156
A/random/test-1099,test-1099,2,decode,2.165478904003976,True,84
A/random/test-1099,test-1099,3,verify_call,0.19207600499794353,True,180
A/random/test-1099,test-1099,7,policy_decision,0.00011598500714171678,True,0
A/random/test-1099,test-1099,9,OFFLINE_RESTORE,0.03922163200331852,False,240
A/random/test-1099,test-1099,9,decode,5.0276171440054895,True,151
A/random/test-1099,test-1099,10,verify_call,0.29999299100018106,True,327
A/random/test-996,test-996,1,policy_decision,7.963100506458431e-05,True,0
A/random/test-996,test-996,2,INITIAL,0.033294075008598156,True,151
A/random/test-996,test-996,2,decode,7.5401409170008264,True,283
A/random/test-996,test-996,3,verify_call,0.27328254500753246,True,352
A/random/test-996,test-996,7,policy_decision,7.869700493756682e-05,True,0
A/random/test-996,test-996,9,OFFLINE_RESTORE,0.07169642199005466,False,434
A/random/test-996,test-996,9,decode,9.643717439001193,True,289
A/random/test-996,test-996,10,verify_call,0.44268839999858756,True,635
A/random/test-918,test-918,1,policy_decision,4.4810003601014614e-05,True,0
A/random/test-918,test-918,2,INITIAL,0.027756045004935004,True,127
A/random/test-918,test-918,2,decode,5.27441897400422,True,207
A/random/test-918,test-918,3,verify_call,0.24976387099013664,True,274
A/random/test-918,test-918,7,policy_decision,0.00014766900858376175,True,0
A/random/test-918,test-918,8,FAIL_RESTORE,0.04920929799845908,True,188
A/random/test-918,test-918,8,decode,4.564354279995314,True,141
A/random/test-918,test-918,9,verify_call,0.22775158399599604,True,197
A/random/test-135,test-135,1,policy_decision,7.121700036805123e-05,True,0
A/random/test-135,test-135,2,INITIAL,0.027960858002188616,True,128
A/random/test-135,test-135,2,decode,2.205570220001391,True,80
A/random/test-135,test-135,3,verify_call,0.18318342400016263,True,149
A/random/test-135,test-135,7,policy_decision,0.00011422199895605445,True,0
A/random/test-135,test-135,9,OFFLINE_RESTORE,0.041366984994965605,False,208
A/random/test-135,test-135,9,decode,2.870257540998864,True,89
A/random/test-135,test-135,10,verify_call,0.22653021999576595,True,236
A/random/test-135,test-135,14,policy_decision,6.657199992332608e-05,True,0
A/random/test-135,test-135,15,FAIL_RESTORE,0.05432372599898372,True,265
A/random/test-135,test-135,15,decode,3.225154942003428,True,98
A/random/test-135,test-135,16,verify_call,0.22499393900216091,True,238
A/random/test-82,test-82,1,policy_decision,5.825101106893271e-05,True,0
A/random/test-82,test-82,2,INITIAL,0.029718407007749192,True,112
A/random/test-82,test-82,2,decode,0.8747499260061886,True,35
A/random/test-82,test-82,3,verify_call,0.1519912950025173,True,83
A/random/test-82,test-82,7,policy_decision,0.00010277899855282158,True,0
A/random/test-82,test-82,9,OFFLINE_RESTORE,0.03679450000345241,False,147
A/random/test-82,test-82,9,decode,5.110105158004444,True,159
A/random/test-82,test-82,10,verify_call,0.22586402199522126,True,231
A/random/test-82,test-82,14,policy_decision,6.094000127632171e-05,True,0
A/random/test-82,test-82,16,OFFLINE_RESTORE,0.05276754600345157,False,306
A/random/test-82,test-82,16,decode,0.46591675000672694,True,15
A/random/test-82,test-82,17,verify_call,0.22667508199810982,True,246
A/random/test-1264,test-1264,1,policy_decision,5.022100231144577e-05,True,0
A/random/test-1264,test-1264,2,INITIAL,0.037052202998893335,True,215
A/random/test-1264,test-1264,2,decode,12.04612238999107,True,461
A/random/test-717,test-717,1,policy_decision,6.104199565015733e-05,True,0
A/random/test-717,test-717,2,INITIAL,0.030060229008086026,True,126
A/random/test-717,test-717,2,decode,3.7223710719990777,True,144
A/random/test-717,test-717,3,verify_call,0.20853537101356778,True,206
A/random/test-717,test-717,7,policy_decision,0.00011565700697246939,True,0
A/random/test-717,test-717,9,OFFLINE_RESTORE,0.057075215998338535,False,270
A/random/test-717,test-717,9,decode,2.136771516990848,True,68
A/random/test-717,test-717,10,verify_call,0.2718912940035807,True,270
A/random/test-717,test-717,14,policy_decision,5.858000076841563e-05,True,0
A/random/test-717,test-717,16,OFFLINE_RESTORE,0.05523643099877518,False,338
A/random/test-717,test-717,16,decode,2.5787863779987674,True,78
A/random/test-717,test-717,17,verify_call,0.2942881389899412,True,348
A/random/test-1248,test-1248,1,policy_decision,5.010700260754675e-05,True,0
A/random/test-1248,test-1248,2,INITIAL,0.037049949998618104,True,194
A/random/test-1248,test-1248,2,decode,2.522242641003686,True,99
A/random/test-1248,test-1248,3,verify_call,0.2081265769957099,True,235
A/random/test-1248,test-1248,7,policy_decision,0.00018793100025504827,True,0
A/random/test-1248,test-1248,8,FAIL_RESTORE,0.04077168599178549,True,255
A/random/test-1248,test-1248,8,decode,1.3801161080045858,True,44
A/random/test-1248,test-1248,9,verify_call,0.20807629899354652,True,178
A/random/test-1248,test-1248,13,policy_decision,8.497099042870104e-05,True,0
A/random/test-1248,test-1248,14,FAIL_RESTORE,0.0468844439892564,True,255
A/random/test-1248,test-1248,14,decode,1.374886270990828,True,42
A/random/test-1248,test-1248,15,verify_call,0.20722711700364016,True,178
A/random/test-1248,test-1248,19,policy_decision,5.957500252407044e-05,True,0
A/random/test-1248,test-1248,21,OFFLINE_RESTORE,0.05018305800331291,False,297
A/random/test-1248,test-1248,21,decode,5.418069050996564,True,206
A/random/test-1248,test-1248,22,verify_call,0.2706756050029071,True,378
A/random/test-1248,test-1248,26,policy_decision,6.182699871715158e-05,True,0
A/random/test-1248,test-1248,27,FAIL_RESTORE,0.053352360002463683,True,354
A/random/test-1248,test-1248,27,decode,3.6969804279942764,True,144
A/random/test-1248,test-1248,28,verify_call,0.25102716000401415,True,315
A/random/test-1248,test-1248,32,policy_decision,5.843299732077867e-05,True,0
A/random/test-1248,test-1248,33,FAIL_RESTORE,0.05251512900576927,True,354
A/random/test-1248,test-1248,33,decode,0.9972819539980264,True,39
A/random/test-1248,test-1248,34,verify_call,0.207444771003793,True,210
A/random/test-398,test-398,1,policy_decision,7.045699749141932e-05,True,0
A/random/test-398,test-398,2,INITIAL,0.038558115003979765,True,140
A/random/test-398,test-398,2,decode,2.0175485520012444,True,79
A/random/test-398,test-398,3,verify_call,0.18899513299402315,True,161
A/random/test-398,test-398,7,policy_decision,0.00021135000861249864,True,0
A/random/test-398,test-398,9,OFFLINE_RESTORE,0.04014026900404133,False,219
A/random/test-398,test-398,9,decode,4.1991417550016195,True,133
A/random/test-398,test-398,10,verify_call,0.2719124790019123,True,291
A/random/test-947,test-947,1,policy_decision,7.918599294498563e-05,True,0
A/random/test-947,test-947,2,INITIAL,0.03220630099531263,True,137
A/random/test-947,test-947,2,decode,0.7030866040004184,True,27
A/random/test-947,test-947,3,verify_call,0.1527018470078474,True,106
A/random/test-947,test-947,7,policy_decision,5.65029913559556e-05,True,0
A/random/test-947,test-947,9,OFFLINE_RESTORE,0.04157386899169069,False,164
A/random/test-947,test-947,9,decode,3.1392614920041524,True,98
A/random/test-947,test-947,10,verify_call,0.22550904798845295,True,202
A/random/test-179,test-179,1,policy_decision,6.557999586220831e-05,True,0
A/random/test-179,test-179,2,INITIAL,0.028172760998131707,True,124
A/random/test-179,test-179,2,decode,4.741150802001357,True,180
A/random/test-179,test-179,3,verify_call,0.2078072119911667,True,241
A/random/test-480,test-480,1,policy_decision,0.00013868100359104574,True,0
A/random/test-480,test-480,2,INITIAL,0.0387362879991997,True,131
A/random/test-480,test-480,2,decode,4.605195232012193,True,178
A/random/test-480,test-480,3,verify_call,0.20795186299073976,True,245
A/random/test-752,test-752,1,policy_decision,4.10430075135082e-05,True,0
A/random/test-752,test-752,2,INITIAL,0.027226757010794245,True,118
A/random/test-752,test-752,2,decode,3.758128477013088,True,148
A/random/test-752,test-752,3,verify_call,0.2080291460006265,True,209
A/random/test-752,test-752,7,policy_decision,7.696299871895462e-05,True,0
A/random/test-752,test-752,8,FAIL_RESTORE,0.04073310099192895,True,179
A/random/test-752,test-752,8,decode,1.8637918379972689,True,59
A/random/test-752,test-752,9,verify_call,0.164926468001795,True,118
A/random/test-752,test-752,13,policy_decision,7.694899977650493e-05,True,0
A/random/test-752,test-752,14,FAIL_RESTORE,0.03966196099645458,True,179
A/random/test-752,test-752,14,decode,1.783142701999168,True,55
A/random/test-752,test-752,15,verify_call,0.16313862599781714,True,112
A/random/test-752,test-752,19,policy_decision,5.470898759085685e-05,True,0
A/random/test-752,test-752,21,OFFLINE_RESTORE,0.03850827299174853,False,234
A/random/test-752,test-752,21,decode,2.794870523008285,True,110
A/random/test-752,test-752,22,verify_call,0.20635567099088803,True,213
A/random/test-830,test-830,1,policy_decision,5.339201015885919e-05,True,0
A/random/test-830,test-830,2,INITIAL,0.031912596998154186,True,149
A/random/test-830,test-830,2,decode,6.472001262998674,True,249
A/random/test-830,test-830,3,verify_call,0.26871920299890917,True,336
A/random/test-796,test-796,1,policy_decision,7.394899148494005e-05,True,0
A/random/test-796,test-796,2,INITIAL,0.032205764000536874,True,145
A/random/test-796,test-796,2,decode,1.6415939869912108,True,59
A/random/test-796,test-796,3,verify_call,0.18184531800216064,True,145
A/random/test-796,test-796,7,policy_decision,7.128500146791339e-05,True,0
A/random/test-796,test-796,9,OFFLINE_RESTORE,0.04025815799832344,False,204
A/random/test-796,test-796,9,decode,5.691870782000478,True,174
A/random/test-796,test-796,10,verify_call,0.28058536899334285,True,315
A/random/test-210,test-210,1,policy_decision,6.24270032858476e-05,True,0
A/random/test-210,test-210,2,INITIAL,0.03260846799821593,True,182
A/random/test-210,test-210,2,decode,2.2262749560031807,True,86
A/random/test-210,test-210,3,verify_call,0.20803034800337628,True,209
A/random/test-210,test-210,7,policy_decision,6.532199040520936e-05,True,0
A/random/test-210,test-210,9,OFFLINE_RESTORE,0.053251634002663195,False,268
A/random/test-210,test-210,9,decode,1.7048063519905554,True,53
A/random/test-210,test-210,10,verify_call,0.27407214399136137,True,258
A/random/test-210,test-210,14,policy_decision,5.3683994337916374e-05,True,0
A/random/test-210,test-210,16,OFFLINE_RESTORE,0.0562530559982406,False,321
A/random/test-210,test-210,16,decode,3.1862856480001938,True,97
A/random/test-210,test-210,17,verify_call,0.2954661019903142,True,347
A/random/test-210,test-210,21,policy_decision,7.126499258447438e-05,True,0
A/random/test-210,test-210,23,OFFLINE_RESTORE,0.06469522799307015,False,418
A/random/test-210,test-210,23,decode,2.7939076610055054,True,109
A/random/test-210,test-210,24,verify_call,0.3269228639983339,True,453
A/random/test-210,test-210,28,policy_decision,6.0959995607845485e-05,True,0
A/random/test-210,test-210,29,FAIL_RESTORE,0.06914000099641271,True,475
A/random/test-210,test-210,29,decode,7.079543478990672,True,264
A/random/test-210,test-210,30,verify_call,0.3985114350070944,True,593
A/random/test-210,test-210,34,policy_decision,8.485899888910353e-05,True,0
A/random/test-210,test-210,35,FAIL_RESTORE,0.07043831000919454,True,475
A/random/test-210,test-210,35,decode,2.0706109900056617,True,79
A/random/test-210,test-210,36,verify_call,0.32690482400357723,True,418
A/random/test-983,test-983,1,policy_decision,7.220399857033044e-05,True,0
A/random/test-983,test-983,2,INITIAL,0.029997657999047078,True,114
A/random/test-983,test-983,2,decode,4.102776243002154,True,159
A/random/test-983,test-983,3,verify_call,0.20793302200036123,True,200
A/random/test-152,test-152,1,policy_decision,4.9676993512548506e-05,True,0
A/random/test-152,test-152,2,INITIAL,0.027766479994170368,True,123
A/random/test-152,test-152,2,decode,1.361945258002379,True,54
A/random/test-152,test-152,3,verify_call,0.15279294599895366,True,117
A/random/test-152,test-152,7,policy_decision,8.056100341491401e-05,True,0
A/random/test-152,test-152,9,OFFLINE_RESTORE,0.042548967991024256,False,177
A/random/test-152,test-152,9,decode,2.8298411419964395,True,87
A/random/test-152,test-152,10,verify_call,0.22671073200763203,True,200
A/random/test-152,test-152,14,policy_decision,0.00012258999049663544,True,0
A/random/test-152,test-152,15,FAIL_RESTORE,0.043023428006563336,True,234
A/random/test-152,test-152,15,decode,7.622173966999981,True,226
A/random/test-152,test-152,16,verify_call,0.29149579200020526,True,333
A/random/test-152,test-152,20,policy_decision,5.186400085221976e-05,True,0
A/random/test-152,test-152,21,FAIL_RESTORE,0.03761735100124497,True,234
A/random/test-152,test-152,21,decode,1.6417526089935564,True,64
A/random/test-152,test-152,22,verify_call,0.18726213999616448,True,177
A/random/test-152,test-152,26,policy_decision,6.554600258823484e-05,True,0
A/random/test-152,test-152,27,FAIL_RESTORE,0.038837334999698214,True,234
A/random/test-152,test-152,27,decode,3.1428126429964323,True,120
A/random/test-152,test-152,28,verify_call,0.20498933200724423,True,229
A/random/test-152,test-152,32,policy_decision,6.12639996688813e-05,True,0
A/random/test-152,test-152,33,FAIL_RESTORE,0.0382819389924407,True,234
A/random/test-152,test-152,33,decode,1.5767276699916692,True,62
A/random/test-152,test-152,34,verify_call,0.18723080199561082,True,171
A/random/test-51,test-51,1,policy_decision,6.631799624301493e-05,True,0
A/random/test-51,test-51,2,INITIAL,0.03290976599964779,True,131
A/random/test-51,test-51,2,decode,1.3082602219947148,True,52
A/random/test-51,test-51,3,verify_call,0.15298087599512655,True,125
A/random/test-51,test-51,7,policy_decision,5.848100408911705e-05,True,0
A/random/test-51,test-51,9,OFFLINE_RESTORE,0.037396625004475936,False,183
A/random/test-51,test-51,9,decode,2.772690824000165,True,79
A/random/test-51,test-51,10,verify_call,0.2261779839900555,True,201
A/random/test-51,test-51,14,policy_decision,9.570199472364038e-05,True,0
A/random/test-51,test-51,16,OFFLINE_RESTORE,0.055361074992106296,False,262
A/random/test-51,test-51,16,decode,1.5743368380062748,True,46
A/random/test-51,test-51,17,verify_call,0.22807759400166105,True,244
A/random/test-51,test-51,21,policy_decision,6.74559996696189e-05,True,0
A/random/test-51,test-51,23,OFFLINE_RESTORE,0.04961463400104549,False,308
A/random/test-51,test-51,23,decode,2.56861156100058,True,98
A/random/test-51,test-51,24,verify_call,0.26671955299389083,True,343
A/random/test-75,test-75,1,policy_decision,5.2749994210898876e-05,True,0
A/random/test-75,test-75,2,INITIAL,0.032535885999095626,True,148
A/random/test-75,test-75,2,decode,6.7727172810118645,True,261
A/random/test-75,test-75,3,verify_call,0.2706967700069072,True,342
A/random/test-75,test-75,7,policy_decision,7.245899178087711e-05,True,0
A/random/test-75,test-75,8,FAIL_RESTORE,0.04933870099193882,True,209
A/random/test-75,test-75,8,decode,7.270225162996212,True,214
A/random/test-75,test-75,9,verify_call,0.2743238729890436,True,291
A/random/test-75,test-75,13,policy_decision,0.00014643499162048101,True,0
A/random/test-75,test-75,14,FAIL_RESTORE,0.0423386490001576,True,209
A/random/test-75,test-75,14,decode,1.1540938719990663,True,36
A/random/test-75,test-75,15,verify_call,0.16565162299957592,True,122
A/random/test-75,test-75,19,policy_decision,7.060800271574408e-05,True,0
A/random/test-75,test-75,21,OFFLINE_RESTORE,0.038057993006077595,False,245
A/random/test-75,test-75,21,decode,1.0924986820027698,True,43
A/random/test-75,test-75,22,verify_call,0.18738085699442308,True,159
A/random/test-75,test-75,26,policy_decision,7.268899935297668e-05,True,0
A/random/test-75,test-75,27,FAIL_RESTORE,0.050830805994337425,True,302
A/random/test-75,test-75,27,decode,0.619423073992948,True,25
A/random/test-75,test-75,28,verify_call,0.18136791700089816,True,140
A/random/test-75,test-75,32,policy_decision,5.8111996622756124e-05,True,0
A/random/test-75,test-75,33,FAIL_RESTORE,0.05002302701177541,True,302
A/random/test-75,test-75,33,decode,0.9076409039989812,True,36
A/random/test-75,test-75,34,verify_call,0.18092026098747738,True,151
A/random/test-270,test-270,1,policy_decision,6.898499850649387e-05,True,0
A/random/test-270,test-270,2,INITIAL,0.032638005999615416,True,158
A/random/test-270,test-270,2,decode,1.9488221240026178,True,77
A/random/test-270,test-270,3,verify_call,0.19028904399601743,True,176
A/random/test-270,test-270,7,policy_decision,0.0001682299916865304,True,0
A/random/test-270,test-270,9,OFFLINE_RESTORE,0.046311430996865965,False,235
A/random/test-270,test-270,9,decode,5.8091181040072115,True,173
A/random/test-270,test-270,10,verify_call,0.2926525149960071,True,346
A/random/test-518,test-518,1,policy_decision,5.260499892756343e-05,True,0
A/random/test-518,test-518,2,INITIAL,0.031983495005988516,True,147
A/random/test-518,test-518,2,decode,8.283998407991021,True,319
A/random/test-518,test-518,3,verify_call,0.31350165999901947,True,398
A/random/test-788,test-788,1,policy_decision,5.337499896995723e-05,True,0
A/random/test-788,test-788,2,INITIAL,0.032597465004073456,True,133
A/random/test-788,test-788,2,decode,2.4772250599926338,True,96
A/random/test-788,test-788,3,verify_call,0.18899333800072782,True,169
A/random/test-903,test-903,1,policy_decision,7.16940121492371e-05,True,0
A/random/test-903,test-903,2,INITIAL,0.03242586099077016,True,138
A/random/test-903,test-903,2,decode,10.254946834000293,True,390
A/random/test-903,test-903,3,verify_call,0.33050908699806314,True,460
A/random/test-903,test-903,7,policy_decision,5.884199345018715e-05,True,0
A/random/test-903,test-903,9,OFFLINE_RESTORE,0.09072897001169622,False,528
A/random/test-903,test-903,9,decode,2.929714358993806,True,91
A/random/test-903,test-903,10,verify_call,0.42972600999928545,True,551
A/random/test-1236,test-1236,1,policy_decision,5.812199378851801e-05,True,0
A/random/test-1236,test-1236,2,INITIAL,0.03321440199215431,True,148
A/random/test-1236,test-1236,2,decode,3.6503482819971396,True,137
A/random/test-1236,test-1236,3,verify_call,0.20699718200194184,True,225
A/random/test-1236,test-1236,7,policy_decision,0.00016787000640761107,True,0
A/random/test-1236,test-1236,9,OFFLINE_RESTORE,0.05571837699972093,False,285
A/random/test-1236,test-1236,9,decode,2.2368895429972326,True,69
A/random/test-1236,test-1236,10,verify_call,0.2730223569960799,True,293
A/random/test-1236,test-1236,14,policy_decision,7.799699960742146e-05,True,0
A/random/test-1236,test-1236,16,OFFLINE_RESTORE,0.056906162993982434,False,354
A/random/test-1236,test-1236,16,decode,2.0631254959880607,True,59
A/random/test-1236,test-1236,17,verify_call,0.29175490299530793,True,352
A/random/test-782,test-782,1,policy_decision,4.779099253937602e-05,True,0
A/random/test-782,test-782,2,INITIAL,0.027051250013755634,True,126
A/random/test-782,test-782,2,decode,4.118896890999167,True,161
A/random/test-782,test-782,3,verify_call,0.20721560099627823,True,223
A/random/test-782,test-782,7,policy_decision,4.73280088044703e-05,True,0
A/random/test-782,test-782,8,FAIL_RESTORE,0.03832483501173556,True,187
A/random/test-782,test-782,8,decode,2.4230248390085762,True,77
A/random/test-782,test-782,9,verify_call,0.19957927899667993,True,143
A/random/test-782,test-782,13,policy_decision,8.842999523039907e-05,True,0
A/random/test-782,test-782,14,FAIL_RESTORE,0.041907691993401386,True,187
A/random/test-782,test-782,14,decode,1.3836179949867073,True,43
A/random/test-782,test-782,15,verify_call,0.167637160004233,True,109
A/random/test-782,test-782,19,policy_decision,5.023000994697213e-05,True,0
A/random/test-782,test-782,21,OFFLINE_RESTORE,0.03774976699787658,False,230
A/random/test-782,test-782,21,decode,1.013095271991915,True,40
A/random/test-782,test-782,22,verify_call,0.18147335200046655,True,143
A/random/test-782,test-782,26,policy_decision,0.00020753499120473862,True,0
A/random/test-782,test-782,28,OFFLINE_RESTORE,0.04947447800077498,False,270
A/random/test-782,test-782,28,decode,2.129578226013109,True,82
A/random/test-782,test-782,29,verify_call,0.206524178996915,True,219
A/random/test-865,test-865,1,policy_decision,6.943801417946815e-05,True,0
A/random/test-865,test-865,2,INITIAL,0.03237371001159772,True,151
A/random/test-865,test-865,2,decode,5.064437195993378,True,194
A/random/test-865,test-865,3,verify_call,0.24874766198627185,True,271
A/random/test-865,test-865,7,policy_decision,6.6305001382716e-05,True,0
A/random/test-865,test-865,9,OFFLINE_RESTORE,0.056141690991353244,False,345
A/random/test-865,test-865,9,decode,2.185807258996647,True,69
A/random/test-865,test-865,10,verify_call,0.2963353850063868,True,340
A/random/test-979,test-979,1,policy_decision,4.303499008528888e-05,True,0
A/random/test-979,test-979,2,INITIAL,0.031622375987353735,True,131
A/random/test-979,test-979,2,decode,9.15387179600657,True,353
A/random/test-979,test-979,3,verify_call,0.3279234810033813,True,419
A/random/test-979,test-979,7,policy_decision,6.561999907717109e-05,True,0
A/random/test-979,test-979,8,FAIL_RESTORE,0.0387629459874006,True,192
A/random/test-979,test-979,8,decode,0.19208146398887038,True,7
A/random/test-979,test-979,9,verify_call,0.16898009000578895,True,87
A/random/test-979,test-979,13,policy_decision,0.00011799699859693646,True,0
A/random/test-979,test-979,14,FAIL_RESTORE,0.04116040600638371,True,192
A/random/test-979,test-979,14,decode,5.974095958008547,True,185
A/random/test-979,test-979,15,verify_call,0.22458607199951075,True,240
A/random/test-979,test-979,19,policy_decision,7.635199290234596e-05,True,0
A/random/test-979,test-979,21,OFFLINE_RESTORE,0.053867365000769496,False,377
A/random/test-979,test-979,21,decode,0.8128438849962549,True,33
A/random/test-979,test-979,22,verify_call,0.2499709179974161,True,270
A/random/test-979,test-979,26,policy_decision,5.722499918192625e-05,True,0
A/random/test-979,test-979,27,FAIL_RESTORE,0.06702539199613966,True,434
A/random/test-979,test-979,27,decode,9.891248735002591,True,366
A/random/test-979,test-979,28,verify_call,0.3999964109971188,True,573
A/random/test-979,test-979,32,policy_decision,5.9924001106992364e-05,True,0
A/random/test-979,test-979,33,FAIL_RESTORE,0.06592518699471839,True,434
A/random/test-979,test-979,33,decode,4.6809017669875175,True,179
A/random/test-239,test-239,1,policy_decision,7.865099178161472e-05,True,0
A/random/test-239,test-239,2,INITIAL,0.03641187000903301,True,170
A/random/test-239,test-239,2,decode,1.810144400005811,True,71
A/random/test-239,test-239,3,verify_call,0.18983478599693626,True,182
A/random/test-239,test-239,7,policy_decision,7.463600195478648e-05,True,0
A/random/test-239,test-239,9,OFFLINE_RESTORE,0.04197460500290617,False,241
A/random/test-239,test-239,9,decode,7.453937308004242,True,233
A/random/test-239,test-239,10,verify_call,0.3529758769873297,True,406
A/random/test-169,test-169,1,policy_decision,7.158999505918473e-05,True,0
A/random/test-169,test-169,2,INITIAL,0.02757774900237564,True,113
A/random/test-169,test-169,2,decode,5.022937629008084,True,191
A/random/test-169,test-169,3,verify_call,0.20679439800733235,True,231
A/random/test-169,test-169,7,policy_decision,8.2949991337955e-05,True,0
A/random/test-169,test-169,9,OFFLINE_RESTORE,0.05597785300051328,False,304
A/random/test-169,test-169,9,decode,1.9520669780031312,True,61
A/random/test-169,test-169,10,verify_call,0.2708390949992463,True,292
A/random/test-150,test-150,1,policy_decision,7.752700184937567e-05,True,0
A/random/test-150,test-150,2,INITIAL,0.032357181000406854,True,175
A/random/test-150,test-150,2,decode,3.1551567209971836,True,123
A/random/test-150,test-150,3,verify_call,0.20821240500663407,True,236
A/random/test-150,test-150,7,policy_decision,4.8137997509911656e-05,True,0
A/random/test-150,test-150,8,FAIL_RESTORE,0.0419614619895583,True,236
A/random/test-150,test-150,8,decode,3.682691834997968,True,110
A/random/test-150,test-150,9,verify_call,0.2237405089981621,True,225
A/random/test-150,test-150,13,policy_decision,6.162999488878995e-05,True,0
A/random/test-150,test-150,14,FAIL_RESTORE,0.040466350998030975,True,236
A/random/test-150,test-150,14,decode,0.2505661499890266,True,9
A/random/test-150,test-150,15,verify_call,0.19709555599547457,True,132
A/random/test-150,test-150,19,policy_decision,7.675000233575702e-05,True,0
A/random/test-150,test-150,20,FAIL_RESTORE,0.038257834006799385,True,236
A/random/test-150,test-150,20,decode,0.20649371200124733,True,9
A/random/test-150,test-150,21,verify_call,0.18072124700120185,True,132
A/random/test-150,test-150,25,policy_decision,7.126899436116219e-05,True,0
A/random/test-150,test-150,26,FAIL_RESTORE,0.03772471299453173,True,236
A/random/test-150,test-150,26,decode,7.284583508007927,True,270
A/random/test-150,test-150,27,verify_call,0.2712823350011604,True,383
A/random/test-150,test-150,31,policy_decision,9.05780034372583e-05,True,0
A/random/test-150,test-150,33,OFFLINE_RESTORE,0.06919003899383824,False,506
A/random/test-150,test-150,33,decode,2.2018626909994055,True,86
A/random/test-150,test-150,34,verify_call,0.32984770598704927,True,470
A/random/test-959,test-959,1,policy_decision,7.114199979696423e-05,True,0
A/random/test-959,test-959,2,INITIAL,0.037899271002970636,True,195
A/random/test-959,test-959,2,decode,6.771614716999466,True,265
A/random/test-959,test-959,3,verify_call,0.3260690750030335,True,408
A/random/test-959,test-959,7,policy_decision,0.0002141680015483871,True,0
A/random/test-959,test-959,8,FAIL_RESTORE,0.04963897600828204,True,256
A/random/test-959,test-959,8,decode,0.9591553260106593,True,30
A/random/test-959,test-959,9,verify_call,0.20682562299771234,True,166
A/random/test-959,test-959,13,policy_decision,9.583000792190433e-05,True,0
A/random/test-959,test-959,15,OFFLINE_RESTORE,0.0588951370009454,False,286
A/random/test-959,test-959,15,decode,0.8491943219996756,True,26
A/random/test-959,test-959,16,verify_call,0.20757700099784415,True,186
A/random/test-959,test-959,20,policy_decision,7.750600343570113e-05,True,0
A/random/test-959,test-959,22,OFFLINE_RESTORE,0.0509301569982199,False,312
A/random/test-959,test-959,22,decode,0.6340169339964632,True,25
A/random/test-959,test-959,23,verify_call,0.20829454499471467,True,208
A/random/test-959,test-959,27,policy_decision,5.627400241792202e-05,True,0
A/random/test-959,test-959,29,OFFLINE_RESTORE,0.052620861009927467,False,337
A/random/test-959,test-959,29,decode,0.7602177899971139,True,30
A/random/test-959,test-959,30,verify_call,0.20649295998737216,True,232
A/random/test-959,test-959,34,policy_decision,7.851599366404116e-05,True,0
A/random/test-959,test-959,36,OFFLINE_RESTORE,0.05358041600266006,False,367
A/random/test-959,test-959,36,decode,3.096562520993757,True,126
A/random/test-959,test-959,37,verify_call,0.2691776470019249,True,344
A/random/test-186,test-186,1,policy_decision,5.1345996325835586e-05,True,0
A/random/test-186,test-186,2,INITIAL,0.03708981400995981,True,197
A/random/test-186,test-186,2,decode,7.588761843988323,True,287
A/random/test-186,test-186,3,verify_call,0.32888394000474364,True,410
A/random/test-186,test-186,7,policy_decision,7.671499042771757e-05,True,0
A/random/test-186,test-186,8,FAIL_RESTORE,0.051650976995006204,True,258
A/random/test-186,test-186,8,decode,4.027230224004597,True,125
A/random/test-186,test-186,9,verify_call,0.23774100199807435,True,251
A/random/test-186,test-186,13,policy_decision,0.0001901479990920052,True,0
A/random/test-186,test-186,14,FAIL_RESTORE,0.059007646996178664,True,258
A/random/test-186,test-186,14,decode,6.955823777010664,True,210
A/random/test-186,test-186,15,verify_call,0.294799608993344,True,340
A/random/test-186,test-186,19,policy_decision,8.199899457395077e-05,True,0
A/random/test-186,test-186,20,FAIL_RESTORE,0.04920255199249368,True,258
A/random/test-186,test-186,20,decode,5.359716549006407,True,205
A/random/test-186,test-186,21,verify_call,0.2699533519917168,True,339
A/random/test-186,test-186,25,policy_decision,8.003499533515424e-05,True,0
A/random/test-186,test-186,26,FAIL_RESTORE,0.048891241996898316,True,258
A/random/test-186,test-186,26,decode,0.13311501500720624,True,6
A/random/test-186,test-186,27,verify_call,0.18197971100744326,True,152
A/random/test-186,test-186,31,policy_decision,5.0484988605603576e-05,True,0
A/random/test-186,test-186,32,FAIL_RESTORE,0.04962674900889397,True,258
A/random/test-186,test-186,32,decode,2.8977337630058173,True,117
A/random/test-186,test-186,33,verify_call,0.20708342800207902,True,253
A/random/test-418,test-418,1,policy_decision,7.028499385342002e-05,True,0
A/random/test-418,test-418,2,INITIAL,0.03183613500732463,True,129
A/random/test-418,test-418,2,decode,2.4513813209923683,True,103
A/random/test-418,test-418,3,verify_call,0.18785529299930204,True,171
A/random/test-418,test-418,7,policy_decision,7.102498784661293e-05,True,0
A/random/test-418,test-418,9,OFFLINE_RESTORE,0.04171641900029499,False,232
A/random/test-418,test-418,9,decode,5.710227971998393,True,177
A/random/test-418,test-418,10,verify_call,0.29954725499555934,True,339
A/random/test-392,test-392,1,policy_decision,7.117599307093769e-05,True,0
A/random/test-392,test-392,2,INITIAL,0.03231322699866723,True,145
A/random/test-392,test-392,2,decode,3.5219444510003086,True,147
A/random/test-392,test-392,3,verify_call,0.2085338399920147,True,224
A/random/test-392,test-392,7,policy_decision,5.999600398354232e-05,True,0
A/random/test-392,test-392,8,FAIL_RESTORE,0.04116386899841018,True,206
A/random/test-392,test-392,8,decode,5.847520916999201,True,179
A/random/test-392,test-392,9,verify_call,0.2314949110004818,True,255
A/random/test-392,test-392,13,policy_decision,0.00023500999668613076,True,0
A/random/test-392,test-392,14,FAIL_RESTORE,0.04237715300405398,True,206
A/random/test-392,test-392,14,decode,5.384951435000403,True,162
A/random/test-392,test-392,15,verify_call,0.22550652000063565,True,236
A/random/test-392,test-392,19,policy_decision,4.989400622434914e-05,True,0
A/random/test-392,test-392,20,FAIL_RESTORE,0.03726266999728978,True,206
A/random/test-392,test-392,20,decode,1.6086805719969561,True,63
A/random/test-392,test-392,21,verify_call,0.18123939099314157,True,140
A/random/test-392,test-392,25,policy_decision,5.295099981594831e-05,True,0
A/random/test-392,test-392,27,OFFLINE_RESTORE,0.05019254199578427,False,269
A/random/test-392,test-392,27,decode,0.32776134500454646,True,13
A/random/test-392,test-392,28,verify_call,0.18136954300280195,True,150
A/random/test-392,test-392,32,policy_decision,5.269701068755239e-05,True,0
A/random/test-392,test-392,34,OFFLINE_RESTORE,0.0490636679896852,False,282
A/random/test-392,test-392,34,decode,0.2982477210025536,True,13
A/random/test-392,test-392,35,verify_call,0.18680266400042456,True,160
A/random/test-1006,test-1006,1,policy_decision,7.295199611689895e-05,True,0
A/random/test-1006,test-1006,2,INITIAL,0.03293541099992581,True,191
A/random/test-1006,test-1006,2,decode,1.235444573991117,True,52
A/random/test-1006,test-1006,3,verify_call,0.19076754699926823,True,183
A/random/test-1006,test-1006,7,policy_decision,0.00010871198901440948,True,0
A/random/test-1006,test-1006,8,FAIL_RESTORE,0.04224173199327197,True,252
A/random/test-1006,test-1006,8,decode,2.6944029519945616,True,79
A/random/test-1006,test-1006,9,verify_call,0.23004463700635824,True,202
A/random/test-1006,test-1006,13,policy_decision,0.00016832900291774422,True,0
A/random/test-1006,test-1006,15,OFFLINE_RESTORE,0.0596859229990514,False,331
A/random/test-1006,test-1006,15,decode,1.7172748939919984,True,49
A/random/test-1006,test-1006,16,verify_call,0.22756626999762375,True,243
A/random/test-1006,test-1006,20,policy_decision,7.31350010028109e-05,True,0
A/random/test-1006,test-1006,22,OFFLINE_RESTORE,0.053137202994548716,False,380
A/random/test-1006,test-1006,22,decode,1.8262841229879996,True,71
A/random/test-1006,test-1006,23,verify_call,0.24980180399143137,True,302
A/random/test-1006,test-1006,27,policy_decision,5.1440001698210835e-05,True,0
A/random/test-1006,test-1006,29,OFFLINE_RESTORE,0.06956761499168351,False,451
A/random/test-1006,test-1006,29,decode,0.6698060700000497,True,27
A/random/test-1006,test-1006,30,verify_call,0.2686344560061116,True,324
A/random/test-1006,test-1006,34,policy_decision,7.640599505975842e-05,True,0
A/random/test-1006,test-1006,36,OFFLINE_RESTORE,0.06870879999769386,False,478
A/random/test-1006,test-1006,36,decode,0.5286040909995791,True,22
A/random/test-1006,test-1006,37,verify_call,0.2684221389936283,True,345
A/random/test-1156,test-1156,1,policy_decision,4.946500121150166e-05,True,0
A/random/test-1156,test-1156,2,INITIAL,0.03162650500598829,True,147
A/random/test-1156,test-1156,2,decode,4.352629768996849,True,180
A/random/test-1156,test-1156,3,verify_call,0.2088950780016603,True,251
A/random/test-1156,test-1156,7,policy_decision,9.642100485507399e-05,True,0
A/random/test-1156,test-1156,9,OFFLINE_RESTORE,0.06232391200319398,False,327
A/random/test-1156,test-1156,9,decode,4.047847302004811,True,122
A/random/test-1156,test-1156,10,verify_call,0.2984995570004685,True,365
A/random/test-161,test-161,1,policy_decision,5.6294011301361024e-05,True,0
A/random/test-161,test-161,2,INITIAL,0.032290417002514005,True,154
A/random/test-161,test-161,2,decode,1.029721171988058,True,43
A/random/test-161,test-161,3,verify_call,0.18112024400033988,True,137
A/random/test-161,test-161,7,policy_decision,7.458700565621257e-05,True,0
A/random/test-161,test-161,9,OFFLINE_RESTORE,0.042420031008077785,False,197
A/random/test-161,test-161,9,decode,5.787550081004156,True,178
A/random/test-161,test-161,10,verify_call,0.27240465399518143,True,303
A/random/test-686,test-686,1,policy_decision,7.257200195454061e-05,True,0
A/random/test-686,test-686,2,INITIAL,0.032076743998914026,True,139
A/random/test-686,test-686,2,decode,1.434892878998653,True,61
A/random/test-686,test-686,3,verify_call,0.1809216980036581,True,142
A/random/test-686,test-686,7,policy_decision,6.074798875488341e-05,True,0
A/random/test-686,test-686,9,OFFLINE_RESTORE,0.04508228700433392,False,200
A/random/test-686,test-686,9,decode,3.285477951998473,True,103
A/random/test-686,test-686,10,verify_call,0.2321182400046382,True,243
A/random/test-80,test-80,1,policy_decision,5.728899850510061e-05,True,0
A/random/test-80,test-80,2,INITIAL,0.03213104899623431,True,117
A/random/test-80,test-80,2,decode,2.2042438570060767,True,93
A/random/test-80,test-80,3,verify_call,0.1819411689939443,True,139
A/random/test-80,test-80,7,policy_decision,0.00010623999696690589,True,0
A/random/test-80,test-80,9,OFFLINE_RESTORE,0.04008169399457984,False,210
A/random/test-80,test-80,9,decode,3.9545718720037257,True,120
A/random/test-80,test-80,10,verify_call,0.22835124800621998,True,255
A/random/test-1154,test-1154,1,policy_decision,6.419999408535659e-05,True,0
A/random/test-1154,test-1154,2,INITIAL,0.02457359799882397,True,115
A/random/test-1154,test-1154,2,decode,1.3663714689901099,True,58
A/random/test-1154,test-1154,3,verify_call,0.15307953998853918,True,115
A/random/test-1154,test-1154,7,policy_decision,5.400901136454195e-05,True,0
A/random/test-1154,test-1154,9,OFFLINE_RESTORE,0.04039444999943953,False,173
A/random/test-1154,test-1154,9,decode,3.5356619189988123,True,106
A/random/test-1154,test-1154,10,verify_call,0.2279237250040751,True,218
A/random/test-1206,test-1206,1,policy_decision,7.26020080037415e-05,True,0
A/random/test-1206,test-1206,2,INITIAL,0.0321483379957499,True,149
A/random/test-1206,test-1206,2,decode,7.475396030000411,True,309
A/random/test-1206,test-1206,3,verify_call,0.31414156599203125,True,387
A/random/test-984,test-984,1,policy_decision,7.916700269561261e-05,True,0
A/random/test-984,test-984,2,INITIAL,0.03285174199845642,True,168
A/random/test-984,test-984,2,decode,3.748773840998183,True,153
A/random/test-984,test-984,3,verify_call,0.248600674996851,True,262
A/random/test-984,test-984,7,policy_decision,6.426799518521875e-05,True,0
A/random/test-984,test-984,8,FAIL_RESTORE,0.04142298799706623,True,229
A/random/test-984,test-984,8,decode,4.577557643002365,True,143
A/random/test-984,test-984,9,verify_call,0.22907054198731203,True,251
A/random/test-984,test-984,13,policy_decision,9.11230017663911e-05,True,0
A/random/test-984,test-984,14,FAIL_RESTORE,0.04573667899239808,True,229
A/random/test-984,test-984,14,decode,0.2617757160041947,True,9
A/random/test-984,test-984,15,verify_call,0.1658374270045897,True,125
A/random/test-984,test-984,19,policy_decision,6.679299985989928e-05,True,0
A/random/test-984,test-984,20,FAIL_RESTORE,0.038312627002596855,True,229
A/random/test-984,test-984,20,decode,5.744051287998445,True,220
A/random/test-984,test-984,21,verify_call,0.26866549300029874,True,325
A/random/test-984,test-984,25,policy_decision,5.706300726160407e-05,True,0
A/random/test-984,test-984,26,FAIL_RESTORE,0.038084391999291256,True,229
A/random/test-984,test-984,26,decode,7.381847580996691,True,274
A/random/test-984,test-984,27,verify_call,0.2747077350068139,True,379
A/random/test-984,test-984,31,policy_decision,7.610599277541041e-05,True,0
A/random/test-984,test-984,32,FAIL_RESTORE,0.03806629599421285,True,229
A/random/test-984,test-984,32,decode,9.476931868004613,True,380
A/random/test-984,test-984,33,verify_call,0.3309016799903475,True,476
A/random/test-365,test-365,1,policy_decision,5.396099004428834e-05,True,0
A/random/test-365,test-365,2,INITIAL,0.028074961999664083,True,111
A/random/test-365,test-365,2,decode,4.314867763998336,True,168
A/random/test-365,test-365,3,verify_call,0.20749809200060554,True,215
A/random/test-42,test-42,1,policy_decision,4.9816997488960624e-05,True,0
A/random/test-42,test-42,2,INITIAL,0.03251413100224454,True,163
A/random/test-42,test-42,2,decode,3.5746562400017865,True,138
A/random/test-42,test-42,3,verify_call,0.2082345870003337,True,242
A/random/test-208,test-208,1,policy_decision,8.691599941812456e-05,True,0
A/random/test-208,test-208,2,INITIAL,0.0333144439937314,True,143
A/random/test-208,test-208,2,decode,4.058826100997976,True,157
A/random/test-208,test-208,3,verify_call,0.2088674350088695,True,240
A/random/test-247,test-247,1,policy_decision,7.646200538147241e-05,True,0
A/random/test-247,test-247,2,INITIAL,0.032534044003114104,True,157
A/random/test-247,test-247,2,decode,2.940442624996649,True,115
A/random/test-247,test-247,3,verify_call,0.21083264201297425,True,208
A/random/test-247,test-247,7,policy_decision,0.00010289200872648507,True,0
A/random/test-247,test-247,8,FAIL_RESTORE,0.04314123000949621,True,218
A/random/test-247,test-247,8,decode,2.8840957599895773,True,89
A/random/test-247,test-247,9,verify_call,0.20479646399326157,True,186
A/random/test-247,test-247,13,policy_decision,0.00017759599722921848,True,0
A/random/test-247,test-247,14,FAIL_RESTORE,0.043370782004785724,True,218
A/random/test-247,test-247,14,decode,4.6874290779960575,True,143
A/random/test-247,test-247,15,verify_call,0.22726854500069749,True,241
A/random/test-269,test-269,1,policy_decision,4.741700831800699e-05,True,0
A/random/test-269,test-269,2,INITIAL,0.02873754499887582,True,120
A/random/test-269,test-269,2,decode,2.1203456100047333,True,84
A/random/test-269,test-269,3,verify_call,0.18199308899056632,True,143
A/random/test-269,test-269,7,policy_decision,9.993001003749669e-05,True,0
A/random/test-269,test-269,9,OFFLINE_RESTORE,0.04278951000014786,False,204
A/random/test-269,test-269,9,decode,0.8749314140004572,True,28
A/random/test-269,test-269,10,verify_call,0.2075165010028286,True,168
A/random/test-269,test-269,14,policy_decision,6.527600635308772e-05,True,0
A/random/test-269,test-269,16,OFFLINE_RESTORE,0.04238601800170727,False,232
A/random/test-269,test-269,16,decode,3.9667684040032327,True,120
A/random/test-269,test-269,17,verify_call,0.2713892950123409,True,282
A/random/test-695,test-695,1,policy_decision,7.708699558861554e-05,True,0
A/random/test-695,test-695,2,INITIAL,0.0274108310113661,True,125
A/random/test-695,test-695,2,decode,4.045532207004726,True,152
A/random/test-695,test-695,3,verify_call,0.2082002899987856,True,218
A/random/test-159,test-159,1,policy_decision,5.4158997954800725e-05,True,0
A/random/test-159,test-159,2,INITIAL,0.03276303999882657,True,140
A/random/test-159,test-159,2,decode,3.8618917380081257,True,148
A/random/test-159,test-159,3,verify_call,0.2079193350073183,True,224
A/random/test-1155,test-1155,1,policy_decision,4.861599882133305e-05,True,0
A/random/test-1155,test-1155,2,INITIAL,0.02799951800261624,True,119
A/random/test-1155,test-1155,2,decode,4.89513412299857,True,189
A/random/test-1155,test-1155,3,verify_call,0.20962063800834585,True,249
A/random/test-333,test-333,1,policy_decision,0.00013837400183547288,True,0
A/random/test-333,test-333,2,INITIAL,0.03241317000356503,True,163
A/random/test-333,test-333,2,decode,2.3990580919926288,True,96
A/random/test-333,test-333,3,verify_call,0.2075298730051145,True,199
A/random/test-333,test-333,7,policy_decision,8.889300806913525e-05,True,0
A/random/test-333,test-333,9,OFFLINE_RESTORE,0.052559185001882724,False,259
A/random/test-333,test-333,9,decode,5.512179928002297,True,170
A/random/test-333,test-333,10,verify_call,0.29571788699831814,True,366
A/random/test-762,test-762,1,policy_decision,3.873401146847755e-05,True,0
A/random/test-762,test-762,2,INITIAL,0.031654000995331444,True,136
A/random/test-762,test-762,2,decode,6.469894824986113,True,255
A/random/test-762,test-762,3,verify_call,0.26910438599588815,True,339
A/random/test-1147,test-1147,1,policy_decision,7.330799417104572e-05,True,0
A/random/test-1147,test-1147,2,INITIAL,0.0330585399933625,True,179
A/random/test-1147,test-1147,2,decode,10.430828248005128,True,412
A/random/test-1147,test-1147,3,verify_call,0.3934799759881571,True,524
A/random/test-818,test-818,1,policy_decision,7.718199049122632e-05,True,0
A/random/test-818,test-818,2,INITIAL,0.032426809004391544,True,139
A/random/test-818,test-818,2,decode,5.243397315993207,True,203
A/random/test-818,test-818,3,verify_call,0.24914563199854456,True,278
A/random/test-645,test-645,1,policy_decision,0.00010861600458156317,True,0
A/random/test-645,test-645,2,INITIAL,0.02678035499411635,True,119
A/random/test-645,test-645,2,decode,4.055551365003339,True,156
A/random/test-645,test-645,3,verify_call,0.20822236200910993,True,213
A/random/test-963,test-963,1,policy_decision,5.269800021778792e-05,True,0
A/random/test-963,test-963,2,INITIAL,0.03220450300432276,True,154
A/random/test-963,test-963,2,decode,9.896734288995503,True,379
A/random/test-963,test-963,3,verify_call,0.2509799249964999,True,310
A/random/test-963,test-963,7,policy_decision,0.00011368200648576021,True,0
A/random/test-963,test-963,8,FAIL_RESTORE,0.044579342007637024,True,215
A/random/test-963,test-963,8,decode,0.2643014720088104,True,9
A/random/test-963,test-963,9,verify_call,0.16335415698995348,True,111
A/random/test-963,test-963,13,policy_decision,8.737199823372066e-05,True,0
A/random/test-963,test-963,14,FAIL_RESTORE,0.043575233008596115,True,215
A/random/test-963,test-963,14,decode,11.114383546999306,True,332
B/initial/test-159/17/now,test-159,3,verify_call,0.22891527799947653,True,101
B/initial/test-159/17/now,test-159,6,policy_decision,6.383008440025151e-06,True,0
B/initial/test-159/17/now,test-159,8,OFFLINE_RESTORE,0.03436507500009611,False,158
B/initial/test-159/17/now,test-159,8,decode,2.7262149510061136,True,103
B/initial/test-159/17/now,test-159,9,verify_call,0.21665008600393776,True,195
B/initial/test-159/17/delay1,test-159,3,policy_decision,1.1883006663993001e-05,True,0
B/initial/test-159/17/delay1,test-159,5,OFFLINE_RESTORE,0.34391765399777796,False,158
B/initial/test-159/17/delay1,test-159,5,decode,0.32669551600702107,True,14
B/initial/test-159/17/delay1,test-159,6,verify_call,0.15471686501405202,True,111
B/initial/test-159/17/delay1,test-159,9,policy_decision,7.808994268998504e-06,True,0
B/initial/test-159/17/delay1,test-159,11,OFFLINE_RESTORE,0.032975452006212436,False,172
B/initial/test-159/17/delay1,test-159,11,decode,2.2919946930051083,True,89
B/initial/test-159/17/delay1,test-159,12,verify_call,0.21114826799021102,True,195
B/initial/test-159/17/delay2,test-159,3,policy_decision,7.341004675254226e-06,True,0
B/initial/test-159/17/delay2,test-159,5,OFFLINE_RESTORE,0.03144147200509906,False,158
B/initial/test-159/17/delay2,test-159,5,decode,1.14413932300522,True,46
B/initial/test-159/17/delay2,test-159,6,verify_call,0.18610115599585697,True,141
B/initial/test-159/17/delay2,test-159,9,policy_decision,1.0033007129095495e-05,True,0
B/initial/test-159/17/delay2,test-159,11,OFFLINE_RESTORE,0.038094531002570875,False,204
B/initial/test-159/17/delay2,test-159,11,decode,1.1796081539941952,True,46
B/initial/test-159/17/delay2,test-159,12,verify_call,0.19451294699683785,True,184
B/initial/test-159/17/endpoint_only,test-159,3,policy_decision,4.760004230774939e-06,True,0
B/initial/test-159/17/endpoint_only,test-159,5,OFFLINE_RESTORE,0.03217929298989475,False,158
B/initial/test-159/17/endpoint_only,test-159,5,decode,2.653858992998721,True,103
B/initial/test-159/17/endpoint_only,test-159,6,verify_call,0.2095298969943542,True,195
B/initial/test-159/29/now,test-159,3,verify_call,0.15319976399769075,True,101
B/initial/test-159/29/now,test-159,6,policy_decision,4.907007678411901e-06,True,0
B/initial/test-159/29/now,test-159,8,OFFLINE_RESTORE,0.03227273699303623,False,158
B/initial/test-159/29/now,test-159,8,decode,2.4307265040115453,True,93
B/initial/test-159/29/now,test-159,9,verify_call,0.19266380699991714,True,184
B/initial/test-159/29/delay1,test-159,3,policy_decision,8.168004569597542e-06,True,0
B/initial/test-159/29/delay1,test-159,5,OFFLINE_RESTORE,0.03497804199287202,False,158
B/initial/test-159/29/delay1,test-159,5,decode,0.3295427930133883,True,14
B/initial/test-159/29/delay1,test-159,6,verify_call,0.15456528301001526,True,111
B/initial/test-159/29/delay1,test-159,9,policy_decision,8.639995940029621e-06,True,0
B/initial/test-159/29/delay1,test-159,11,OFFLINE_RESTORE,0.03238803299609572,False,172
B/initial/test-159/29/delay1,test-159,11,decode,1.9939007210050477,True,79
B/initial/test-159/29/delay1,test-159,12,verify_call,0.1918094300053781,True,184
B/initial/test-159/29/delay2,test-159,3,policy_decision,6.337999366223812e-06,True,0
B/initial/test-159/29/delay2,test-159,5,OFFLINE_RESTORE,0.03171382698928937,False,158
B/initial/test-159/29/delay2,test-159,5,decode,1.0685021400131518,True,42
B/initial/test-159/29/delay2,test-159,6,verify_call,0.1822067039902322,True,136
B/initial/test-159/29/delay2,test-159,9,policy_decision,8.37500556372106e-06,True,0
B/initial/test-159/29/delay2,test-159,11,OFFLINE_RESTORE,0.037137393999728374,False,200
B/initial/test-159/29/delay2,test-159,11,decode,1.2220939840044593,True,51
B/initial/test-159/29/delay2,test-159,12,verify_call,0.1923010900063673,True,184
B/initial/test-159/29/endpoint_only,test-159,3,policy_decision,2.640997990965843e-06,True,0
B/initial/test-159/29/endpoint_only,test-159,5,OFFLINE_RESTORE,0.032119381008669734,False,158
B/initial/test-159/29/endpoint_only,test-159,5,decode,2.2462166710029123,True,93
B/initial/test-159/29/endpoint_only,test-159,6,verify_call,0.19278040000062902,True,184
B/initial/test-159/43/now,test-159,3,verify_call,0.1517707310122205,True,101
B/initial/test-159/43/now,test-159,6,policy_decision,7.509006536565721e-06,True,0
B/initial/test-159/43/now,test-159,8,OFFLINE_RESTORE,0.03258001399808563,False,158
B/initial/test-159/43/now,test-159,8,decode,1.9417974799871445,True,80
B/initial/test-159/43/now,test-159,9,verify_call,0.1894873209967045,True,174
B/initial/test-159/43/now,test-159,12,policy_decision,5.35600702278316e-06,True,0
B/initial/test-159/43/now,test-159,13,FAIL_RESTORE,0.04189351500826888,True,215
B/initial/test-159/43/now,test-159,13,decode,0.7409233240032336,True,29
B/initial/test-159/43/now,test-159,14,verify_call,0.16023503000906203,True,125
B/initial/test-159/43/now,test-159,17,policy_decision,8.817005436867476e-06,True,0
B/initial/test-159/43/now,test-159,18,FAIL_RESTORE,0.03927821099932771,True,215
B/initial/test-159/43/now,test-159,18,decode,1.8060808629961684,True,70
B/initial/test-159/43/now,test-159,19,verify_call,0.19509114400716498,True,159
B/initial/test-159/43/now,test-159,22,policy_decision,7.987997378222644e-06,True,0
B/initial/test-159/43/now,test-159,23,FAIL_RESTORE,0.038230248988838866,True,215
B/initial/test-159/43/now,test-159,23,decode,0.7069468650006456,True,28
B/initial/test-159/43/now,test-159,24,verify_call,0.15953382301086094,True,125
B/initial/test-159/43/now,test-159,27,policy_decision,1.0667004971764982e-05,True,0
B/initial/test-159/43/now,test-159,28,FAIL_RESTORE,0.04641082099988125,True,215
B/initial/test-159/43/now,test-159,28,decode,1.2767016520083416,True,53
B/initial/test-159/43/now,test-159,29,verify_call,0.19268152900622226,True,149
B/initial/test-159/43/delay1,test-159,3,policy_decision,9.360999683849514e-06,True,0
B/initial/test-159/43/delay1,test-159,5,OFFLINE_RESTORE,0.032102910001412965,False,158
B/initial/test-159/43/delay1,test-159,5,decode,0.33687576701049693,True,15
B/initial/test-159/43/delay1,test-159,6,verify_call,0.15293873200425878,True,112
B/initial/test-159/43/delay1,test-159,9,policy_decision,6.754999049007893e-06,True,0
B/initial/test-159/43/delay1,test-159,11,OFFLINE_RESTORE,0.031962038003257476,False,173
B/initial/test-159/43/delay1,test-159,11,decode,1.5505080930015538,True,63
B/initial/test-159/43/delay1,test-159,12,verify_call,0.18980938800086733,True,172
B/initial/test-159/43/delay2,test-159,3,policy_decision,1.1165990144945681e-05,True,0
B/initial/test-159/43/delay2,test-159,5,OFFLINE_RESTORE,0.03246523799316492,False,158
B/initial/test-159/43/delay2,test-159,5,decode,0.7336987210001098,True,32
B/initial/test-159/43/delay2,test-159,6,verify_call,0.1534163899923442,True,126
B/initial/test-159/43/delay2,test-159,9,policy_decision,7.655005902051926e-06,True,0
B/initial/test-159/43/delay2,test-159,11,OFFLINE_RESTORE,0.032440650000353344,False,190
B/initial/test-159/43/delay2,test-159,11,decode,1.0891972730023554,True,46
B/initial/test-159/43/delay2,test-159,12,verify_call,0.19201524600794073,True,172
B/initial/test-159/43/endpoint_only,test-159,3,policy_decision,2.6909983716905117e-06,True,0
B/initial/test-159/43/endpoint_only,test-159,5,OFFLINE_RESTORE,0.0318078979908023,False,158
B/initial/test-159/43/endpoint_only,test-159,5,decode,1.902370786992833,True,80
B/initial/test-159/43/endpoint_only,test-159,6,verify_call,0.18841681598860305,True,174
B/initial/test-159/43/endpoint_only,test-159,9,policy_decision,2.998000127263367e-06,True,0
B/initial/test-159/43/endpoint_only,test-159,10,FAIL_RESTORE,0.03679741400992498,True,201
B/initial/test-159/43/endpoint_only,test-159,10,decode,2.3968107029941166,True,97
B/initial/test-159/43/endpoint_only,test-159,11,verify_call,0.18893571000080556,True,171
B/initial/test-365/17/now,test-365,3,verify_call,0.15358918000129052,True,79
B/initial/test-365/17/now,test-365,6,policy_decision,6.928006769157946e-06,True,0
B/initial/test-365/17/now,test-365,8,OFFLINE_RESTORE,0.03171399100392591,False,137
B/initial/test-365/17/now,test-365,8,decode,2.7153764740069164,True,112
B/initial/test-365/17/now,test-365,9,verify_call,0.19099648500559852,True,189
B/initial/test-365/17/now,test-365,12,policy_decision,7.782989996485412e-06,True,0
B/initial/test-365/17/now,test-365,13,FAIL_RESTORE,0.03671217001101468,True,194
B/initial/test-365/17/now,test-365,13,decode,2.485401547004585,True,95
B/initial/test-365/17/now,test-365,14,verify_call,0.18952362499840092,True,167
B/initial/test-365/17/now,test-365,17,policy_decision,1.1860000086016953e-05,True,0
B/initial/test-365/17/now,test-365,18,FAIL_RESTORE,0.03711652199854143,True,194
B/initial/test-365/17/now,test-365,18,decode,4.12910082298913,True,161
B/initial/test-365/17/delay1,test-365,3,policy_decision,7.21399555914104e-06,True,0
B/initial/test-365/17/delay1,test-365,5,OFFLINE_RESTORE,0.03177036900888197,False,137
B/initial/test-365/17/delay1,test-365,5,decode,1.3484024220088031,True,57
B/initial/test-365/17/delay1,test-365,6,verify_call,0.1796580780064687,True,134
B/initial/test-365/17/delay1,test-365,9,policy_decision,7.117007044143975e-06,True,0
B/initial/test-365/17/delay1,test-365,10,FAIL_RESTORE,0.03209209701162763,True,172
B/initial/test-365/17/delay1,test-365,10,decode,1.954062126998906,True,80
B/initial/test-365/17/delay1,test-365,11,verify_call,0.15557596500730142,True,123
B/initial/test-365/17/delay1,test-365,14,policy_decision,7.916998583823442e-06,True,0
B/initial/test-365/17/delay1,test-365,16,OFFLINE_RESTORE,0.03826058500271756,False,252
B/initial/test-365/17/delay1,test-365,16,decode,2.085407139995368,True,78
B/initial/test-365/17/delay1,test-365,17,verify_call,0.20967093099898193,True,195
B/initial/test-365/17/delay2,test-365,3,policy_decision,7.119000656530261e-06,True,0
B/initial/test-365/17/delay2,test-365,5,OFFLINE_RESTORE,0.03171631299483124,False,137
B/initial/test-365/17/delay2,test-365,5,decode,2.6436033500067424,True,112
B/initial/test-365/17/delay2,test-365,6,verify_call,0.19325908699829597,True,189
B/initial/test-365/17/delay2,test-365,9,policy_decision,6.407994078472257e-06,True,0
B/initial/test-365/17/delay2,test-365,10,FAIL_RESTORE,0.03261276800185442,True,172
B/initial/test-365/17/delay2,test-365,10,decode,0.27348591899499297,True,12
B/initial/test-365/17/delay2,test-365,11,verify_call,0.14999478700337932,True,71
B/initial/test-365/17/endpoint_only,test-365,3,policy_decision,2.8759968699887395e-06,True,0
B/initial/test-365/17/endpoint_only,test-365,5,OFFLINE_RESTORE,0.031645897004636936,False,137
B/initial/test-365/17/endpoint_only,test-365,5,decode,2.6937142879905878,True,112
B/initial/test-365/17/endpoint_only,test-365,6,verify_call,0.19178328099951614,True,189
B/initial/test-365/17/endpoint_only,test-365,9,policy_decision,3.5289995139464736e-06,True,0
B/initial/test-365/17/endpoint_only,test-365,10,FAIL_RESTORE,0.03249568399041891,True,172
B/initial/test-365/17/endpoint_only,test-365,10,decode,0.2674199100001715,True,12
B/initial/test-365/17/endpoint_only,test-365,11,verify_call,0.15041112300241366,True,71
B/initial/test-365/29/now,test-365,3,verify_call,0.15085808400181122,True,79
B/initial/test-365/29/now,test-365,6,policy_decision,7.199007086455822e-06,True,0
B/initial/test-365/29/now,test-365,8,OFFLINE_RESTORE,0.03201393400377128,False,137
B/initial/test-365/29/now,test-365,8,decode,2.3629275540006347,True,96
B/initial/test-365/29/now,test-365,9,verify_call,0.18898969600559212,True,173
B/initial/test-365/29/delay1,test-365,3,policy_decision,8.2360056694597e-06,True,0
B/initial/test-365/29/delay1,test-365,5,OFFLINE_RESTORE,0.03196718198887538,False,137
B/initial/test-365/29/delay1,test-365,5,decode,0.9405109450017335,True,40
B/initial/test-365/29/delay1,test-365,6,verify_call,0.15323713100224268,True,117
B/initial/test-365/29/delay1,test-365,9,policy_decision,6.08300615567714e-06,True,0
B/initial/test-365/29/delay1,test-365,11,OFFLINE_RESTORE,0.03394791000755504,False,177
B/initial/test-365/29/delay1,test-365,11,decode,1.346283149003284,True,56
B/initial/test-365/29/delay1,test-365,12,verify_call,0.18844203698972706,True,173
B/initial/test-365/29/delay2,test-365,3,policy_decision,6.1259925132617354e-06,True,0
B/initial/test-365/29/delay2,test-365,5,OFFLINE_RESTORE,0.03164466800808441,False,137
B/initial/test-365/29/delay2,test-365,5,decode,2.2688984950073063,True,96
B/initial/test-365/29/delay2,test-365,6,verify_call,0.19003279799653683,True,173
B/initial/test-365/29/endpoint_only,test-365,3,policy_decision,3.930996172130108e-06,True,0
B/initial/test-365/29/endpoint_only,test-365,5,OFFLINE_RESTORE,0.031820875010453165,False,137
B/initial/test-365/29/endpoint_only,test-365,5,decode,2.278901591998874,True,96
B/initial/test-365/29/endpoint_only,test-365,6,verify_call,0.1914216480072355,True,173
B/initial/test-365/43/now,test-365,3,verify_call,0.15033908899931703,True,79
B/initial/test-365/43/now,test-365,6,policy_decision,7.959009963087738e-06,True,0
B/initial/test-365/43/now,test-365,8,OFFLINE_RESTORE,0.0324513360101264,False,137
B/initial/test-365/43/now,test-365,8,decode,3.457052420999389,True,143
B/initial/test-365/43/now,test-365,9,verify_call,0.20727217699459288,True,220
B/initial/test-365/43/delay1,test-365,3,policy_decision,6.251997547224164e-06,True,0
B/initial/test-365/43/delay1,test-365,5,OFFLINE_RESTORE,0.03177604399388656,False,137
B/initial/test-365/43/delay1,test-365,5,decode,1.5854837039951235,True,67
B/initial/test-365/43/delay1,test-365,6,verify_call,0.1819494079973083,True,144
B/initial/test-365/43/delay1,test-365,9,policy_decision,6.375994416885078e-06,True,0
B/initial/test-365/43/delay1,test-365,11,OFFLINE_RESTORE,0.03725372700137086,False,204
B/initial/test-365/43/delay1,test-365,11,decode,1.7862472089909716,True,73
B/initial/test-365/43/delay1,test-365,12,verify_call,0.2090152640012093,True,217
B/initial/test-365/43/delay2,test-365,3,policy_decision,9.71200643107295e-06,True,0
B/initial/test-365/43/delay2,test-365,5,OFFLINE_RESTORE,0.03218375401047524,False,137
B/initial/test-365/43/delay2,test-365,5,decode,3.413266662013484,True,143
B/initial/test-365/43/delay2,test-365,6,verify_call,0.20823806800763123,True,220
B/initial/test-365/43/endpoint_only,test-365,3,policy_decision,2.301996573805809e-06,True,0
B/initial/test-365/43/endpoint_only,test-365,5,OFFLINE_RESTORE,0.031448465000721626,False,137
B/initial/test-365/43/endpoint_only,test-365,5,decode,3.537514188006753,True,143
B/initial/test-365/43/endpoint_only,test-365,6,verify_call,0.2093831430102,True,220
B/initial/test-1155/17/now,test-1155,3,verify_call,0.20734910100873094,True,193
B/initial/test-1155/17/now,test-1155,6,policy_decision,6.9490051828324795e-06,True,0
B/initial/test-1155/17/now,test-1155,8,OFFLINE_RESTORE,0.0383136690070387,False,252
B/initial/test-1155/17/now,test-1155,8,decode,1.443596302997321,True,60
B/initial/test-1155/17/now,test-1155,9,verify_call,0.20806922898918856,True,253
B/initial/test-1155/17/delay1,test-1155,3,policy_decision,6.47800334263593e-06,True,0
B/initial/test-1155/17/delay1,test-1155,5,OFFLINE_RESTORE,0.04005530499853194,False,252
B/initial/test-1155/17/delay1,test-1155,5,decode,1.4449072449933738,True,60
B/initial/test-1155/17/delay1,test-1155,6,verify_call,0.2085746099910466,True,253
B/initial/test-1155/17/delay2,test-1155,3,policy_decision,8.383998647332191e-06,True,0
B/initial/test-1155/17/delay2,test-1155,5,OFFLINE_RESTORE,0.03806838300079107,False,252
B/initial/test-1155/17/delay2,test-1155,5,decode,1.4241560470109107,True,60
B/initial/test-1155/17/delay2,test-1155,6,verify_call,0.2087841570028104,True,253
B/initial/test-1155/17/endpoint_only,test-1155,3,policy_decision,2.305008820258081e-06,True,0
B/initial/test-1155/17/endpoint_only,test-1155,5,OFFLINE_RESTORE,0.03782319099991582,False,252
B/initial/test-1155/17/endpoint_only,test-1155,5,decode,1.4174672389926855,True,60
B/initial/test-1155/17/endpoint_only,test-1155,6,verify_call,0.20829105899611022,True,253
B/initial/test-1155/29/now,test-1155,3,verify_call,0.20703842501097824,True,193
B/initial/test-1155/29/now,test-1155,6,policy_decision,5.455993232317269e-06,True,0
B/initial/test-1155/29/now,test-1155,8,OFFLINE_RESTORE,0.03755678799643647,False,252
B/initial/test-1155/29/now,test-1155,8,decode,1.6829767579911277,True,69
B/initial/test-1155/29/now,test-1155,9,verify_call,0.24715865800681058,True,262
B/initial/test-1155/29/delay1,test-1155,3,policy_decision,8.363000233657658e-06,True,0
B/initial/test-1155/29/delay1,test-1155,5,OFFLINE_RESTORE,0.038820785004645586,False,252
B/initial/test-1155/29/delay1,test-1155,5,decode,1.740123316005338,True,69
B/initial/test-1155/29/delay1,test-1155,6,verify_call,0.24786734500958119,True,262
B/initial/test-1155/29/delay2,test-1155,3,policy_decision,7.294001989066601e-06,True,0
B/initial/test-1155/29/delay2,test-1155,5,OFFLINE_RESTORE,0.037807276006788015,False,252
B/initial/test-1155/29/delay2,test-1155,5,decode,1.7563563830044586,True,69
B/initial/test-1155/29/delay2,test-1155,6,verify_call,0.24977827198745217,True,262
B/initial/test-1155/29/endpoint_only,test-1155,3,policy_decision,3.0130031518638134e-06,True,0
B/initial/test-1155/29/endpoint_only,test-1155,5,OFFLINE_RESTORE,0.03810247300134506,False,252
B/initial/test-1155/29/endpoint_only,test-1155,5,decode,1.7367321380006615,True,69
B/initial/test-1155/29/endpoint_only,test-1155,6,verify_call,0.2485760240087984,True,262
B/initial/test-1155/43/now,test-1155,3,verify_call,0.20679541799472645,True,193
B/initial/test-1155/43/now,test-1155,6,policy_decision,5.005000275559723e-06,True,0
B/initial/test-1155/43/now,test-1155,8,OFFLINE_RESTORE,0.03810882900143042,False,252
B/initial/test-1155/43/now,test-1155,8,decode,1.4149023439968005,True,58
B/initial/test-1155/43/now,test-1155,9,verify_call,0.20845840699621476,True,251
B/initial/test-1155/43/delay1,test-1155,3,policy_decision,7.852009730413556e-06,True,0
B/initial/test-1155/43/delay1,test-1155,5,OFFLINE_RESTORE,0.03774106298806146,False,252
B/initial/test-1155/43/delay1,test-1155,5,decode,1.462745962999179,True,58
B/initial/test-1155/43/delay1,test-1155,6,verify_call,0.2102359699929366,True,251
B/initial/test-1155/43/delay2,test-1155,3,policy_decision,6.653004675172269e-06,True,0
B/initial/test-1155/43/delay2,test-1155,5,OFFLINE_RESTORE,0.03778058500029147,False,252
B/initial/test-1155/43/delay2,test-1155,5,decode,1.43439952400513,True,58
B/initial/test-1155/43/delay2,test-1155,6,verify_call,0.20791693999490235,True,251
B/initial/test-1155/43/endpoint_only,test-1155,3,policy_decision,3.948996891267598e-06,True,0
B/initial/test-1155/43/endpoint_only,test-1155,5,OFFLINE_RESTORE,0.03907654600334354,False,252
B/initial/test-1155/43/endpoint_only,test-1155,5,decode,1.4730279560026247,True,58
B/initial/test-1155/43/endpoint_only,test-1155,6,verify_call,0.20827232000010554,True,251
B/initial/test-135/17/now,test-135,3,verify_call,0.18165278100059368,True,149
B/initial/test-135/17/now,test-135,6,policy_decision,4.972011083737016e-06,True,0
B/initial/test-135/17/now,test-135,8,OFFLINE_RESTORE,0.036697306990390643,False,208
B/initial/test-135/17/now,test-135,8,decode,1.3144795639964286,True,54
B/initial/test-135/17/now,test-135,9,verify_call,0.2086494590039365,True,203
B/initial/test-135/17/now,test-135,12,policy_decision,7.854003342799842e-06,True,0
B/initial/test-135/17/now,test-135,13,FAIL_RESTORE,0.04884537900215946,True,265
B/initial/test-135/17/now,test-135,13,decode,2.9189123950054636,True,112
B/initial/test-135/17/now,test-135,14,verify_call,0.21282134899229277,True,254
B/initial/test-135/17/now,test-135,17,policy_decision,1.0563991963863373e-05,True,0
B/initial/test-135/17/now,test-135,18,FAIL_RESTORE,0.050197501012007706,True,265
B/initial/test-135/17/now,test-135,18,decode,3.492773808990023,True,135
B/initial/test-135/17/now,test-135,19,verify_call,0.21132699299778324,True,256
B/initial/test-135/17/now,test-135,22,policy_decision,2.6110996259376407e-05,True,0
B/initial/test-135/17/now,test-135,23,FAIL_RESTORE,0.05031212800531648,True,265
B/initial/test-135/17/now,test-135,23,decode,2.477539584011538,True,95
B/initial/test-135/17/now,test-135,24,verify_call,0.2095748249994358,True,237
B/initial/test-135/17/now,test-135,27,policy_decision,4.522901144810021e-05,True,0
B/initial/test-135/17/now,test-135,28,FAIL_RESTORE,0.0544424339896068,True,265
B/initial/test-135/17/now,test-135,28,decode,2.116464190010447,True,87
B/initial/test-135/17/now,test-135,29,verify_call,0.2138400179974269,True,229
B/initial/test-135/17/delay1,test-135,3,policy_decision,8.946997695602477e-06,True,0
B/initial/test-135/17/delay1,test-135,5,OFFLINE_RESTORE,0.037746791989775375,False,208
B/initial/test-135/17/delay1,test-135,5,decode,1.3528197499981616,True,54
B/initial/test-135/17/delay1,test-135,6,verify_call,0.20982888599974103,True,203
B/initial/test-135/17/delay1,test-135,9,policy_decision,8.418996003456414e-06,True,0
B/initial/test-135/17/delay1,test-135,10,FAIL_RESTORE,0.033141437990707345,True,189
B/initial/test-135/17/delay1,test-135,10,decode,3.205044550006278,True,122
B/initial/test-135/17/delay1,test-135,11,verify_call,0.1945840000116732,True,188
B/initial/test-135/17/delay1,test-135,14,policy_decision,1.1832002201117575e-05,True,0
B/initial/test-135/17/delay1,test-135,15,FAIL_RESTORE,0.032820751002873294,True,189
B/initial/test-135/17/delay1,test-135,15,decode,2.362711545007187,True,91
B/initial/test-135/17/delay1,test-135,16,verify_call,0.18268457999511156,True,151
B/initial/test-135/17/delay1,test-135,19,policy_decision,1.3723998563364148e-05,True,0
B/initial/test-135/17/delay1,test-135,21,OFFLINE_RESTORE,0.049283328000456095,False,280
B/initial/test-135/17/delay1,test-135,21,decode,0.9365749540011166,True,37
B/initial/test-135/17/delay1,test-135,22,verify_call,0.1918231529998593,True,189
B/initial/test-135/17/delay2,test-135,3,policy_decision,6.85499981045723e-06,True,0
B/initial/test-135/17/delay2,test-135,5,OFFLINE_RESTORE,0.03689026199572254,False,208
B/initial/test-135/17/delay2,test-135,5,decode,1.3393329919927055,True,54
B/initial/test-135/17/delay2,test-135,6,verify_call,0.20953709099558182,True,203
B/initial/test-135/17/delay2,test-135,9,policy_decision,9.962008334696293e-06,True,0
B/initial/test-135/17/delay2,test-135,10,FAIL_RESTORE,0.03252103900013026,True,189
B/initial/test-135/17/delay2,test-135,10,decode,3.1040658109996,True,122
B/initial/test-135/17/delay2,test-135,11,verify_call,0.1939026920008473,True,188
B/initial/test-135/17/delay2,test-135,14,policy_decision,9.755007340572774e-06,True,0
B/initial/test-135/17/delay2,test-135,15,FAIL_RESTORE,0.03558200199040584,True,189
B/initial/test-135/17/delay2,test-135,15,decode,2.3800978180079255,True,91
B/initial/test-135/17/delay2,test-135,16,verify_call,0.18243798300682101,True,151
B/initial/test-135/17/delay2,test-135,19,policy_decision,1.6694000805728137e-05,True,0
B/initial/test-135/17/delay2,test-135,21,OFFLINE_RESTORE,0.04915903999062721,False,280
B/initial/test-135/17/delay2,test-135,21,decode,0.9398864760005381,True,37
B/initial/test-135/17/delay2,test-135,22,verify_call,0.1927354849904077,True,189
B/initial/test-135/17/endpoint_only,test-135,3,policy_decision,3.5380071494728327e-06,True,0
B/initial/test-135/17/endpoint_only,test-135,5,OFFLINE_RESTORE,0.03761716900044121,False,208
B/initial/test-135/17/endpoint_only,test-135,5,decode,1.3682579469896154,True,54
B/initial/test-135/17/endpoint_only,test-135,6,verify_call,0.20949981600278988,True,203
B/initial/test-135/17/endpoint_only,test-135,9,policy_decision,2.7479982236400247e-06,True,0
B/initial/test-135/17/endpoint_only,test-135,10,FAIL_RESTORE,0.032057656993856654,True,189
B/initial/test-135/17/endpoint_only,test-135,10,decode,3.1519832990015857,True,122
B/initial/test-135/17/endpoint_only,test-135,11,verify_call,0.19189559199730866,True,188
B/initial/test-135/17/endpoint_only,test-135,14,policy_decision,3.998997271992266e-06,True,0
B/initial/test-135/17/endpoint_only,test-135,15,FAIL_RESTORE,0.03343745799793396,True,189
B/initial/test-135/17/endpoint_only,test-135,15,decode,3.351914216997102,True,128
B/initial/test-135/17/endpoint_only,test-135,16,verify_call,0.19143870900734328,True,189
B/initial/test-135/29/now,test-135,3,verify_call,0.18279036099556834,True,149
B/initial/test-135/29/now,test-135,6,policy_decision,5.837006028741598e-06,True,0
B/initial/test-135/29/now,test-135,8,OFFLINE_RESTORE,0.03708213700156193,False,208
B/initial/test-135/29/now,test-135,8,decode,1.7902146529959282,True,70
B/initial/test-135/29/now,test-135,9,verify_call,0.20839880000858102,True,219
B/initial/test-135/29/now,test-135,12,policy_decision,8.072995115071535e-06,True,0
B/initial/test-135/29/now,test-135,13,FAIL_RESTORE,0.054954380000708625,True,265
B/initial/test-135/29/now,test-135,13,decode,3.0355386350129265,True,117
B/initial/test-135/29/now,test-135,14,verify_call,0.2497327140008565,True,262
B/initial/test-135/29/now,test-135,17,policy_decision,7.66200537327677e-06,True,0
B/initial/test-135/29/now,test-135,18,FAIL_RESTORE,0.04961554599867668,True,265
B/initial/test-135/29/now,test-135,18,decode,6.078154998001992,True,235
B/initial/test-135/29/now,test-135,19,verify_call,0.27521031801006757,True,377
B/initial/test-135/29/now,test-135,22,policy_decision,1.248900662176311e-05,True,0
B/initial/test-135/29/now,test-135,23,FAIL_RESTORE,0.04867964000732172,True,265
B/initial/test-135/29/now,test-135,23,decode,2.273156676994404,True,87
B/initial/test-135/29/now,test-135,24,verify_call,0.20973613100068178,True,232
B/initial/test-135/29/now,test-135,27,policy_decision,1.9574988982640207e-05,True,0
B/initial/test-135/29/now,test-135,28,FAIL_RESTORE,0.04899366399331484,True,265
B/initial/test-135/29/now,test-135,28,decode,4.138344659993891,True,162
B/initial/test-135/29/now,test-135,29,verify_call,0.2559477299946593,True,304
B/initial/test-135/29/delay1,test-135,3,policy_decision,6.3920015236362815e-06,True,0
B/initial/test-135/29/delay1,test-135,5,OFFLINE_RESTORE,0.03685364199918695,False,208
B/initial/test-135/29/delay1,test-135,5,decode,1.7456581290025497,True,70
B/initial/test-135/29/delay1,test-135,6,verify_call,0.20892483199713752,True,219
B/initial/test-135/29/delay1,test-135,9,policy_decision,1.2096003047190607e-05,True,0
B/initial/test-135/29/delay1,test-135,10,FAIL_RESTORE,0.03283278000890277,True,189
B/initial/test-135/29/delay1,test-135,10,decode,1.9136400739953388,True,72
B/initial/test-135/29/delay1,test-135,11,verify_call,0.18367484900227282,True,142
B/initial/test-135/29/delay1,test-135,14,policy_decision,1.1451993486844003e-05,True,0
B/initial/test-135/29/delay1,test-135,15,FAIL_RESTORE,0.032904697000049055,True,189
B/initial/test-135/29/delay1,test-135,15,decode,2.254774081011419,True,86
B/initial/test-135/29/delay1,test-135,16,verify_call,0.18153632000030484,True,147
B/initial/test-135/29/delay1,test-135,19,policy_decision,1.239500124938786e-05,True,0
B/initial/test-135/29/delay1,test-135,21,OFFLINE_RESTORE,0.049050777990487404,False,275
B/initial/test-135/29/delay1,test-135,21,decode,0.9607764200045494,True,37
B/initial/test-135/29/delay1,test-135,22,verify_call,0.19415302800189238,True,184
B/initial/test-135/29/delay2,test-135,3,policy_decision,6.433998350985348e-06,True,0
B/initial/test-135/29/delay2,test-135,5,OFFLINE_RESTORE,0.03722542400646489,False,208
B/initial/test-135/29/delay2,test-135,5,decode,1.7752776320121484,True,70
B/initial/test-135/29/delay2,test-135,6,verify_call,0.21071389100688975,True,219
B/initial/test-135/29/delay2,test-135,9,policy_decision,9.258001227863133e-06,True,0
B/initial/test-135/29/delay2,test-135,10,FAIL_RESTORE,0.03251800898578949,True,189
B/initial/test-135/29/delay2,test-135,10,decode,1.8595774190034717,True,72
B/initial/test-135/29/delay2,test-135,11,verify_call,0.18221400100446772,True,142
B/initial/test-135/29/delay2,test-135,14,policy_decision,1.184799475595355e-05,True,0
B/initial/test-135/29/delay2,test-135,15,FAIL_RESTORE,0.03379750200838316,True,189
B/initial/test-135/29/delay2,test-135,15,decode,2.2405192949954653,True,86
B/initial/test-135/29/delay2,test-135,16,verify_call,0.1826758940005675,True,147
B/initial/test-135/29/delay2,test-135,19,policy_decision,8.830000297166407e-06,True,0
B/initial/test-135/29/delay2,test-135,21,OFFLINE_RESTORE,0.049761504007619806,False,275
B/initial/test-135/29/delay2,test-135,21,decode,0.940978910002741,True,37
B/initial/test-135/29/delay2,test-135,22,verify_call,0.19258132299000863,True,184
B/initial/test-135/29/endpoint_only,test-135,3,policy_decision,3.1669915188103914e-06,True,0
B/initial/test-135/29/endpoint_only,test-135,5,OFFLINE_RESTORE,0.03684996900847182,False,208
B/initial/test-135/29/endpoint_only,test-135,5,decode,1.7670352649874985,True,70
B/initial/test-135/29/endpoint_only,test-135,6,verify_call,0.20972571599122602,True,219
B/initial/test-135/29/endpoint_only,test-135,9,policy_decision,2.6500056264922023e-06,True,0
B/initial/test-135/29/endpoint_only,test-135,10,FAIL_RESTORE,0.033321422000881284,True,189
B/initial/test-135/29/endpoint_only,test-135,10,decode,1.8411373979906784,True,72
B/initial/test-135/29/endpoint_only,test-135,11,verify_call,0.18390052199538331,True,142
B/initial/test-135/29/endpoint_only,test-135,14,policy_decision,4.230998456478119e-06,True,0
B/initial/test-135/29/endpoint_only,test-135,15,FAIL_RESTORE,0.03285550499276724,True,189
B/initial/test-135/29/endpoint_only,test-135,15,decode,3.403203433001181,True,130
B/initial/test-135/29/endpoint_only,test-135,16,verify_call,0.1914016439986881,True,192
B/initial/test-135/43/now,test-135,3,verify_call,0.18183757000952028,True,149
B/initial/test-135/43/now,test-135,6,policy_decision,5.137990228831768e-06,True,0
B/initial/test-135/43/now,test-135,8,OFFLINE_RESTORE,0.03696758700243663,False,208
B/initial/test-135/43/now,test-135,8,decode,1.3815174990013475,True,53
B/initial/test-135/43/now,test-135,9,verify_call,0.20905987499281764,True,202
B/initial/test-135/43/now,test-135,12,policy_decision,7.0789974415674806e-06,True,0
B/initial/test-135/43/now,test-135,13,FAIL_RESTORE,0.04877412799396552,True,265
B/initial/test-135/43/now,test-135,13,decode,3.5809866659983527,True,130
B/initial/test-135/43/now,test-135,14,verify_call,0.24844440599554218,True,275
B/initial/test-135/43/now,test-135,17,policy_decision,1.1317999451421201e-05,True,0
B/initial/test-135/43/now,test-135,18,FAIL_RESTORE,0.049456419001217,True,265
B/initial/test-135/43/now,test-135,18,decode,1.969981469999766,True,76
B/initial/test-135/43/now,test-135,19,verify_call,0.2091216310072923,True,219
B/initial/test-135/43/now,test-135,22,policy_decision,1.0707008186727762e-05,True,0
B/initial/test-135/43/now,test-135,23,FAIL_RESTORE,0.04927389699150808,True,265
B/initial/test-135/43/now,test-135,23,decode,2.915580068001873,True,112
B/initial/test-135/43/delay1,test-135,3,policy_decision,6.901987944729626e-06,True,0
B/initial/test-135/43/delay1,test-135,5,OFFLINE_RESTORE,0.03706701900227927,False,208
B/initial/test-135/43/delay1,test-135,5,decode,1.3997662570036482,True,53
B/initial/test-135/43/delay1,test-135,6,verify_call,0.20917977699718904,True,202
B/initial/test-135/43/delay1,test-135,9,policy_decision,7.727998308837414e-06,True,0
B/initial/test-135/43/delay1,test-135,10,FAIL_RESTORE,0.033037032990250736,True,189
B/initial/test-135/43/delay1,test-135,10,decode,2.523359533006442,True,99
B/initial/test-135/43/delay1,test-135,11,verify_call,0.18932885200774763,True,169
B/initial/test-135/43/delay2,test-135,3,policy_decision,7.788999937474728e-06,True,0
B/initial/test-135/43/delay2,test-135,5,OFFLINE_RESTORE,0.03832463799335528,False,208
B/initial/test-135/43/delay2,test-135,5,decode,1.3945786760014016,True,53
B/initial/test-135/43/delay2,test-135,6,verify_call,0.20941675499489065,True,202
B/initial/test-135/43/delay2,test-135,9,policy_decision,6.507994839921594e-06,True,0
B/initial/test-135/43/delay2,test-135,10,FAIL_RESTORE,0.03198304800025653,True,189
B/initial/test-135/43/delay2,test-135,10,decode,2.528707923993352,True,99
B/initial/test-135/43/delay2,test-135,11,verify_call,0.18943740898976102,True,169
B/initial/test-135/43/endpoint_only,test-135,3,policy_decision,2.509012119844556e-06,True,0
B/initial/test-135/43/endpoint_only,test-135,5,OFFLINE_RESTORE,0.03765037900302559,False,208
B/initial/test-135/43/endpoint_only,test-135,5,decode,1.3546718750003492,True,53
B/initial/test-135/43/endpoint_only,test-135,6,verify_call,0.20918364300450776,True,202
B/initial/test-135/43/endpoint_only,test-135,9,policy_decision,3.3669930417090654e-06,True,0
B/initial/test-135/43/endpoint_only,test-135,10,FAIL_RESTORE,0.03417113400064409,True,189
B/initial/test-135/43/endpoint_only,test-135,10,decode,2.538448574996437,True,99
B/initial/test-135/43/endpoint_only,test-135,11,verify_call,0.1883050679898588,True,169
B/initial/test-450/17/now,test-450,3,verify_call,0.18333061499288306,True,145
B/initial/test-450/17/now,test-450,6,policy_decision,5.032998160459101e-06,True,0
B/initial/test-450/17/now,test-450,8,OFFLINE_RESTORE,0.03758044399728533,False,204
B/initial/test-450/17/now,test-450,8,decode,4.664848353000707,True,181
B/initial/test-450/17/now,test-450,9,verify_call,0.2524774249905022,True,314
B/initial/test-450/17/now,test-450,12,policy_decision,1.3587006833404303e-05,True,0
B/initial/test-450/17/now,test-450,14,OFFLINE_RESTORE,0.067818998999428,False,385
B/initial/test-450/17/now,test-450,14,decode,2.5936816229950637,True,100
B/initial/test-450/17/now,test-450,15,verify_call,0.3142512449994683,True,402
B/initial/test-450/17/now,test-450,18,policy_decision,1.4856996131129563e-05,True,0
B/initial/test-450/17/now,test-450,19,FAIL_RESTORE,0.06569848199433181,True,442
B/initial/test-450/17/now,test-450,19,decode,3.716960541001754,True,139
B/initial/test-450/17/now,test-450,20,verify_call,0.3319457129982766,True,437
B/initial/test-450/17/now,test-450,23,policy_decision,1.611499465070665e-05,True,0
B/initial/test-450/17/now,test-450,25,OFFLINE_RESTORE,0.08589222599403001,False,581
B/initial/test-450/17/now,test-450,25,decode,0.9757969659985974,True,39
B/initial/test-450/17/now,test-450,26,verify_call,0.39942374400561675,True,537
B/initial/test-450/17/delay1,test-450,3,policy_decision,5.816997145302594e-06,True,0
B/initial/test-450/17/delay1,test-450,5,OFFLINE_RESTORE,0.03685739300271962,False,204
B/initial/test-450/17/delay1,test-450,5,decode,0.5853579700051341,True,24
B/initial/test-450/17/delay1,test-450,6,verify_call,0.19022650599072222,True,166
B/initial/test-450/17/delay1,test-450,9,policy_decision,7.099995855242014e-06,True,0
B/initial/test-450/17/delay1,test-450,11,OFFLINE_RESTORE,0.03952421899884939,False,228
B/initial/test-450/17/delay1,test-450,11,decode,4.8478888560057385,True,187
B/initial/test-450/17/delay1,test-450,12,verify_call,0.27021623399923556,True,341
B/initial/test-450/17/delay1,test-450,15,policy_decision,9.818002581596375e-06,True,0
B/initial/test-450/17/delay1,test-450,17,OFFLINE_RESTORE,0.06577531101356726,False,415
B/initial/test-450/17/delay1,test-450,17,decode,3.0581170600053156,True,119
B/initial/test-450/17/delay1,test-450,18,verify_call,0.3305996159906499,True,447
B/initial/test-450/17/delay1,test-450,21,policy_decision,1.4952995115891099e-05,True,0
B/initial/test-450/17/delay1,test-450,22,FAIL_RESTORE,0.07166072499239817,True,472
B/initial/test-450/17/delay1,test-450,22,decode,5.7319450470095035,True,216
B/initial/test-450/17/delay1,test-450,23,verify_call,0.3972331979894079,True,540
B/initial/test-450/17/delay1,test-450,26,policy_decision,1.4931007171981037e-05,True,0
B/initial/test-450/17/delay1,test-450,27,FAIL_RESTORE,0.06941666999773588,True,472
B/initial/test-450/17/delay1,test-450,27,decode,4.776715498010162,True,176
B/initial/test-450/17/delay2,test-450,3,policy_decision,5.616006092168391e-06,True,0
B/initial/test-450/17/delay2,test-450,5,OFFLINE_RESTORE,0.03755202601314522,False,204
B/initial/test-450/17/delay2,test-450,5,decode,1.8700614819972543,True,73
B/initial/test-450/17/delay2,test-450,6,verify_call,0.21038526100164745,True,212
B/initial/test-450/17/delay2,test-450,9,policy_decision,7.462003850378096e-06,True,0
B/initial/test-450/17/delay2,test-450,11,OFFLINE_RESTORE,0.049840428997413255,False,277
B/initial/test-450/17/delay2,test-450,11,decode,4.229297432000749,True,165
B/initial/test-450/17/delay2,test-450,12,verify_call,0.2706409789971076,True,365
B/initial/test-450/17/delay2,test-450,15,policy_decision,7.92699574958533e-06,True,0
B/initial/test-450/17/delay2,test-450,17,OFFLINE_RESTORE,0.06495811000058893,False,442
B/initial/test-450/17/delay2,test-450,17,decode,2.245869557009428,True,86
B/initial/test-450/17/delay2,test-450,18,verify_call,0.32879513800435234,True,445
B/initial/test-450/17/delay2,test-450,21,policy_decision,1.585400605108589e-05,True,0
B/initial/test-450/17/delay2,test-450,22,FAIL_RESTORE,0.07147340899973642,True,499
B/initial/test-450/17/delay2,test-450,22,decode,3.308507912006462,True,127
B/initial/test-450/17/delay2,test-450,23,verify_call,0.33425941900350153,True,475
B/initial/test-450/17/delay2,test-450,26,policy_decision,1.018799957819283e-05,True,0
B/initial/test-450/17/delay2,test-450,27,FAIL_RESTORE,0.07048198601114564,True,499
B/initial/test-450/17/delay2,test-450,27,decode,3.1674075429909863,True,123
B/initial/test-450/17/delay2,test-450,28,verify_call,0.33469483999942895,True,469
B/initial/test-450/17/delay2,test-450,31,policy_decision,2.814999606925994e-05,True,0
B/initial/test-450/17/delay2,test-450,32,FAIL_RESTORE,0.07263228599913418,True,501
B/initial/test-450/17/delay2,test-450,32,decode,8.557332753000082,True,328
B/initial/test-450/17/delay2,test-450,33,verify_call,0.47029081800428685,True,677
B/initial/test-450/17/endpoint_only,test-450,3,policy_decision,2.6049965526908636e-06,True,0
B/initial/test-450/17/endpoint_only,test-450,5,OFFLINE_RESTORE,0.03741251699102577,False,204
B/initial/test-450/17/endpoint_only,test-450,5,decode,8.090072241000598,True,317
B/initial/test-450/29/now,test-450,3,verify_call,0.1814675039931899,True,145
B/initial/test-450/29/now,test-450,6,policy_decision,4.754008841700852e-06,True,0
B/initial/test-450/29/now,test-450,8,OFFLINE_RESTORE,0.03691720200004056,False,204
B/initial/test-450/29/now,test-450,8,decode,6.899077142996248,True,261
B/initial/test-450/29/now,test-450,9,verify_call,0.31475210101052653,True,394
B/initial/test-450/29/now,test-450,12,policy_decision,1.0431002010591328e-05,True,0
B/initial/test-450/29/now,test-450,13,FAIL_RESTORE,0.050499086995841935,True,261
B/initial/test-450/29/now,test-450,13,decode,44.303550732001895,True,1747
B/initial/test-450/29/delay1,test-450,3,policy_decision,5.566005711443722e-06,True,0
B/initial/test-450/29/delay1,test-450,5,OFFLINE_RESTORE,0.037156595004489645,False,204
B/initial/test-450/29/delay1,test-450,5,decode,2.258001538008102,True,91
B/initial/test-450/29/delay1,test-450,6,verify_call,0.2084027750097448,True,233
B/initial/test-450/29/delay1,test-450,9,policy_decision,8.513001375831664e-06,True,0
B/initial/test-450/29/delay1,test-450,11,OFFLINE_RESTORE,0.04989325700444169,False,295
B/initial/test-450/29/delay1,test-450,11,decode,6.481020309991436,True,252
B/initial/test-450/29/delay1,test-450,12,verify_call,0.32976129099552054,True,473
B/initial/test-450/29/delay1,test-450,15,policy_decision,1.1191004887223244e-05,True,0
B/initial/test-450/29/delay1,test-450,16,FAIL_RESTORE,0.05294698900252115,True,352
B/initial/test-450/29/delay1,test-450,16,decode,7.785523344995454,True,298
B/initial/test-450/29/delay1,test-450,17,verify_call,0.3925762040016707,True,515
B/initial/test-450/29/delay1,test-450,20,policy_decision,1.0532996384426951e-05,True,0
B/initial/test-450/29/delay1,test-450,21,FAIL_RESTORE,0.05256141399149783,True,352
B/initial/test-450/29/delay1,test-450,21,decode,4.175771251000697,True,157
B/initial/test-450/29/delay1,test-450,22,verify_call,0.27421684699947946,True,374
B/initial/test-450/29/delay1,test-450,25,policy_decision,1.4546996681019664e-05,True,0
B/initial/test-450/29/delay1,test-450,27,OFFLINE_RESTORE,0.06857316200330388,False,509
B/initial/test-450/29/delay1,test-450,27,decode,3.3728726300032577,True,131
B/initial/test-450/29/delay1,test-450,28,verify_call,0.39486451300035696,True,551
B/initial/test-450/29/delay1,test-450,30,policy_decision,2.2293999791145325e-05,True,0
B/initial/test-450/29/delay1,test-450,32,OFFLINE_RESTORE,0.08957096700032707,False,640
B/initial/test-450/29/delay1,test-450,32,decode,2.8529875310050556,True,109
B/initial/test-450/29/delay2,test-450,3,policy_decision,7.274997187778354e-06,True,0
B/initial/test-450/29/delay2,test-450,5,OFFLINE_RESTORE,0.03728440600389149,False,204
B/initial/test-450/29/delay2,test-450,5,decode,3.9696898969996255,True,155
B/initial/test-450/29/delay2,test-450,6,verify_call,0.2510792160028359,True,294
B/initial/test-450/29/delay2,test-450,9,policy_decision,8.678995072841644e-06,True,0
B/initial/test-450/29/delay2,test-450,11,OFFLINE_RESTORE,0.05368051400000695,False,359
B/initial/test-450/29/delay2,test-450,11,decode,5.344252397000673,True,207
B/initial/test-450/29/delay2,test-450,12,verify_call,0.32929593199514784,True,489
B/initial/test-450/29/delay2,test-450,15,policy_decision,9.682000381872058e-06,True,0
B/initial/test-450/29/delay2,test-450,16,FAIL_RESTORE,0.06788177900307346,True,416
B/initial/test-450/29/delay2,test-450,16,decode,5.146926740999334,True,195
B/initial/test-450/29/delay2,test-450,17,verify_call,0.3303279790125089,True,473
B/initial/test-450/29/delay2,test-450,20,policy_decision,1.5348996385000646e-05,True,0
B/initial/test-450/29/delay2,test-450,21,FAIL_RESTORE,0.06831475699436851,True,416
B/initial/test-450/29/delay2,test-450,21,decode,7.3151447720010765,True,277
B/initial/test-450/29/delay2,test-450,22,verify_call,0.3951100700069219,True,556
B/initial/test-450/29/delay2,test-450,25,policy_decision,1.413100108038634e-05,True,0
B/initial/test-450/29/delay2,test-450,26,FAIL_RESTORE,0.06553904699103441,True,416
B/initial/test-450/29/delay2,test-450,26,decode,5.7060473680030555,True,221
B/initial/test-450/29/delay2,test-450,27,verify_call,0.332319834997179,True,505
B/initial/test-450/29/delay2,test-450,30,policy_decision,1.9915998564101756e-05,True,0
B/initial/test-450/29/delay2,test-450,31,FAIL_RESTORE,0.06604576599784195,True,416
B/initial/test-450/29/delay2,test-450,31,decode,4.583910286004539,True,176
B/initial/test-450/29/delay2,test-450,32,verify_call,0.3315805860038381,True,454
B/initial/test-450/29/endpoint_only,test-450,3,policy_decision,3.086999640800059e-06,True,0
B/initial/test-450/29/endpoint_only,test-450,5,OFFLINE_RESTORE,0.03722104799817316,False,204
B/initial/test-450/29/endpoint_only,test-450,5,decode,47.98055522200593,True,1844
B/initial/test-450/43/now,test-450,3,verify_call,0.18364234699402004,True,145
B/initial/test-450/43/now,test-450,6,policy_decision,1.032699947245419e-05,True,0
B/initial/test-450/43/now,test-450,8,OFFLINE_RESTORE,0.03728093700192403,False,204
B/initial/test-450/43/now,test-450,8,decode,4.171712764989934,True,161
B/initial/test-450/43/now,test-450,9,verify_call,0.24863012999412604,True,295
B/initial/test-450/43/now,test-450,12,policy_decision,1.1451993486844003e-05,True,0
B/initial/test-450/43/now,test-450,13,FAIL_RESTORE,0.04877075400145259,True,261
B/initial/test-450/43/now,test-450,13,decode,9.562440707988571,True,365
B/initial/test-450/43/now,test-450,14,verify_call,0.3334402320033405,True,494
B/initial/test-450/43/now,test-450,17,policy_decision,1.186599547509104e-05,True,0
B/initial/test-450/43/now,test-450,18,FAIL_RESTORE,0.04909073900489602,True,261
B/initial/test-450/43/now,test-450,18,decode,6.17656100000022,True,236
B/initial/test-450/43/now,test-450,19,verify_call,0.2703894160076743,True,369
B/initial/test-450/43/now,test-450,22,policy_decision,1.797100412659347e-05,True,0
B/initial/test-450/43/now,test-450,23,FAIL_RESTORE,0.048464021005202085,True,261
B/initial/test-450/43/now,test-450,23,decode,4.266369143006159,True,167
B/initial/test-450/43/now,test-450,24,verify_call,0.24932696900214069,True,296
B/initial/test-450/43/now,test-450,27,policy_decision,1.9942002836614847e-05,True,0
B/initial/test-450/43/now,test-450,28,FAIL_RESTORE,0.049020479011232965,True,261
B/initial/test-450/43/now,test-450,28,decode,0.15562016899639275,True,7
B/initial/test-450/43/now,test-450,29,verify_call,0.1818634280061815,True,152
B/initial/test-450/43/delay1,test-450,3,policy_decision,1.2283009709790349e-05,True,0
B/initial/test-450/43/delay1,test-450,5,OFFLINE_RESTORE,0.03711725400353316,False,204
B/initial/test-450/43/delay1,test-450,5,decode,0.5955002070113551,True,24
B/initial/test-450/43/delay1,test-450,6,verify_call,0.1892589459894225,True,166
B/initial/test-450/43/delay1,test-450,9,policy_decision,5.9820013120770454e-06,True,0
B/initial/test-450/43/delay1,test-450,11,OFFLINE_RESTORE,0.03806883499782998,False,228
B/initial/test-450/43/delay1,test-450,11,decode,4.255752572993515,True,166
B/initial/test-450/43/delay1,test-450,12,verify_call,0.2673981849948177,True,322
B/initial/test-450/43/delay1,test-450,15,policy_decision,1.2051998055540025e-05,True,0
B/initial/test-450/43/delay1,test-450,16,FAIL_RESTORE,0.05033481000282336,True,285
B/initial/test-450/43/delay1,test-450,16,decode,3.662389669989352,True,141
B/initial/test-450/43/delay1,test-450,17,verify_call,0.2487419469980523,True,291
B/initial/test-450/43/delay1,test-450,20,policy_decision,1.005300146061927e-05,True,0
B/initial/test-450/43/delay1,test-450,21,FAIL_RESTORE,0.04941538099956233,True,285
B/initial/test-450/43/delay1,test-450,21,decode,6.719395337000606,True,260
B/initial/test-450/43/delay2,test-450,3,policy_decision,6.586997187696397e-06,True,0
B/initial/test-450/43/delay2,test-450,5,OFFLINE_RESTORE,0.03711347900389228,False,204
B/initial/test-450/43/delay2,test-450,5,decode,2.5257128380035283,True,103
B/initial/test-450/43/delay2,test-450,6,verify_call,0.2092914909881074,True,242
B/initial/test-450/43/delay2,test-450,9,policy_decision,8.046001312322915e-06,True,0
B/initial/test-450/43/delay2,test-450,10,FAIL_RESTORE,0.03791753599944059,True,225
B/initial/test-450/43/delay2,test-450,10,decode,3.7637640190077946,True,140
B/initial/test-450/43/delay2,test-450,11,verify_call,0.20602876298653428,True,236
B/initial/test-450/43/delay2,test-450,14,policy_decision,8.47400224301964e-06,True,0
B/initial/test-450/43/delay2,test-450,15,FAIL_RESTORE,0.03820241498760879,True,225
B/initial/test-450/43/delay2,test-450,15,decode,4.8674723409931175,True,187
B/initial/test-450/43/delay2,test-450,16,verify_call,0.25040874200931285,True,295
B/initial/test-450/43/delay2,test-450,19,policy_decision,9.32699185796082e-06,True,0
B/initial/test-450/43/delay2,test-450,20,FAIL_RESTORE,0.03802089601231273,True,225
B/initial/test-450/43/delay2,test-450,20,decode,2.090161978994729,True,87
B/initial/test-450/43/delay2,test-450,21,verify_call,0.19240130198886618,True,183
B/initial/test-450/43/delay2,test-450,24,policy_decision,1.2989999959245324e-05,True,0
B/initial/test-450/43/delay2,test-450,26,OFFLINE_RESTORE,0.049552918993867934,False,312
B/initial/test-450/43/delay2,test-450,26,decode,2.5188437210017582,True,104
B/initial/test-450/43/delay2,test-450,27,verify_call,0.2473995899927104,True,279
B/initial/test-450/43/endpoint_only,test-450,3,policy_decision,2.5420013116672635e-06,True,0
B/initial/test-450/43/endpoint_only,test-450,5,OFFLINE_RESTORE,0.03762252000160515,False,204
B/initial/test-450/43/endpoint_only,test-450,5,decode,7.759042722987942,True,307
B/initial/test-450/43/endpoint_only,test-450,6,verify_call,0.3317956560058519,True,439
B/initial/test-450/43/endpoint_only,test-450,9,policy_decision,3.6740093491971493e-06,True,0
B/initial/test-450/43/endpoint_only,test-450,10,FAIL_RESTORE,0.0378418199979933,True,225
B/initial/test-450/43/endpoint_only,test-450,10,decode,6.360441483993782,True,244
B/initial/test-450/43/endpoint_only,test-450,11,verify_call,0.26681868100422435,True,328
B/initial/test-450/43/endpoint_only,test-450,14,policy_decision,3.702996764332056e-06,True,0
B/initial/test-450/43/endpoint_only,test-450,15,FAIL_RESTORE,0.03823432499484625,True,225
B/initial/test-450/43/endpoint_only,test-450,15,decode,9.273102288003429,True,355
B/initial/test-450/43/endpoint_only,test-450,16,verify_call,0.32990046999475453,True,444
B/initial/test-450/43/endpoint_only,test-450,19,policy_decision,3.915003617294133e-06,True,0
B/initial/test-450/43/endpoint_only,test-450,20,FAIL_RESTORE,0.03814268599671777,True,225
B/initial/test-450/43/endpoint_only,test-450,20,decode,5.540782996991766,True,222
B/initial/test-450/43/endpoint_only,test-450,21,verify_call,0.2542085250024684,True,310
B/initial/test-450/43/endpoint_only,test-450,24,policy_decision,3.775989171117544e-06,True,0
B/initial/test-450/43/endpoint_only,test-450,25,FAIL_RESTORE,0.038364389998605475,True,225
B/initial/test-450/43/endpoint_only,test-450,25,decode,5.588310956009082,True,228
B/initial/test-450/43/endpoint_only,test-450,26,verify_call,0.26882995301275514,True,324
B/initial/test-450/43/endpoint_only,test-450,29,policy_decision,3.0669907573610544e-06,True,0
B/initial/test-450/43/endpoint_only,test-450,30,FAIL_RESTORE,0.03784842298773583,True,225
B/initial/test-450/43/endpoint_only,test-450,30,decode,5.908016209010384,True,227
B/initial/test-450/43/endpoint_only,test-450,31,verify_call,0.2698676139989402,True,323
B/initial/test-518/17/now,test-518,3,verify_call,0.18926500299130566,True,178
B/initial/test-518/17/now,test-518,6,policy_decision,7.3260016506537795e-06,True,0
B/initial/test-518/17/now,test-518,8,OFFLINE_RESTORE,0.03872787598811556,False,237
B/initial/test-518/17/now,test-518,8,decode,7.47163467000064,True,287
B/initial/test-518/17/now,test-518,9,verify_call,0.32755334899411537,True,456
B/initial/test-518/17/delay1,test-518,3,policy_decision,6.4449995988979936e-06,True,0
B/initial/test-518/17/delay1,test-518,5,OFFLINE_RESTORE,0.05094485900190193,False,237
B/initial/test-518/17/delay1,test-518,5,decode,1.674746699995012,True,65
B/initial/test-518/17/delay1,test-518,6,verify_call,0.2092963780014543,True,240
B/initial/test-518/17/delay1,test-518,9,policy_decision,8.565999451093376e-06,True,0
B/initial/test-518/17/delay1,test-518,11,OFFLINE_RESTORE,0.04990530799841508,False,302
B/initial/test-518/17/delay1,test-518,11,decode,6.128890138003044,True,222
B/initial/test-518/17/delay1,test-518,12,verify_call,0.3287561769975582,True,456
B/initial/test-518/17/delay2,test-518,3,policy_decision,9.706986020319164e-06,True,0
B/initial/test-518/17/delay2,test-518,5,OFFLINE_RESTORE,0.03815774599206634,False,237
B/initial/test-518/17/delay2,test-518,5,decode,3.4181657489971258,True,137
B/initial/test-518/17/delay2,test-518,6,verify_call,0.25175377799314447,True,309
B/initial/test-518/17/delay2,test-518,9,policy_decision,7.073002052493393e-06,True,0
B/initial/test-518/17/delay2,test-518,11,OFFLINE_RESTORE,0.05417513899737969,False,374
B/initial/test-518/17/delay2,test-518,11,decode,3.8897415539977374,True,150
B/initial/test-518/17/delay2,test-518,12,verify_call,0.3296426529996097,True,456
B/initial/test-518/17/endpoint_only,test-518,3,policy_decision,2.9950024327263236e-06,True,0
B/initial/test-518/17/endpoint_only,test-518,5,OFFLINE_RESTORE,0.037722687993664294,False,237
B/initial/test-518/17/endpoint_only,test-518,5,decode,7.33182895698701,True,287
B/initial/test-518/17/endpoint_only,test-518,6,verify_call,0.33116150500427466,True,456
B/initial/test-518/29/now,test-518,3,verify_call,0.19049286500376184,True,178
B/initial/test-518/29/now,test-518,6,policy_decision,6.6020002122968435e-06,True,0
B/initial/test-518/29/now,test-518,8,OFFLINE_RESTORE,0.037769336995552294,False,237
B/initial/test-518/29/now,test-518,8,decode,6.114816717003123,True,232
B/initial/test-518/29/now,test-518,9,verify_call,0.3140173169958871,True,401
B/initial/test-518/29/delay1,test-518,3,policy_decision,7.719994755461812e-06,True,0
B/initial/test-518/29/delay1,test-518,5,OFFLINE_RESTORE,0.03841376298805699,False,237
B/initial/test-518/29/delay1,test-518,5,decode,1.6223002149927197,True,65
B/initial/test-518/29/delay1,test-518,6,verify_call,0.20925498500582762,True,240
B/initial/test-518/29/delay1,test-518,9,policy_decision,9.513998520560563e-06,True,0
B/initial/test-518/29/delay1,test-518,11,OFFLINE_RESTORE,0.05123215100320522,False,302
B/initial/test-518/29/delay1,test-518,11,decode,4.275221963995136,True,167
B/initial/test-518/29/delay1,test-518,12,verify_call,0.3146876419923501,True,401
B/initial/test-518/29/delay2,test-518,3,policy_decision,6.977992597967386e-06,True,0
B/initial/test-518/29/delay2,test-518,5,OFFLINE_RESTORE,0.038098532997537404,False,237
B/initial/test-518/29/delay2,test-518,5,decode,2.783436042998801,True,110
B/initial/test-518/29/delay2,test-518,6,verify_call,0.2503372310020495,True,282
B/initial/test-518/29/delay2,test-518,9,policy_decision,9.21900209505111e-06,True,0
B/initial/test-518/29/delay2,test-518,11,OFFLINE_RESTORE,0.055733534012688324,False,347
B/initial/test-518/29/delay2,test-518,11,decode,3.1257050440035528,True,122
B/initial/test-518/29/delay2,test-518,12,verify_call,0.31334534600318875,True,401
B/initial/test-518/29/endpoint_only,test-518,3,policy_decision,2.7470086934044957e-06,True,0
B/initial/test-518/29/endpoint_only,test-518,5,OFFLINE_RESTORE,0.03871326599619351,False,237
B/initial/test-518/29/endpoint_only,test-518,5,decode,5.85997331199178,True,232
B/initial/test-518/29/endpoint_only,test-518,6,verify_call,0.31895186999463476,True,401
B/initial/test-518/43/now,test-518,3,verify_call,0.1908838429953903,True,178
B/initial/test-518/43/now,test-518,6,policy_decision,5.442998372018337e-06,True,0
B/initial/test-518/43/now,test-518,8,OFFLINE_RESTORE,0.03772254100476857,False,237
B/initial/test-518/43/now,test-518,8,decode,7.190776229996118,True,279
B/initial/test-518/43/now,test-518,9,verify_call,0.3278871210059151,True,448
B/initial/test-518/43/delay1,test-518,3,policy_decision,6.500995368696749e-06,True,0
B/initial/test-518/43/delay1,test-518,5,OFFLINE_RESTORE,0.03859962501155678,False,237
B/initial/test-518/43/delay1,test-518,5,decode,1.532929855005932,True,61
B/initial/test-518/43/delay1,test-518,6,verify_call,0.20814717300527263,True,236
B/initial/test-518/43/delay1,test-518,9,policy_decision,7.244001608341932e-06,True,0
B/initial/test-518/43/delay1,test-518,11,OFFLINE_RESTORE,0.04995461000362411,False,298
B/initial/test-518/43/delay1,test-518,11,decode,5.515583226006129,True,217
B/initial/test-518/43/delay1,test-518,12,verify_call,0.32828359500854276,True,447
B/initial/test-518/43/delay2,test-518,3,policy_decision,1.3900003978051245e-05,True,0
B/initial/test-518/43/delay2,test-518,5,OFFLINE_RESTORE,0.038851863995660096,False,237
B/initial/test-518/43/delay2,test-518,5,decode,3.356558434010367,True,133
B/initial/test-518/43/delay2,test-518,6,verify_call,0.2516442900086986,True,305
B/initial/test-518/43/delay2,test-518,9,policy_decision,8.001006790436804e-06,True,0
B/initial/test-518/43/delay2,test-518,11,OFFLINE_RESTORE,0.05355628300458193,False,370
B/initial/test-518/43/delay2,test-518,11,decode,3.8956768219941296,True,149
B/initial/test-518/43/delay2,test-518,12,verify_call,0.3296137810102664,True,451
B/initial/test-518/43/endpoint_only,test-518,3,policy_decision,3.7749996408820152e-06,True,0
B/initial/test-518/43/endpoint_only,test-518,5,OFFLINE_RESTORE,0.038203179006814025,False,237
B/initial/test-518/43/endpoint_only,test-518,5,decode,7.2224161790072685,True,279
B/initial/test-518/43/endpoint_only,test-518,6,verify_call,0.3292104069987545,True,448
B/initial/test-1149/17/now,test-1149,3,verify_call,0.15221874900453258,True,84
B/initial/test-1149/17/now,test-1149,6,policy_decision,8.143993909470737e-06,True,0
B/initial/test-1149/17/now,test-1149,8,OFFLINE_RESTORE,0.033078589010983706,False,143
B/initial/test-1149/17/now,test-1149,8,decode,2.413393579001422,True,92
B/initial/test-1149/17/now,test-1149,9,verify_call,0.1878206340043107,True,172
B/initial/test-1149/17/delay1,test-1149,3,policy_decision,5.687004886567593e-06,True,0
B/initial/test-1149/17/delay1,test-1149,5,OFFLINE_RESTORE,0.03195158700691536,False,143
B/initial/test-1149/17/delay1,test-1149,5,decode,0.8598924779944355,True,34
B/initial/test-1149/17/delay1,test-1149,6,verify_call,0.15309631699346937,True,114
B/initial/test-1149/17/delay1,test-1149,9,policy_decision,6.803005817346275e-06,True,0
B/initial/test-1149/17/delay1,test-1149,11,OFFLINE_RESTORE,0.03338613599771634,False,177
B/initial/test-1149/17/delay1,test-1149,11,decode,1.4384455640101805,True,58
B/initial/test-1149/17/delay1,test-1149,12,verify_call,0.18809344399778638,True,172
B/initial/test-1149/17/delay2,test-1149,3,policy_decision,1.0624993592500687e-05,True,0
B/initial/test-1149/17/delay2,test-1149,5,OFFLINE_RESTORE,0.032356953000999056,False,143
B/initial/test-1149/17/delay2,test-1149,5,decode,2.3378813739982434,True,92
B/initial/test-1149/17/delay2,test-1149,6,verify_call,0.18836779899720568,True,172
B/initial/test-1149/17/endpoint_only,test-1149,3,policy_decision,2.5710032787173986e-06,True,0
B/initial/test-1149/17/endpoint_only,test-1149,5,OFFLINE_RESTORE,0.03234988800249994,False,143
B/initial/test-1149/17/endpoint_only,test-1149,5,decode,2.360082605999196,True,92
B/initial/test-1149/17/endpoint_only,test-1149,6,verify_call,0.1888931749999756,True,172
B/initial/test-1149/29/now,test-1149,3,verify_call,0.15185481899243314,True,84
B/initial/test-1149/29/now,test-1149,6,policy_decision,6.696005584672093e-06,True,0
B/initial/test-1149/29/now,test-1149,8,OFFLINE_RESTORE,0.032043826999142766,False,143
B/initial/test-1149/29/now,test-1149,8,decode,2.053177597990725,True,80
B/initial/test-1149/29/now,test-1149,9,verify_call,0.188634855003329,True,160
B/initial/test-1149/29/delay1,test-1149,3,policy_decision,5.812005838379264e-06,True,0
B/initial/test-1149/29/delay1,test-1149,5,OFFLINE_RESTORE,0.031940183995175175,False,143
B/initial/test-1149/29/delay1,test-1149,5,decode,0.8081250350078335,True,32
B/initial/test-1149/29/delay1,test-1149,6,verify_call,0.15352260500367265,True,112
B/initial/test-1149/29/delay1,test-1149,9,policy_decision,7.655005902051926e-06,True,0
B/initial/test-1149/29/delay1,test-1149,11,OFFLINE_RESTORE,0.03421075199730694,False,175
B/initial/test-1149/29/delay1,test-1149,11,decode,0.9492793829995207,True,36
B/initial/test-1149/29/delay1,test-1149,12,verify_call,0.1818844630033709,True,148
B/initial/test-1149/29/delay2,test-1149,3,policy_decision,9.220995707437396e-06,True,0
B/initial/test-1149/29/delay2,test-1149,5,OFFLINE_RESTORE,0.03194691799581051,False,143
B/initial/test-1149/29/delay2,test-1149,5,decode,2.228468867004267,True,80
B/initial/test-1149/29/delay2,test-1149,6,verify_call,0.18985841500398237,True,160
B/initial/test-1149/29/endpoint_only,test-1149,3,policy_decision,3.2759999157860875e-06,True,0
B/initial/test-1149/29/endpoint_only,test-1149,5,OFFLINE_RESTORE,0.032305650995112956,False,143
B/initial/test-1149/29/endpoint_only,test-1149,5,decode,2.077918395996676,True,80
B/initial/test-1149/29/endpoint_only,test-1149,6,verify_call,0.19077369199658278,True,160
B/initial/test-1149/43/now,test-1149,3,verify_call,0.15291253400209825,True,84
B/initial/test-1149/43/now,test-1149,6,policy_decision,8.338989573530853e-06,True,0
B/initial/test-1149/43/now,test-1149,8,OFFLINE_RESTORE,0.03192949799995404,False,143
B/initial/test-1149/43/now,test-1149,8,decode,2.9001393299986375,True,111
B/initial/test-1149/43/now,test-1149,9,verify_call,0.19278647500323132,True,191
B/initial/test-1149/43/delay1,test-1149,3,policy_decision,6.3920015236362815e-06,True,0
B/initial/test-1149/43/delay1,test-1149,5,OFFLINE_RESTORE,0.03219802699459251,False,143
B/initial/test-1149/43/delay1,test-1149,5,decode,1.3561076899932232,True,53
B/initial/test-1149/43/delay1,test-1149,6,verify_call,0.18192917099804617,True,133
B/initial/test-1149/43/delay1,test-1149,9,policy_decision,6.461996235884726e-06,True,0
B/initial/test-1149/43/delay1,test-1149,11,OFFLINE_RESTORE,0.03827814200485591,False,196
B/initial/test-1149/43/delay1,test-1149,11,decode,1.5000865790061653,True,58
B/initial/test-1149/43/delay1,test-1149,12,verify_call,0.1916117619985016,True,191
B/initial/test-1149/43/delay2,test-1149,3,policy_decision,9.861993021331728e-06,True,0
B/initial/test-1149/43/delay2,test-1149,5,OFFLINE_RESTORE,0.038389655004721135,False,143
B/initial/test-1149/43/delay2,test-1149,5,decode,2.8236515269964,True,111
B/initial/test-1149/43/delay2,test-1149,6,verify_call,0.1957562669995241,True,191
B/initial/test-1149/43/endpoint_only,test-1149,3,policy_decision,2.5619956431910396e-06,True,0
B/initial/test-1149/43/endpoint_only,test-1149,5,OFFLINE_RESTORE,0.032279071005177684,False,143
B/initial/test-1149/43/endpoint_only,test-1149,5,decode,2.844343957011006,True,111
B/initial/test-1149/43/endpoint_only,test-1149,6,verify_call,0.19377452500339132,True,191
B/initial/test-788/17/now,test-788,3,verify_call,0.15295192800113,True,103
B/initial/test-788/17/now,test-788,6,policy_decision,1.4452001778408885e-05,True,0
B/initial/test-788/17/now,test-788,8,OFFLINE_RESTORE,0.04016727700945921,False,162
B/initial/test-788/17/now,test-788,8,decode,1.7646040119871031,True,70
B/initial/test-788/17/now,test-788,9,verify_call,0.18876068999816198,True,171
B/initial/test-788/17/now,test-788,12,policy_decision,1.4236997230909765e-05,True,0
B/initial/test-788/17/now,test-788,13,FAIL_RESTORE,0.0375454150052974,True,219
B/initial/test-788/17/now,test-788,13,decode,1.8533821500022896,True,72
B/initial/test-788/17/delay1,test-788,3,policy_decision,5.669993697665632e-06,True,0
B/initial/test-788/17/delay1,test-788,5,OFFLINE_RESTORE,0.0319434499979252,False,162
B/initial/test-788/17/delay1,test-788,5,decode,0.5603871110070031,True,23
B/initial/test-788/17/delay1,test-788,6,verify_call,0.15396920499915723,True,124
B/initial/test-788/17/delay1,test-788,9,policy_decision,7.893992005847394e-06,True,0
B/initial/test-788/17/delay1,test-788,11,OFFLINE_RESTORE,0.03257121799106244,False,185
B/initial/test-788/17/delay1,test-788,11,decode,2.572061692000716,True,102
B/initial/test-788/17/delay1,test-788,12,verify_call,0.20611818401084747,True,223
B/initial/test-788/17/delay1,test-788,15,policy_decision,1.1916010407730937e-05,True,0
B/initial/test-788/17/delay1,test-788,16,FAIL_RESTORE,0.0408002089970978,True,242
B/initial/test-788/17/delay1,test-788,16,decode,1.6744430149992695,True,67
B/initial/test-788/17/delay1,test-788,17,verify_call,0.19005267400643788,True,186
B/initial/test-788/17/delay1,test-788,20,policy_decision,1.6146994312293828e-05,True,0
B/initial/test-788/17/delay1,test-788,21,FAIL_RESTORE,0.038461845004349016,True,242
B/initial/test-788/17/delay1,test-788,21,decode,0.9678004849993158,True,40
B/initial/test-788/17/delay1,test-788,22,verify_call,0.1932784289965639,True,161
B/initial/test-788/17/delay1,test-788,25,policy_decision,2.0704988855868578e-05,True,0
B/initial/test-788/17/delay1,test-788,26,FAIL_RESTORE,0.039111796009819955,True,242
B/initial/test-788/17/delay1,test-788,26,decode,1.1635755839961348,True,48
B/initial/test-788/17/delay1,test-788,27,verify_call,0.1881715420022374,True,169
B/initial/test-788/17/delay1,test-788,30,policy_decision,1.9686995074152946e-05,True,0
B/initial/test-788/17/delay1,test-788,31,FAIL_RESTORE,0.03860241698566824,True,242
B/initial/test-788/17/delay1,test-788,31,decode,1.6216142440098338,True,64
B/initial/test-788/17/delay1,test-788,32,verify_call,0.19088048000412527,True,185
B/initial/test-788/17/delay2,test-788,3,policy_decision,9.43400664255023e-06,True,0
B/initial/test-788/17/delay2,test-788,5,OFFLINE_RESTORE,0.03232567600207403,False,162
B/initial/test-788/17/delay2,test-788,5,decode,1.7538908620044822,True,70
B/initial/test-788/17/delay2,test-788,6,verify_call,0.1908234840084333,True,171
B/initial/test-788/17/delay2,test-788,9,policy_decision,8.663002518005669e-06,True,0
B/initial/test-788/17/delay2,test-788,10,FAIL_RESTORE,0.0375715780101018,True,194
B/initial/test-788/17/delay2,test-788,10,decode,1.865573933988344,True,73
B/initial/test-788/17/delay2,test-788,11,verify_call,0.18332790800195653,True,142
B/initial/test-788/17/delay2,test-788,14,policy_decision,1.3896002201363444e-05,True,0
B/initial/test-788/17/delay2,test-788,15,FAIL_RESTORE,0.03781361199798994,True,194
B/initial/test-788/17/delay2,test-788,15,decode,3.7537897570000496,True,147
B/initial/test-788/17/delay2,test-788,16,verify_call,0.20818441700248513,True,219
B/initial/test-788/17/endpoint_only,test-788,3,policy_decision,2.5420013116672635e-06,True,0
B/initial/test-788/17/endpoint_only,test-788,5,OFFLINE_RESTORE,0.03256811999017373,False,162
B/initial/test-788/17/endpoint_only,test-788,5,decode,1.760279730995535,True,70
B/initial/test-788/17/endpoint_only,test-788,6,verify_call,0.19067433700547554,True,171
B/initial/test-788/17/endpoint_only,test-788,9,policy_decision,3.3489923225715756e-06,True,0
B/initial/test-788/17/endpoint_only,test-788,10,FAIL_RESTORE,0.037362153991125524,True,194
B/initial/test-788/17/endpoint_only,test-788,10,decode,1.8513632730027894,True,73
B/initial/test-788/17/endpoint_only,test-788,11,verify_call,0.1809908980067121,True,142
B/initial/test-788/17/endpoint_only,test-788,14,policy_decision,2.9750081012025476e-06,True,0
B/initial/test-788/17/endpoint_only,test-788,15,FAIL_RESTORE,0.037526511994656175,True,194
B/initial/test-788/17/endpoint_only,test-788,15,decode,3.7441033590002917,True,147
B/initial/test-788/17/endpoint_only,test-788,16,verify_call,0.20794232700427528,True,219
B/initial/test-788/29/now,test-788,3,verify_call,0.1529219789954368,True,103
B/initial/test-788/29/now,test-788,6,policy_decision,6.021000444889069e-06,True,0
B/initial/test-788/29/now,test-788,8,OFFLINE_RESTORE,0.036020228988491,False,162
B/initial/test-788/29/now,test-788,8,decode,1.300110604002839,True,51
B/initial/test-788/29/now,test-788,9,verify_call,0.18208991699793842,True,155
B/initial/test-788/29/now,test-788,12,policy_decision,8.354996680282056e-06,True,0
B/initial/test-788/29/now,test-788,13,FAIL_RESTORE,0.03697683800419327,True,219
B/initial/test-788/29/now,test-788,13,decode,0.20254949999798555,True,9
B/initial/test-788/29/now,test-788,14,verify_call,0.15215859599993564,True,112
B/initial/test-788/29/now,test-788,17,policy_decision,1.3989993021823466e-05,True,0
B/initial/test-788/29/now,test-788,18,FAIL_RESTORE,0.037294444991857745,True,219
B/initial/test-788/29/now,test-788,18,decode,0.8654147280030884,True,37
B/initial/test-788/29/now,test-788,19,verify_call,0.1847255850007059,True,137
B/initial/test-788/29/now,test-788,22,policy_decision,9.408991900272667e-06,True,0
B/initial/test-788/29/now,test-788,23,FAIL_RESTORE,0.03747761000704486,True,219
B/initial/test-788/29/now,test-788,23,decode,0.2735601150052389,True,12
B/initial/test-788/29/now,test-788,24,verify_call,0.1524180270062061,True,115
B/initial/test-788/29/now,test-788,27,policy_decision,1.78500049514696e-05,True,0
B/initial/test-788/29/now,test-788,28,FAIL_RESTORE,0.039112127997213975,True,219
B/initial/test-788/29/now,test-788,28,decode,0.2804789170040749,True,12
B/initial/test-788/29/now,test-788,29,verify_call,0.15516581499832682,True,115
B/initial/test-788/29/delay1,test-788,3,policy_decision,8.853006875142455e-06,True,0
B/initial/test-788/29/delay1,test-788,5,OFFLINE_RESTORE,0.032446882003569044,False,162
B/initial/test-788/29/delay1,test-788,5,decode,1.2896971169975586,True,51
B/initial/test-788/29/delay1,test-788,6,verify_call,0.18378470500465482,True,155
B/initial/test-788/29/delay1,test-788,9,policy_decision,1.0450996342115104e-05,True,0
B/initial/test-788/29/delay1,test-788,10,FAIL_RESTORE,0.03712602499581408,True,194
B/initial/test-788/29/delay1,test-788,10,decode,0.1816857789963251,True,8
B/initial/test-788/29/delay1,test-788,11,verify_call,0.15142211099737324,True,89
B/initial/test-788/29/delay1,test-788,14,policy_decision,7.711001671850681e-06,True,0
B/initial/test-788/29/delay1,test-788,15,FAIL_RESTORE,0.03672073000052478,True,194
B/initial/test-788/29/delay1,test-788,15,decode,3.228369130010833,True,127
B/initial/test-788/29/delay1,test-788,16,verify_call,0.20999152399599552,True,204
B/initial/test-788/29/delay1,test-788,19,policy_decision,9.969997336156666e-06,True,0
B/initial/test-788/29/delay1,test-788,20,FAIL_RESTORE,0.03712043599807657,True,194
B/initial/test-788/29/delay1,test-788,20,decode,3.4096607200044673,True,138
B/initial/test-788/29/delay1,test-788,21,verify_call,0.211125236004591,True,210
B/initial/test-788/29/delay1,test-788,24,policy_decision,1.5533005353063345e-05,True,0
B/initial/test-788/29/delay1,test-788,25,FAIL_RESTORE,0.03711343499890063,True,194
B/initial/test-788/29/delay1,test-788,25,decode,0.790365117994952,True,33
B/initial/test-788/29/delay1,test-788,26,verify_call,0.1513046560139628,True,111
B/initial/test-788/29/delay1,test-788,29,policy_decision,1.4901990653015673e-05,True,0
B/initial/test-788/29/delay1,test-788,30,FAIL_RESTORE,0.03692362100991886,True,194
B/initial/test-788/29/delay1,test-788,30,decode,2.1953985369909788,True,84
B/initial/test-788/29/delay1,test-788,31,verify_call,0.18095032099517994,True,156
B/initial/test-788/29/delay2,test-788,3,policy_decision,1.0157003998756409e-05,True,0
B/initial/test-788/29/delay2,test-788,5,OFFLINE_RESTORE,0.03319312100938987,False,162
B/initial/test-788/29/delay2,test-788,5,decode,1.2904246190009871,True,51
B/initial/test-788/29/delay2,test-788,6,verify_call,0.18440016100066714,True,155
B/initial/test-788/29/delay2,test-788,9,policy_decision,8.486997103318572e-06,True,0
B/initial/test-788/29/delay2,test-788,10,FAIL_RESTORE,0.03664755700447131,True,194
B/initial/test-788/29/delay2,test-788,10,decode,0.17989848500292283,True,8
B/initial/test-788/29/delay2,test-788,11,verify_call,0.1517274360085139,True,89
B/initial/test-788/29/delay2,test-788,14,policy_decision,1.0871008271351457e-05,True,0
B/initial/test-788/29/delay2,test-788,15,FAIL_RESTORE,0.03766877300222404,True,194
B/initial/test-788/29/delay2,test-788,15,decode,3.2592080460017314,True,127
B/initial/test-788/29/delay2,test-788,16,verify_call,0.207880654008477,True,204
B/initial/test-788/29/delay2,test-788,19,policy_decision,1.5874989912845194e-05,True,0
B/initial/test-788/29/delay2,test-788,20,FAIL_RESTORE,0.03765583099448122,True,194
B/initial/test-788/29/delay2,test-788,20,decode,3.3859297269955277,True,138
B/initial/test-788/29/delay2,test-788,21,verify_call,0.21090746500703972,True,210
B/initial/test-788/29/delay2,test-788,24,policy_decision,1.1588999768719077e-05,True,0
B/initial/test-788/29/delay2,test-788,25,FAIL_RESTORE,0.03729717699752655,True,194
B/initial/test-788/29/delay2,test-788,25,decode,0.7935672489984427,True,33
B/initial/test-788/29/delay2,test-788,26,verify_call,0.15185133001068607,True,111
B/initial/test-788/29/delay2,test-788,29,policy_decision,1.8104998162016273e-05,True,0
B/initial/test-788/29/delay2,test-788,30,FAIL_RESTORE,0.03773846100375522,True,194
B/initial/test-788/29/delay2,test-788,30,decode,2.1700671190046705,True,84
B/initial/test-788/29/delay2,test-788,31,verify_call,0.18244677300390322,True,156
B/initial/test-788/29/endpoint_only,test-788,3,policy_decision,2.7039932319894433e-06,True,0
B/initial/test-788/29/endpoint_only,test-788,5,OFFLINE_RESTORE,0.03263860101287719,False,162
B/initial/test-788/29/endpoint_only,test-788,5,decode,1.257769231000566,True,51
B/initial/test-788/29/endpoint_only,test-788,6,verify_call,0.18420116699417122,True,155
B/initial/test-788/29/endpoint_only,test-788,9,policy_decision,3.039996954612434e-06,True,0
B/initial/test-788/29/endpoint_only,test-788,10,FAIL_RESTORE,0.037222796003334224,True,194
B/initial/test-788/29/endpoint_only,test-788,10,decode,0.17891151399817318,True,8
B/initial/test-788/29/endpoint_only,test-788,11,verify_call,0.1537223549967166,True,89
B/initial/test-788/29/endpoint_only,test-788,14,policy_decision,3.5869888961315155e-06,True,0
B/initial/test-788/29/endpoint_only,test-788,15,FAIL_RESTORE,0.03692873299587518,True,194
B/initial/test-788/29/endpoint_only,test-788,15,decode,3.3402862829971127,True,127
B/initial/test-788/29/endpoint_only,test-788,16,verify_call,0.20846583400270902,True,204
B/initial/test-788/29/endpoint_only,test-788,19,policy_decision,4.688990884460509e-06,True,0
B/initial/test-788/29/endpoint_only,test-788,20,FAIL_RESTORE,0.0373035800002981,True,194
B/initial/test-788/29/endpoint_only,test-788,20,decode,3.4104117859969847,True,138
B/initial/test-788/29/endpoint_only,test-788,21,verify_call,0.20915784301178064,True,210
B/initial/test-788/29/endpoint_only,test-788,24,policy_decision,2.841989044100046e-06,True,0
B/initial/test-788/29/endpoint_only,test-788,25,FAIL_RESTORE,0.03660153299279045,True,194
B/initial/test-788/29/endpoint_only,test-788,25,decode,0.7884241959982319,True,33
B/initial/test-788/29/endpoint_only,test-788,26,verify_call,0.1520332650106866,True,111
B/initial/test-788/29/endpoint_only,test-788,29,policy_decision,3.716006176546216e-06,True,0
B/initial/test-788/29/endpoint_only,test-788,30,FAIL_RESTORE,0.04001982600311749,True,194
B/initial/test-788/29/endpoint_only,test-788,30,decode,2.197431691995007,True,84
B/initial/test-788/29/endpoint_only,test-788,31,verify_call,0.18604346498614177,True,156
B/initial/test-788/43/now,test-788,3,verify_call,0.1526324810110964,True,103
B/initial/test-788/43/now,test-788,6,policy_decision,5.423004040494561e-06,True,0
B/initial/test-788/43/now,test-788,8,OFFLINE_RESTORE,0.03243772099085618,False,162
B/initial/test-788/43/now,test-788,8,decode,2.241739029006567,True,88
B/initial/test-788/43/now,test-788,9,verify_call,0.19076741600292735,True,190
B/initial/test-788/43/now,test-788,12,policy_decision,8.931005140766501e-06,True,0
B/initial/test-788/43/now,test-788,13,FAIL_RESTORE,0.03762437899422366,True,219
B/initial/test-788/43/now,test-788,13,decode,2.0290198730072007,True,74
B/initial/test-788/43/now,test-788,14,verify_call,0.18808316500508226,True,174
B/initial/test-788/43/now,test-788,17,policy_decision,8.253002306446433e-06,True,0
B/initial/test-788/43/now,test-788,18,FAIL_RESTORE,0.03686636399652343,True,219
B/initial/test-788/43/now,test-788,18,decode,2.946338358000503,True,121
B/initial/test-788/43/now,test-788,19,verify_call,0.20819572199252434,True,221
B/initial/test-788/43/now,test-788,22,policy_decision,1.7183003365062177e-05,True,0
B/initial/test-788/43/now,test-788,23,FAIL_RESTORE,0.03729606099659577,True,219
B/initial/test-788/43/now,test-788,23,decode,0.8734977139974944,True,36
B/initial/test-788/43/now,test-788,24,verify_call,0.18041592399822548,True,136
B/initial/test-788/43/now,test-788,27,policy_decision,1.431099371984601e-05,True,0
B/initial/test-788/43/now,test-788,28,FAIL_RESTORE,0.03795496400562115,True,219
B/initial/test-788/43/now,test-788,28,decode,1.3154473150061676,True,53
B/initial/test-788/43/now,test-788,29,verify_call,0.18185491899203043,True,153
B/initial/test-788/43/delay1,test-788,3,policy_decision,7.624999852851033e-06,True,0
B/initial/test-788/43/delay1,test-788,5,OFFLINE_RESTORE,0.03314892100752331,False,162
B/initial/test-788/43/delay1,test-788,5,decode,1.0854815719940234,True,43
B/initial/test-788/43/delay1,test-788,6,verify_call,0.18289271400135476,True,144
B/initial/test-788/43/delay1,test-788,9,policy_decision,9.855008102022111e-06,True,0
B/initial/test-788/43/delay1,test-788,10,FAIL_RESTORE,0.036894201999530196,True,194
B/initial/test-788/43/delay1,test-788,10,decode,3.4958356940041995,True,136
B/initial/test-788/43/delay1,test-788,11,verify_call,0.20997704200271983,True,211
B/initial/test-788/43/delay1,test-788,14,policy_decision,8.246002835221589e-06,True,0
B/initial/test-788/43/delay1,test-788,15,FAIL_RESTORE,0.03644744098710362,True,194
B/initial/test-788/43/delay1,test-788,15,decode,0.5529402960091829,True,22
B/initial/test-788/43/delay1,test-788,16,verify_call,0.1516766480053775,True,100
B/initial/test-788/43/delay1,test-788,19,policy_decision,1.1099997209385037e-05,True,0
B/initial/test-788/43/delay1,test-788,20,FAIL_RESTORE,0.03684151399647817,True,194
B/initial/test-788/43/delay1,test-788,20,decode,0.17242962498858105,True,8
B/initial/test-788/43/delay1,test-788,21,verify_call,0.15097667700320017,True,89
B/initial/test-788/43/delay1,test-788,24,policy_decision,1.1181997251696885e-05,True,0
B/initial/test-788/43/delay1,test-788,25,FAIL_RESTORE,0.03753627999685705,True,194
B/initial/test-788/43/delay1,test-788,25,decode,0.19929184998909477,True,9
B/initial/test-788/43/delay1,test-788,26,verify_call,0.1538172539876541,True,90
B/initial/test-788/43/delay1,test-788,29,policy_decision,1.4795994502492249e-05,True,0
B/initial/test-788/43/delay1,test-788,30,FAIL_RESTORE,0.037344658994697966,True,194
B/initial/test-788/43/delay1,test-788,30,decode,1.8217374889936764,True,72
B/initial/test-788/43/delay1,test-788,31,verify_call,0.1813808380102273,True,142
B/initial/test-788/43/delay2,test-788,3,policy_decision,5.687004886567593e-06,True,0
B/initial/test-788/43/delay2,test-788,5,OFFLINE_RESTORE,0.03212268500647042,False,162
B/initial/test-788/43/delay2,test-788,5,decode,2.2483088550070534,True,88
B/initial/test-788/43/delay2,test-788,6,verify_call,0.19305641199753154,True,190
B/initial/test-788/43/delay2,test-788,9,policy_decision,7.444992661476135e-06,True,0
B/initial/test-788/43/delay2,test-788,10,FAIL_RESTORE,0.03780218999600038,True,194
B/initial/test-788/43/delay2,test-788,10,decode,3.2614181300014025,True,125
B/initial/test-788/43/delay2,test-788,11,verify_call,0.2069705900066765,True,199
B/initial/test-788/43/delay2,test-788,14,policy_decision,1.2835007510147989e-05,True,0
B/initial/test-788/43/delay2,test-788,15,FAIL_RESTORE,0.03794669100898318,True,194
B/initial/test-788/43/delay2,test-788,15,decode,0.23220309299358632,True,8
B/initial/test-788/43/delay2,test-788,16,verify_call,0.15165527000499424,True,89
B/initial/test-788/43/delay2,test-788,19,policy_decision,1.178999082185328e-05,True,0
B/initial/test-788/43/delay2,test-788,20,FAIL_RESTORE,0.03691685100784525,True,194
B/initial/test-788/43/delay2,test-788,20,decode,0.8015040580066852,True,34
B/initial/test-788/43/delay2,test-788,21,verify_call,0.15152555399981793,True,109
B/initial/test-788/43/delay2,test-788,24,policy_decision,1.3337994460016489e-05,True,0
B/initial/test-788/43/delay2,test-788,25,FAIL_RESTORE,0.036721292010042816,True,194
B/initial/test-788/43/delay2,test-788,25,decode,0.17227253600140102,True,8
B/initial/test-788/43/delay2,test-788,26,verify_call,0.15060239798913244,True,89
B/initial/test-788/43/delay2,test-788,29,policy_decision,1.046599936671555e-05,True,0
B/initial/test-788/43/delay2,test-788,30,FAIL_RESTORE,0.036946627995348535,True,194
B/initial/test-788/43/delay2,test-788,30,decode,3.1441390330001013,True,123
B/initial/test-788/43/delay2,test-788,31,verify_call,0.20672035501047503,True,198
B/initial/test-788/43/endpoint_only,test-788,3,policy_decision,2.8340000426396728e-06,True,0
B/initial/test-788/43/endpoint_only,test-788,5,OFFLINE_RESTORE,0.03325992400641553,False,162
B/initial/test-788/43/endpoint_only,test-788,5,decode,2.242112175998045,True,88
B/initial/test-788/43/endpoint_only,test-788,6,verify_call,0.1936093459953554,True,190
B/initial/test-788/43/endpoint_only,test-788,9,policy_decision,3.7240097299218178e-06,True,0
B/initial/test-788/43/endpoint_only,test-788,10,FAIL_RESTORE,0.03750936700089369,True,194
B/initial/test-788/43/endpoint_only,test-788,10,decode,3.1847022880101576,True,125
B/initial/test-788/43/endpoint_only,test-788,11,verify_call,0.20822558799409308,True,199
B/initial/test-788/43/endpoint_only,test-788,14,policy_decision,2.5619956431910396e-06,True,0
B/initial/test-788/43/endpoint_only,test-788,15,FAIL_RESTORE,0.03671043099893723,True,194
B/initial/test-788/43/endpoint_only,test-788,15,decode,0.19758713999181055,True,8
B/initial/test-788/43/endpoint_only,test-788,16,verify_call,0.15158150999923237,True,89
B/initial/test-788/43/endpoint_only,test-788,19,policy_decision,2.4180044420063496e-06,True,0
B/initial/test-788/43/endpoint_only,test-788,20,FAIL_RESTORE,0.036505110998405144,True,194
B/initial/test-788/43/endpoint_only,test-788,20,decode,0.801877317004255,True,34
B/initial/test-788/43/endpoint_only,test-788,21,verify_call,0.15263366300496273,True,109
B/initial/test-788/43/endpoint_only,test-788,24,policy_decision,2.9149960028007627e-06,True,0
B/initial/test-788/43/endpoint_only,test-788,25,FAIL_RESTORE,0.03701798999099992,True,194
B/initial/test-788/43/endpoint_only,test-788,25,decode,0.17010732299240772,True,8
B/initial/test-788/43/endpoint_only,test-788,26,verify_call,0.1508368469949346,True,89
B/initial/test-788/43/endpoint_only,test-788,29,policy_decision,3.8660073187202215e-06,True,0
B/initial/test-788/43/endpoint_only,test-788,30,FAIL_RESTORE,0.036981318990001455,True,194
B/initial/test-788/43/endpoint_only,test-788,30,decode,3.1562971169914817,True,123
B/initial/test-788/43/endpoint_only,test-788,31,verify_call,0.20688314401195385,True,198
B/initial/test-916/17/now,test-916,3,verify_call,0.18309825401229318,True,140
B/initial/test-916/17/now,test-916,6,policy_decision,5.2480027079582214e-06,True,0
B/initial/test-916/17/now,test-916,8,OFFLINE_RESTORE,0.03708704600285273,False,206
B/initial/test-916/17/now,test-916,8,decode,4.477168498997344,True,175
B/initial/test-916/17/now,test-916,9,verify_call,0.2548259909963235,True,303
B/initial/test-916/17/now,test-916,12,policy_decision,8.022994734346867e-06,True,0
B/initial/test-916/17/now,test-916,13,FAIL_RESTORE,0.04981518199201673,True,263
B/initial/test-916/17/now,test-916,13,decode,7.830483521000133,True,291
B/initial/test-916/17/now,test-916,14,verify_call,0.3259231340052793,True,418
B/initial/test-916/17/now,test-916,17,policy_decision,1.0087998816743493e-05,True,0
B/initial/test-916/17/now,test-916,18,FAIL_RESTORE,0.04879001800145488,True,263
B/initial/test-916/17/now,test-916,18,decode,2.9042274949897546,True,118
B/initial/test-916/17/now,test-916,19,verify_call,0.20794431699323468,True,242
B/initial/test-916/17/now,test-916,22,policy_decision,1.4213001122698188e-05,True,0
B/initial/test-916/17/now,test-916,23,FAIL_RESTORE,0.04958778999571223,True,263
B/initial/test-916/17/now,test-916,23,decode,4.517796758998884,True,184
B/initial/test-916/17/now,test-916,24,verify_call,0.24979723899741657,True,308
B/initial/test-916/17/now,test-916,27,policy_decision,1.6646008589304984e-05,True,0
B/initial/test-916/17/now,test-916,28,FAIL_RESTORE,0.04911469099170063,True,263
B/initial/test-916/17/now,test-916,28,decode,4.338766853994457,True,164
B/initial/test-916/17/now,test-916,29,verify_call,0.2504222939896863,True,287
B/initial/test-916/17/delay1,test-916,3,policy_decision,9.504001354798675e-06,True,0
B/initial/test-916/17/delay1,test-916,5,OFFLINE_RESTORE,0.03746500199486036,False,206
B/initial/test-916/17/delay1,test-916,5,decode,1.8840476800105534,True,73
B/initial/test-916/17/delay1,test-916,6,verify_call,0.21026460899156518,True,210
B/initial/test-916/17/delay1,test-916,9,policy_decision,8.918999810703099e-06,True,0
B/initial/test-916/17/delay1,test-916,11,OFFLINE_RESTORE,0.050257269002031535,False,279
B/initial/test-916/17/delay1,test-916,11,decode,3.9873765609954717,True,155
B/initial/test-916/17/delay1,test-916,12,verify_call,0.27149818699399475,True,353
B/initial/test-916/17/delay1,test-916,15,policy_decision,2.7574002160690725e-05,True,0
B/initial/test-916/17/delay1,test-916,16,FAIL_RESTORE,0.05265610199421644,True,336
B/initial/test-916/17/delay1,test-916,16,decode,4.031464639003389,True,154
B/initial/test-916/17/delay1,test-916,17,verify_call,0.26918369499617256,True,353
B/initial/test-916/17/delay2,test-916,3,policy_decision,8.502000127919018e-06,True,0
B/initial/test-916/17/delay2,test-916,5,OFFLINE_RESTORE,0.03723436000291258,False,206
B/initial/test-916/17/delay2,test-916,5,decode,2.6941573249932844,True,104
B/initial/test-916/17/delay2,test-916,6,verify_call,0.2106483530078549,True,238
B/initial/test-916/17/delay2,test-916,9,policy_decision,7.01200042385608e-06,True,0
B/initial/test-916/17/delay2,test-916,11,OFFLINE_RESTORE,0.05041234400414396,False,310
B/initial/test-916/17/delay2,test-916,11,decode,4.379237367000314,True,171
B/initial/test-916/17/delay2,test-916,12,verify_call,0.31327526200038847,True,397
B/initial/test-916/17/delay2,test-916,15,policy_decision,9.849012712948024e-06,True,0
B/initial/test-916/17/delay2,test-916,16,FAIL_RESTORE,0.05390296700352337,True,367
B/initial/test-916/17/delay2,test-916,16,decode,5.091537447995506,True,197
B/initial/test-916/17/delay2,test-916,17,verify_call,0.32630121399415657,True,422
B/initial/test-916/17/delay2,test-916,20,policy_decision,1.1632000678218901e-05,True,0
B/initial/test-916/17/delay2,test-916,21,FAIL_RESTORE,0.054329014994436875,True,367
B/initial/test-916/17/delay2,test-916,21,decode,3.665550820005592,True,141
B/initial/test-916/17/delay2,test-916,22,verify_call,0.27338290099578444,True,363
B/initial/test-916/17/delay2,test-916,25,policy_decision,1.351699756924063e-05,True,0
B/initial/test-916/17/delay2,test-916,27,OFFLINE_RESTORE,0.06840584300516639,False,508
B/initial/test-916/17/delay2,test-916,27,decode,1.3560422700102208,True,56
B/initial/test-916/17/delay2,test-916,28,verify_call,0.33143273400492035,True,479
B/initial/test-916/17/endpoint_only,test-916,3,policy_decision,3.1349918572232127e-06,True,0
B/initial/test-916/17/endpoint_only,test-916,5,OFFLINE_RESTORE,0.03760600900568534,False,206
B/initial/test-916/17/endpoint_only,test-916,5,decode,12.191319443008979,True,473
B/initial/test-916/17/endpoint_only,test-916,6,verify_call,0.4049106739985291,True,585
B/initial/test-916/17/endpoint_only,test-916,9,policy_decision,3.1800009310245514e-06,True,0
B/initial/test-916/17/endpoint_only,test-916,10,FAIL_RESTORE,0.03815703099826351,True,238
B/initial/test-916/17/endpoint_only,test-916,10,decode,6.12588804999541,True,236
B/initial/test-916/17/endpoint_only,test-916,11,verify_call,0.26963712798897177,True,343
B/initial/test-916/17/endpoint_only,test-916,14,policy_decision,3.3760006772354245e-06,True,0
B/initial/test-916/17/endpoint_only,test-916,15,FAIL_RESTORE,0.038293378995149396,True,238
B/initial/test-916/17/endpoint_only,test-916,15,decode,7.5835026929999,True,292
B/initial/test-916/17/endpoint_only,test-916,16,verify_call,0.3108957670046948,True,390
B/initial/test-916/17/endpoint_only,test-916,19,policy_decision,3.1520030461251736e-06,True,0
B/initial/test-916/17/endpoint_only,test-916,20,FAIL_RESTORE,0.038246228999923915,True,238
B/initial/test-916/17/endpoint_only,test-916,20,decode,9.245940296998015,True,338
B/initial/test-916/17/endpoint_only,test-916,21,verify_call,0.3284754740016069,True,439
B/initial/test-916/17/endpoint_only,test-916,24,policy_decision,3.28800524584949e-06,True,0
B/initial/test-916/17/endpoint_only,test-916,25,FAIL_RESTORE,0.03778407799836714,True,238
B/initial/test-916/17/endpoint_only,test-916,25,decode,6.819827280007303,True,278
B/initial/test-916/17/endpoint_only,test-916,26,verify_call,0.31007678800961,True,390
B/initial/test-916/17/endpoint_only,test-916,29,policy_decision,3.5349949030205607e-06,True,0
B/initial/test-916/17/endpoint_only,test-916,30,FAIL_RESTORE,0.03806814199197106,True,238
B/initial/test-916/17/endpoint_only,test-916,30,decode,10.393501312995795,True,402
B/initial/test-916/29/now,test-916,3,verify_call,0.1815526879945537,True,140
B/initial/test-916/29/now,test-916,6,policy_decision,7.039998308755457e-06,True,0
B/initial/test-916/29/now,test-916,8,OFFLINE_RESTORE,0.037397655003587715,False,206
B/initial/test-916/29/now,test-916,8,decode,2.27918511700409,True,88
B/initial/test-916/29/now,test-916,9,verify_call,0.2059985750092892,True,216
B/initial/test-916/29/now,test-916,12,policy_decision,1.0456002200953662e-05,True,0
B/initial/test-916/29/now,test-916,13,FAIL_RESTORE,0.05015756099601276,True,263
B/initial/test-916/29/now,test-916,13,decode,2.0849265300057596,True,81
B/initial/test-916/29/now,test-916,14,verify_call,0.20832699800666887,True,205
B/initial/test-916/29/now,test-916,17,policy_decision,1.0296993423253298e-05,True,0
B/initial/test-916/29/now,test-916,18,FAIL_RESTORE,0.04929527400236111,True,263
B/initial/test-916/29/now,test-916,18,decode,7.072315598998102,True,255
B/initial/test-916/29/now,test-916,19,verify_call,0.2699247889977414,True,379
B/initial/test-916/29/now,test-916,22,policy_decision,1.1411000741645694e-05,True,0
B/initial/test-916/29/now,test-916,23,FAIL_RESTORE,0.04914413300866727,True,263
B/initial/test-916/29/now,test-916,23,decode,3.0470090659946436,True,123
B/initial/test-916/29/now,test-916,24,verify_call,0.20514134199765977,True,245
B/initial/test-916/29/now,test-916,27,policy_decision,1.5797995729371905e-05,True,0
B/initial/test-916/29/now,test-916,28,FAIL_RESTORE,0.04942737599776592,True,263
B/initial/test-916/29/now,test-916,28,decode,6.479596881996258,True,247
B/initial/test-916/29/now,test-916,29,verify_call,0.27119925899023656,True,369
B/initial/test-916/29/delay1,test-916,3,policy_decision,5.669004167430103e-06,True,0
B/initial/test-916/29/delay1,test-916,5,OFFLINE_RESTORE,0.03737291900324635,False,206
B/initial/test-916/29/delay1,test-916,5,decode,0.461702806991525,True,19
B/initial/test-916/29/delay1,test-916,6,verify_call,0.18176972199580632,True,156
B/initial/test-916/29/delay1,test-916,9,policy_decision,5.897003575228155e-06,True,0
B/initial/test-916/29/delay1,test-916,11,OFFLINE_RESTORE,0.038441943004727364,False,225
B/initial/test-916/29/delay1,test-916,11,decode,2.4044504660123494,True,95
B/initial/test-916/29/delay1,test-916,12,verify_call,0.207362736997311,True,239
B/initial/test-916/29/delay1,test-916,15,policy_decision,1.2543998309411108e-05,True,0
B/initial/test-916/29/delay1,test-916,16,FAIL_RESTORE,0.049657790004857816,True,282
B/initial/test-916/29/delay1,test-916,16,decode,3.527429713998572,True,136
B/initial/test-916/29/delay1,test-916,17,verify_call,0.2482804129977012,True,276
B/initial/test-916/29/delay1,test-916,20,policy_decision,1.2620002962648869e-05,True,0
B/initial/test-916/29/delay1,test-916,21,FAIL_RESTORE,0.05011311901034787,True,282
B/initial/test-916/29/delay1,test-916,21,decode,5.841095632000361,True,214
B/initial/test-916/29/delay1,test-916,22,verify_call,0.2687300069956109,True,354
B/initial/test-916/29/delay1,test-916,25,policy_decision,1.820900070015341e-05,True,0
B/initial/test-916/29/delay1,test-916,26,FAIL_RESTORE,0.05023406998952851,True,282
B/initial/test-916/29/delay1,test-916,26,decode,3.808777452009963,True,147
B/initial/test-916/29/delay1,test-916,27,verify_call,0.24811888100521173,True,287
B/initial/test-916/29/delay1,test-916,30,policy_decision,1.9284998415969312e-05,True,0
B/initial/test-916/29/delay1,test-916,32,OFFLINE_RESTORE,0.0666460459906375,False,429
B/initial/test-916/29/delay1,test-916,32,decode,2.276007965003373,True,87
B/initial/test-916/29/delay1,test-916,33,verify_call,0.32507090500439517,True,432
B/initial/test-916/29/delay2,test-916,3,policy_decision,5.807989509776235e-06,True,0
B/initial/test-916/29/delay2,test-916,5,OFFLINE_RESTORE,0.0365926600061357,False,206
B/initial/test-916/29/delay2,test-916,5,decode,0.8229719119990477,True,33
B/initial/test-916/29/delay2,test-916,6,verify_call,0.18976906398893334,True,167
B/initial/test-916/29/delay2,test-916,9,policy_decision,6.218993803486228e-06,True,0
B/initial/test-916/29/delay2,test-916,11,OFFLINE_RESTORE,0.03782656800467521,False,239
B/initial/test-916/29/delay2,test-916,11,decode,2.941399731003912,True,116
B/initial/test-916/29/delay2,test-916,12,verify_call,0.24716853300924413,True,271
B/initial/test-916/29/delay2,test-916,15,policy_decision,1.0885996744036674e-05,True,0
B/initial/test-916/29/delay2,test-916,16,FAIL_RESTORE,0.050436751000233926,True,296
B/initial/test-916/29/delay2,test-916,16,decode,3.046129667010973,True,116
B/initial/test-916/29/delay2,test-916,17,verify_call,0.24861269899702165,True,267
B/initial/test-916/29/delay2,test-916,20,policy_decision,1.1805997928604484e-05,True,0
B/initial/test-916/29/delay2,test-916,22,OFFLINE_RESTORE,0.06832815799862146,False,412
B/initial/test-916/29/delay2,test-916,22,decode,2.516133871002239,True,97
B/initial/test-916/29/delay2,test-916,23,verify_call,0.3239238529931754,True,411
B/initial/test-916/29/delay2,test-916,25,policy_decision,1.161498948931694e-05,True,0
B/initial/test-916/29/delay2,test-916,27,OFFLINE_RESTORE,0.07026946300175041,False,509
B/initial/test-916/29/delay2,test-916,27,decode,1.0283893219893798,True,40
B/initial/test-916/29/delay2,test-916,28,verify_call,0.3249777000019094,True,449
B/initial/test-916/29/endpoint_only,test-916,3,policy_decision,3.855006070807576e-06,True,0
B/initial/test-916/29/endpoint_only,test-916,5,OFFLINE_RESTORE,0.03734506599721499,False,206
B/initial/test-916/29/endpoint_only,test-916,5,decode,5.537572226006887,True,210
B/initial/test-916/29/endpoint_only,test-916,6,verify_call,0.27127958901110105,True,329
B/initial/test-916/29/endpoint_only,test-916,9,policy_decision,3.634006134234369e-06,True,0
B/initial/test-916/29/endpoint_only,test-916,10,FAIL_RESTORE,0.038201001996640116,True,238
B/initial/test-916/29/endpoint_only,test-916,10,decode,5.662027290003607,True,212
B/initial/test-916/43/now,test-916,3,verify_call,0.1822682929923758,True,140
B/initial/test-916/43/now,test-916,6,policy_decision,7.480004569515586e-06,True,0
B/initial/test-916/43/now,test-916,8,OFFLINE_RESTORE,0.03703593200771138,False,206
B/initial/test-916/43/now,test-916,8,decode,2.4901874190109083,True,97
B/initial/test-916/43/now,test-916,9,verify_call,0.20720703399274498,True,225
B/initial/test-916/43/now,test-916,12,policy_decision,1.1106996680609882e-05,True,0
B/initial/test-916/43/now,test-916,14,OFFLINE_RESTORE,0.05222934500488918,False,303
B/initial/test-916/43/now,test-916,14,decode,3.407436192006571,True,132
B/initial/test-916/43/now,test-916,15,verify_call,0.26994789400487207,True,348
B/initial/test-916/43/now,test-916,18,policy_decision,1.104900729842484e-05,True,0
B/initial/test-916/43/now,test-916,19,FAIL_RESTORE,0.054140843989443965,True,360
B/initial/test-916/43/now,test-916,19,decode,2.0207078009989345,True,77
B/initial/test-916/43/now,test-916,20,verify_call,0.2479582340019988,True,295
B/initial/test-916/43/delay1,test-916,3,policy_decision,9.534007403999567e-06,True,0
B/initial/test-916/43/delay1,test-916,5,OFFLINE_RESTORE,0.03851110200048424,False,206
B/initial/test-916/43/delay1,test-916,5,decode,0.3540028400020674,True,15
B/initial/test-916/43/delay1,test-916,6,verify_call,0.18156145900138654,True,152
B/initial/test-916/43/delay1,test-916,9,policy_decision,9.948998922482133e-06,True,0
B/initial/test-916/43/delay1,test-916,11,OFFLINE_RESTORE,0.037294495006790385,False,221
B/initial/test-916/43/delay1,test-916,11,decode,4.02294083898596,True,158
B/initial/test-916/43/delay1,test-916,12,verify_call,0.24996436599758454,True,298
B/initial/test-916/43/delay1,test-916,15,policy_decision,1.3209006283432245e-05,True,0
B/initial/test-916/43/delay1,test-916,16,FAIL_RESTORE,0.04950163699686527,True,278
B/initial/test-916/43/delay1,test-916,16,decode,6.041089431004366,True,236
B/initial/test-916/43/delay1,test-916,17,verify_call,0.2718444769998314,True,372
B/initial/test-916/43/delay1,test-916,20,policy_decision,1.1531999916769564e-05,True,0
B/initial/test-916/43/delay1,test-916,21,FAIL_RESTORE,0.05073556200659368,True,278
B/initial/test-916/43/delay1,test-916,21,decode,5.346488561001024,True,209
B/initial/test-916/43/delay1,test-916,22,verify_call,0.2682932489988161,True,345
B/initial/test-916/43/delay1,test-916,25,policy_decision,9.948998922482133e-06,True,0
B/initial/test-916/43/delay1,test-916,27,OFFLINE_RESTORE,0.06769433899899013,False,487
B/initial/test-916/43/delay1,test-916,27,decode,2.023789855011273,True,78
B/initial/test-916/43/delay1,test-916,28,verify_call,0.3297682600095868,True,477
B/initial/test-916/43/delay2,test-916,3,policy_decision,8.491988410241902e-06,True,0
B/initial/test-916/43/delay2,test-916,5,OFFLINE_RESTORE,0.037723083994933404,False,206
B/initial/test-916/43/delay2,test-916,5,decode,1.1325974149949616,True,46
B/initial/test-916/43/delay2,test-916,6,verify_call,0.19038655700569507,True,180
B/initial/test-916/43/delay2,test-916,9,policy_decision,6.742004188708961e-06,True,0
B/initial/test-916/43/delay2,test-916,11,OFFLINE_RESTORE,0.038817160995677114,False,252
B/initial/test-916/43/delay2,test-916,11,decode,3.210138370995992,True,126
B/initial/test-916/43/delay2,test-916,12,verify_call,0.24977437600318808,True,294
B/initial/test-916/43/delay2,test-916,15,policy_decision,1.2859003618359566e-05,True,0
B/initial/test-916/43/delay2,test-916,17,OFFLINE_RESTORE,0.05455299699679017,False,378
B/initial/test-916/43/delay2,test-916,17,decode,1.209910020013922,True,48
B/initial/test-916/43/delay2,test-916,18,verify_call,0.27052744101092685,True,342
B/initial/test-916/43/endpoint_only,test-916,3,policy_decision,2.7420028345659375e-06,True,0
B/initial/test-916/43/endpoint_only,test-916,5,OFFLINE_RESTORE,0.037461817992152646,False,206
B/initial/test-916/43/endpoint_only,test-916,5,decode,5.59414504400047,True,220
B/initial/test-916/43/endpoint_only,test-916,6,verify_call,0.272369668004103,True,342
B/initial/test-979/17/now,test-979,3,verify_call,0.18778710698825307,True,157
B/initial/test-979/17/now,test-979,6,policy_decision,8.157003321684897e-06,True,0
B/initial/test-979/17/now,test-979,8,OFFLINE_RESTORE,0.0381314679980278,False,214
B/initial/test-979/17/now,test-979,8,decode,8.96770602199831,True,349
B/initial/test-979/17/now,test-979,9,verify_call,0.3321969149983488,True,500
B/initial/test-979/17/now,test-979,12,policy_decision,9.216993930749595e-06,True,0
B/initial/test-979/17/now,test-979,13,FAIL_RESTORE,0.04909694500383921,True,271
B/initial/test-979/17/now,test-979,13,decode,4.909576032994664,True,192
B/initial/test-979/17/now,test-979,14,verify_call,0.2701493899949128,True,334
B/initial/test-979/17/now,test-979,17,policy_decision,9.056995622813702e-06,True,0
B/initial/test-979/17/now,test-979,18,FAIL_RESTORE,0.04929022600117605,True,271
B/initial/test-979/17/now,test-979,18,decode,11.298322592992918,True,423
B/initial/test-979/17/now,test-979,19,verify_call,0.39601188400411047,True,568
B/initial/test-979/17/now,test-979,22,policy_decision,1.3166005373932421e-05,True,0
B/initial/test-979/17/now,test-979,23,FAIL_RESTORE,0.0497320239956025,True,271
B/initial/test-979/17/now,test-979,23,decode,7.987370433998876,True,305
B/initial/test-979/17/now,test-979,24,verify_call,0.3282444359938381,True,454
B/initial/test-979/17/now,test-979,27,policy_decision,1.3284006854519248e-05,True,0
B/initial/test-979/17/now,test-979,28,FAIL_RESTORE,0.049483755996334367,True,271
B/initial/test-979/17/now,test-979,28,decode,9.003702265996253,True,332
B/initial/test-979/17/now,test-979,29,verify_call,0.3302501299913274,True,474
B/initial/test-979/17/delay1,test-979,3,policy_decision,5.873996997252107e-06,True,0
B/initial/test-979/17/delay1,test-979,5,OFFLINE_RESTORE,0.03665623599954415,False,214
B/initial/test-979/17/delay1,test-979,5,decode,2.8725204299989855,True,113
B/initial/test-979/17/delay1,test-979,6,verify_call,0.24847495699941646,True,268
B/initial/test-979/17/delay1,test-979,9,policy_decision,7.140988600440323e-06,True,0
B/initial/test-979/17/delay1,test-979,10,FAIL_RESTORE,0.03246802499052137,True,192
B/initial/test-979/17/delay1,test-979,10,decode,2.5422332029993413,True,106
B/initial/test-979/17/delay1,test-979,11,verify_call,0.1882587840082124,True,171
B/initial/test-979/17/delay1,test-979,14,policy_decision,1.0799994925037026e-05,True,0
B/initial/test-979/17/delay1,test-979,16,OFFLINE_RESTORE,0.049714462002157234,False,298
B/initial/test-979/17/delay1,test-979,16,decode,3.7088377909967676,True,142
B/initial/test-979/17/delay1,test-979,17,verify_call,0.2505465720023494,True,298
B/initial/test-979/17/delay1,test-979,20,policy_decision,1.3954995665699244e-05,True,0
B/initial/test-979/17/delay1,test-979,21,FAIL_RESTORE,0.05364280998765025,True,355
B/initial/test-979/17/delay1,test-979,21,decode,3.1058336069982033,True,121
B/initial/test-979/17/delay1,test-979,22,verify_call,0.24945592299627606,True,279
B/initial/test-979/17/delay1,test-979,25,policy_decision,9.915005648508668e-06,True,0
B/initial/test-979/17/delay1,test-979,26,FAIL_RESTORE,0.05326595000224188,True,355
B/initial/test-979/17/delay1,test-979,26,decode,3.3120171780028613,True,129
B/initial/test-979/17/delay1,test-979,27,verify_call,0.24761895899428055,True,284
B/initial/test-979/17/delay1,test-979,30,policy_decision,1.6467005480080843e-05,True,0
B/initial/test-979/17/delay1,test-979,31,FAIL_RESTORE,0.05296651300159283,True,355
B/initial/test-979/17/delay1,test-979,31,decode,3.678201545000775,True,138
B/initial/test-979/17/delay1,test-979,32,verify_call,0.250172639003722,True,300
B/initial/test-979/17/delay2,test-979,3,policy_decision,9.244991815648973e-06,True,0
B/initial/test-979/17/delay2,test-979,5,OFFLINE_RESTORE,0.037769957998534665,False,214
B/initial/test-979/17/delay2,test-979,5,decode,4.87199439300457,True,192
B/initial/test-979/17/delay2,test-979,6,verify_call,0.2689388120052172,True,345
B/initial/test-979/17/delay2,test-979,9,policy_decision,7.112001185305417e-06,True,0
B/initial/test-979/17/delay2,test-979,10,FAIL_RESTORE,0.0325193940079771,True,192
B/initial/test-979/17/delay2,test-979,10,decode,1.844283230995643,True,76
B/initial/test-979/17/delay2,test-979,11,verify_call,0.18091870199714322,True,142
B/initial/test-979/17/delay2,test-979,14,policy_decision,9.415001841261983e-06,True,0
B/initial/test-979/17/delay2,test-979,16,OFFLINE_RESTORE,0.04986812699644361,False,268
B/initial/test-979/17/delay2,test-979,16,decode,3.437435768006253,True,134
B/initial/test-979/17/delay2,test-979,17,verify_call,0.2485261069959961,True,262
B/initial/test-979/17/delay2,test-979,20,policy_decision,1.119299849960953e-05,True,0
B/initial/test-979/17/delay2,test-979,22,OFFLINE_RESTORE,0.06788274699647445,False,402
B/initial/test-979/17/delay2,test-979,22,decode,0.7520405069953995,True,29
B/initial/test-979/17/delay2,test-979,23,verify_call,0.2501304609904764,True,291
B/initial/test-979/17/delay2,test-979,26,policy_decision,9.409995982423425e-06,True,0
B/initial/test-979/17/delay2,test-979,27,FAIL_RESTORE,0.0696799680008553,True,459
B/initial/test-979/17/delay2,test-979,27,decode,1.3115628130035475,True,51
B/initial/test-979/17/delay2,test-979,28,verify_call,0.2488588179985527,True,304
B/initial/test-979/17/delay2,test-979,31,policy_decision,1.1804004316218197e-05,True,0
B/initial/test-979/17/delay2,test-979,32,FAIL_RESTORE,0.0683972319966415,True,461
B/initial/test-979/17/delay2,test-979,32,decode,0.7607299369992688,True,30
B/initial/test-979/17/endpoint_only,test-979,3,policy_decision,2.806991687975824e-06,True,0
B/initial/test-979/17/endpoint_only,test-979,5,OFFLINE_RESTORE,0.03772380400914699,False,214
B/initial/test-979/17/endpoint_only,test-979,5,decode,8.652598190994468,True,349
B/initial/test-979/17/endpoint_only,test-979,6,verify_call,0.3323783369996818,True,500
B/initial/test-979/17/endpoint_only,test-979,9,policy_decision,3.1509989639744163e-06,True,0
B/initial/test-979/17/endpoint_only,test-979,10,FAIL_RESTORE,0.032756935004726984,True,192
B/initial/test-979/17/endpoint_only,test-979,10,decode,10.895359951988212,True,443
B/initial/test-979/17/endpoint_only,test-979,11,verify_call,0.33580325500224717,True,506
B/initial/test-979/17/endpoint_only,test-979,14,policy_decision,4.130997695028782e-06,True,0
B/initial/test-979/17/endpoint_only,test-979,15,FAIL_RESTORE,0.03433398400375154,True,192
B/initial/test-979/17/endpoint_only,test-979,15,decode,3.628893529996276,True,142
B/initial/test-979/17/endpoint_only,test-979,16,verify_call,0.20824361400445923,True,207
B/initial/test-979/17/endpoint_only,test-979,19,policy_decision,2.796994522213936e-06,True,0
B/initial/test-979/17/endpoint_only,test-979,20,FAIL_RESTORE,0.032625773004838265,True,192
B/initial/test-979/17/endpoint_only,test-979,20,decode,5.5547052409965545,True,217
B/initial/test-979/17/endpoint_only,test-979,21,verify_call,0.2480308160011191,True,277
B/initial/test-979/17/endpoint_only,test-979,24,policy_decision,3.7580030038952827e-06,True,0
B/initial/test-979/17/endpoint_only,test-979,25,FAIL_RESTORE,0.03300153299642261,True,192
B/initial/test-979/17/endpoint_only,test-979,25,decode,10.01955924599315,True,385
B/initial/test-979/17/endpoint_only,test-979,26,verify_call,0.3262687759997789,True,429
B/initial/test-979/17/endpoint_only,test-979,29,policy_decision,3.3719989005476236e-06,True,0
B/initial/test-979/17/endpoint_only,test-979,30,FAIL_RESTORE,0.03349067999806721,True,192
B/initial/test-979/17/endpoint_only,test-979,30,decode,0.15371776300889906,True,7
B/initial/test-979/17/endpoint_only,test-979,31,verify_call,0.15231499000219628,True,87
B/initial/test-979/29/now,test-979,3,verify_call,0.18969280399323907,True,157
B/initial/test-979/29/now,test-979,6,policy_decision,6.85499981045723e-06,True,0
B/initial/test-979/29/now,test-979,8,OFFLINE_RESTORE,0.036877310994896106,False,214
B/initial/test-979/29/now,test-979,8,decode,11.658120127001894,True,477
B/initial/test-979/29/now,test-979,9,verify_call,0.40378644299926236,True,624
B/initial/test-979/29/now,test-979,12,policy_decision,1.1254000128246844e-05,True,0
B/initial/test-979/29/now,test-979,13,FAIL_RESTORE,0.049666191000142135,True,271
B/initial/test-979/29/now,test-979,13,decode,16.30721963000542,True,621
B/initial/test-979/29/now,test-979,14,verify_call,0.4658216810057638,True,749
B/initial/test-979/29/now,test-979,17,policy_decision,1.1295007425360382e-05,True,0
B/initial/test-979/29/now,test-979,18,FAIL_RESTORE,0.049848677997943014,True,271
B/initial/test-979/29/now,test-979,18,decode,0.16600740699504968,True,7
B/initial/test-979/29/now,test-979,19,verify_call,0.18823511300433893,True,164
B/initial/test-979/29/now,test-979,22,policy_decision,1.1486001312732697e-05,True,0
B/initial/test-979/29/now,test-979,23,FAIL_RESTORE,0.04922637200797908,True,271
B/initial/test-979/29/now,test-979,23,decode,9.705479846001253,True,371
B/initial/test-979/29/now,test-979,24,verify_call,0.39298024799791165,True,519
B/initial/test-979/29/now,test-979,27,policy_decision,9.997005690820515e-06,True,0
B/initial/test-979/29/now,test-979,28,FAIL_RESTORE,0.04913225800555665,True,271
B/initial/test-979/29/now,test-979,28,decode,8.235062289997586,True,312
B/initial/test-979/29/now,test-979,29,verify_call,0.32632641099917237,True,459
B/initial/test-979/29/delay1,test-979,3,policy_decision,8.774004527367651e-06,True,0
B/initial/test-979/29/delay1,test-979,5,OFFLINE_RESTORE,0.037716931008617394,False,214
B/initial/test-979/29/delay1,test-979,5,decode,2.9623286299902247,True,123
B/initial/test-979/29/delay1,test-979,6,verify_call,0.2475498330022674,True,277
B/initial/test-979/29/delay1,test-979,9,policy_decision,1.0830990504473448e-05,True,0
B/initial/test-979/29/delay1,test-979,10,FAIL_RESTORE,0.03367107501253486,True,192
B/initial/test-979/29/delay1,test-979,10,decode,3.75206245300069,True,148
B/initial/test-979/29/delay1,test-979,11,verify_call,0.20653425699856598,True,213
B/initial/test-979/29/delay1,test-979,14,policy_decision,1.1477008229121566e-05,True,0
B/initial/test-979/29/delay1,test-979,16,OFFLINE_RESTORE,0.053690782995545305,False,340
B/initial/test-979/29/delay1,test-979,16,decode,0.7447865520080086,True,29
B/initial/test-979/29/delay1,test-979,17,verify_call,0.20786306299851276,True,242
B/initial/test-979/29/delay1,test-979,20,policy_decision,8.577000699006021e-06,True,0
B/initial/test-979/29/delay1,test-979,21,FAIL_RESTORE,0.06522003500140272,True,397
B/initial/test-979/29/delay1,test-979,21,decode,0.37654224400466774,True,16
B/initial/test-979/29/delay1,test-979,22,verify_call,0.2066497109917691,True,229
B/initial/test-979/29/delay1,test-979,25,policy_decision,1.349899685010314e-05,True,0
B/initial/test-979/29/delay1,test-979,26,FAIL_RESTORE,0.06464120300370269,True,397
B/initial/test-979/29/delay1,test-979,26,decode,0.15225498098880053,True,7
B/initial/test-979/29/delay1,test-979,27,verify_call,0.206153238992556,True,220
B/initial/test-979/29/delay1,test-979,30,policy_decision,1.971700112335384e-05,True,0
B/initial/test-979/29/delay1,test-979,31,FAIL_RESTORE,0.06669346299895551,True,397
B/initial/test-979/29/delay1,test-979,31,decode,3.0948736040008953,True,121
B/initial/test-979/29/delay1,test-979,32,verify_call,0.26821538200601935,True,321
B/initial/test-979/29/delay2,test-979,3,policy_decision,6.270012818276882e-06,True,0
B/initial/test-979/29/delay2,test-979,5,OFFLINE_RESTORE,0.0375200609996682,False,214
B/initial/test-979/29/delay2,test-979,5,decode,5.967247389009572,True,245
B/initial/test-979/29/delay2,test-979,6,verify_call,0.3132691840000916,True,396
B/initial/test-979/29/delay2,test-979,9,policy_decision,6.741000106558204e-06,True,0
B/initial/test-979/29/delay2,test-979,10,FAIL_RESTORE,0.03435151599114761,True,192
B/initial/test-979/29/delay2,test-979,10,decode,5.627511579004931,True,220
B/initial/test-979/29/delay2,test-979,11,verify_call,0.24859055499837268,True,283
B/initial/test-979/29/delay2,test-979,14,policy_decision,7.916009053587914e-06,True,0
B/initial/test-979/29/delay2,test-979,15,FAIL_RESTORE,0.032660732002113946,True,192
B/initial/test-979/29/delay2,test-979,15,decode,2.3662236650125124,True,92
B/initial/test-979/29/delay2,test-979,16,verify_call,0.18882826100161765,True,157
B/initial/test-979/29/delay2,test-979,19,policy_decision,9.123992640525103e-06,True,0
B/initial/test-979/29/delay2,test-979,21,OFFLINE_RESTORE,0.04935060700518079,False,284
B/initial/test-979/29/delay2,test-979,21,decode,5.501361998001812,True,211
B/initial/test-979/29/delay2,test-979,22,verify_call,0.2683552460075589,True,357
B/initial/test-979/29/delay2,test-979,25,policy_decision,1.1545009328983724e-05,True,0
B/initial/test-979/29/delay2,test-979,26,FAIL_RESTORE,0.055093971008318476,True,341
B/initial/test-979/29/delay2,test-979,26,decode,3.9690778740041424,True,152
B/initial/test-979/29/delay2,test-979,27,verify_call,0.24905634600145277,True,291
B/initial/test-979/29/delay2,test-979,30,policy_decision,1.7475991626270115e-05,True,0
B/initial/test-979/29/delay2,test-979,31,FAIL_RESTORE,0.05313427100190893,True,341
B/initial/test-979/29/delay2,test-979,31,decode,2.2582144089974463,True,88
B/initial/test-979/29/delay2,test-979,32,verify_call,0.2047727430035593,True,230
B/initial/test-979/29/endpoint_only,test-979,3,policy_decision,2.921995474025607e-06,True,0
B/initial/test-979/29/endpoint_only,test-979,5,OFFLINE_RESTORE,0.03735392099770252,False,214
B/initial/test-979/29/endpoint_only,test-979,5,decode,14.045169645993155,True,577
B/initial/test-979/29/endpoint_only,test-979,6,verify_call,0.46008728600281756,True,724
B/initial/test-979/29/endpoint_only,test-979,9,policy_decision,4.380999598652124e-06,True,0
B/initial/test-979/29/endpoint_only,test-979,10,FAIL_RESTORE,0.03461223699559923,True,192
B/initial/test-979/29/endpoint_only,test-979,10,decode,8.048802106990479,True,313
B/initial/test-979/29/endpoint_only,test-979,11,verify_call,0.27306159801082686,True,379
B/initial/test-979/29/endpoint_only,test-979,14,policy_decision,3.0939991120249033e-06,True,0
B/initial/test-979/29/endpoint_only,test-979,15,FAIL_RESTORE,0.03254593499877956,True,192
B/initial/test-979/29/endpoint_only,test-979,15,decode,5.6194796490017325,True,212
B/initial/test-979/29/endpoint_only,test-979,16,verify_call,0.2472334670019336,True,276
B/initial/test-979/29/endpoint_only,test-979,19,policy_decision,3.155000740662217e-06,True,0
B/initial/test-979/29/endpoint_only,test-979,20,FAIL_RESTORE,0.03313762799371034,True,192
B/initial/test-979/29/endpoint_only,test-979,20,decode,6.337461937990156,True,243
B/initial/test-979/29/endpoint_only,test-979,21,verify_call,0.2505622320022667,True,306
B/initial/test-979/29/endpoint_only,test-979,24,policy_decision,3.987996024079621e-06,True,0
B/initial/test-979/29/endpoint_only,test-979,25,FAIL_RESTORE,0.03515939100179821,True,192
B/initial/test-979/29/endpoint_only,test-979,25,decode,7.759662436001236,True,298
B/initial/test-979/29/endpoint_only,test-979,26,verify_call,0.26834830100415275,True,360
B/initial/test-979/43/now,test-979,3,verify_call,0.18738332499924581,True,157
B/initial/test-979/43/now,test-979,6,policy_decision,9.359995601698756e-06,True,0
B/initial/test-979/43/now,test-979,8,OFFLINE_RESTORE,0.03769244901195634,False,214
B/initial/test-979/43/now,test-979,8,decode,10.027180598000996,True,387
B/initial/test-979/43/now,test-979,9,verify_call,0.39408556900161784,True,536
B/initial/test-979/43/now,test-979,12,policy_decision,1.18750031106174e-05,True,0
B/initial/test-979/43/now,test-979,13,FAIL_RESTORE,0.04899366899917368,True,271
B/initial/test-979/43/now,test-979,13,decode,7.343970731002628,True,280
B/initial/test-979/43/now,test-979,14,verify_call,0.32536955999967176,True,429
B/initial/test-979/43/now,test-979,17,policy_decision,5.570099165197462e-05,True,0
B/initial/test-979/43/now,test-979,18,FAIL_RESTORE,0.050297263005631976,True,271
B/initial/test-979/43/now,test-979,18,decode,10.8193096259929,True,404
B/initial/test-979/43/now,test-979,19,verify_call,0.39103512599831447,True,547
B/initial/test-979/43/now,test-979,22,policy_decision,1.3811004464514554e-05,True,0
B/initial/test-979/43/now,test-979,23,FAIL_RESTORE,0.049963177007157356,True,271
B/initial/test-979/43/now,test-979,23,decode,9.818958235002356,True,372
B/initial/test-979/43/now,test-979,24,verify_call,0.3918828460009536,True,517
B/initial/test-979/43/now,test-979,27,policy_decision,1.7825994291342795e-05,True,0
B/initial/test-979/43/now,test-979,28,FAIL_RESTORE,0.04936746299790684,True,271
B/initial/test-979/43/now,test-979,28,decode,7.975414407002972,True,306
B/initial/test-979/43/now,test-979,29,verify_call,0.32526587999018375,True,447
B/initial/test-979/43/delay1,test-979,3,policy_decision,8.953997166827321e-06,True,0
B/initial/test-979/43/delay1,test-979,5,OFFLINE_RESTORE,0.03711858899623621,False,214
B/initial/test-979/43/delay1,test-979,5,decode,2.6739954829972703,True,109
B/initial/test-979/43/delay1,test-979,6,verify_call,0.24614447700150777,True,263
B/initial/test-979/43/delay1,test-979,9,policy_decision,8.8600063463673e-06,True,0
B/initial/test-979/43/delay1,test-979,10,FAIL_RESTORE,0.03296859600231983,True,192
B/initial/test-979/43/delay1,test-979,10,decode,2.772122619993752,True,109
B/initial/test-979/43/delay1,test-979,11,verify_call,0.19175690998963546,True,174
B/initial/test-979/43/delay1,test-979,14,policy_decision,7.1359972935169935e-06,True,0
B/initial/test-979/43/delay1,test-979,16,OFFLINE_RESTORE,0.050376972008962184,False,301
B/initial/test-979/43/delay1,test-979,16,decode,3.7683880270051304,True,144
B/initial/test-979/43/delay1,test-979,17,verify_call,0.24944769499415997,True,306
B/initial/test-979/43/delay1,test-979,20,policy_decision,1.1482989066280425e-05,True,0
B/initial/test-979/43/delay1,test-979,22,OFFLINE_RESTORE,0.0663228259945754,False,445
B/initial/test-979/43/delay1,test-979,22,decode,4.226996743003838,True,160
B/initial/test-979/43/delay1,test-979,23,verify_call,0.32673024499672465,True,452
B/initial/test-979/43/delay1,test-979,26,policy_decision,1.607499143574387e-05,True,0
B/initial/test-979/43/delay1,test-979,28,OFFLINE_RESTORE,0.08878388999437448,False,605
B/initial/test-979/43/delay1,test-979,28,decode,0.7983268730022246,True,32
B/initial/test-979/43/delay1,test-979,29,verify_call,0.329913794004824,True,484
B/initial/test-979/43/delay1,test-979,32,policy_decision,1.625300501473248e-05,True,0
B/initial/test-979/43/delay1,test-979,33,FAIL_RESTORE,0.100942965989816,True,665
B/initial/test-979/43/delay1,test-979,33,decode,1.2761630320019322,True,50
B/initial/test-979/43/delay1,test-979,34,verify_call,0.33517398200638127,True,497
B/initial/test-979/43/delay2,test-979,3,policy_decision,8.062008419074118e-06,True,0
B/initial/test-979/43/delay2,test-979,5,OFFLINE_RESTORE,0.03778898299788125,False,214
B/initial/test-979/43/delay2,test-979,5,decode,5.610698346994468,True,217
B/initial/test-979/43/delay2,test-979,6,verify_call,0.2689075980015332,True,368
B/initial/test-979/43/delay2,test-979,9,policy_decision,1.0068004485219717e-05,True,0
B/initial/test-979/43/delay2,test-979,10,FAIL_RESTORE,0.033658925007330254,True,192
B/initial/test-979/43/delay2,test-979,10,decode,3.091657774988562,True,118
B/initial/test-979/43/delay2,test-979,11,verify_call,0.19113737001316622,True,182
B/initial/test-979/43/delay2,test-979,14,policy_decision,1.2896998669020832e-05,True,0
B/initial/test-979/43/delay2,test-979,15,FAIL_RESTORE,0.0330319209897425,True,192
B/initial/test-979/43/delay2,test-979,15,decode,2.405541436004569,True,93
B/initial/test-979/43/delay2,test-979,16,verify_call,0.18784961599158123,True,159
B/initial/test-979/43/delay2,test-979,19,policy_decision,1.2434000382199883e-05,True,0
B/initial/test-979/43/delay2,test-979,20,FAIL_RESTORE,0.03285301099822391,True,192
B/initial/test-979/43/delay2,test-979,20,decode,2.9773713320028037,True,115
B/initial/test-979/43/delay2,test-979,21,verify_call,0.18828027001291048,True,180
B/initial/test-979/43/delay2,test-979,24,policy_decision,1.0748000931926072e-05,True,0
B/initial/test-979/43/delay2,test-979,25,FAIL_RESTORE,0.03284702300152276,True,192
B/initial/test-979/43/delay2,test-979,25,decode,2.368928493000567,True,92
B/initial/test-979/43/delay2,test-979,26,verify_call,0.1869484829949215,True,157
B/initial/test-979/43/delay2,test-979,29,policy_decision,1.9760991563089192e-05,True,0
B/initial/test-979/43/delay2,test-979,31,OFFLINE_RESTORE,0.052031597995664924,False,284
B/initial/test-979/43/delay2,test-979,31,decode,2.0993607220007107,True,81
B/initial/test-979/43/delay2,test-979,32,verify_call,0.20666887899278663,True,226
B/initial/test-979/43/endpoint_only,test-979,3,policy_decision,2.882996341213584e-06,True,0
B/initial/test-979/43/endpoint_only,test-979,5,OFFLINE_RESTORE,0.03713516000425443,False,214
B/initial/test-979/43/endpoint_only,test-979,5,decode,9.999370987992734,True,387
B/initial/test-979/43/endpoint_only,test-979,6,verify_call,0.3921182339981897,True,536
B/initial/test-979/43/endpoint_only,test-979,9,policy_decision,2.992994268424809e-06,True,0
B/initial/test-979/43/endpoint_only,test-979,10,FAIL_RESTORE,0.03717439400497824,True,192
B/initial/test-979/43/endpoint_only,test-979,10,decode,5.854759631009074,True,226
B/initial/test-979/43/endpoint_only,test-979,11,verify_call,0.2494343190046493,True,285
B/initial/test-979/43/endpoint_only,test-979,14,policy_decision,3.196997568011284e-06,True,0
B/initial/test-979/43/endpoint_only,test-979,15,FAIL_RESTORE,0.03729415399720892,True,192
B/initial/test-979/43/endpoint_only,test-979,15,decode,6.871396741000353,True,265
B/initial/test-979/43/endpoint_only,test-979,16,verify_call,0.2670427650009515,True,323
B/initial/test-979/43/endpoint_only,test-979,19,policy_decision,3.1609961297363043e-06,True,0
B/initial/test-979/43/endpoint_only,test-979,20,FAIL_RESTORE,0.03305535500112455,True,192
B/initial/test-979/43/endpoint_only,test-979,20,decode,12.24191577800957,True,471
B/initial/test-979/43/endpoint_only,test-979,21,verify_call,0.33065329199598636,True,497
B/initial/test-979/43/endpoint_only,test-979,24,policy_decision,5.089008482173085e-06,True,0
B/initial/test-979/43/endpoint_only,test-979,25,FAIL_RESTORE,0.034594434007885866,True,192
B/initial/test-979/43/endpoint_only,test-979,25,decode,9.07531929500692,True,342
B/initial/test-979/43/endpoint_only,test-979,26,verify_call,0.3110663410043344,True,399
B/initial/test-979/43/endpoint_only,test-979,29,policy_decision,3.968991222791374e-06,True,0
B/initial/test-979/43/endpoint_only,test-979,30,FAIL_RESTORE,0.03314401299576275,True,192
B/initial/test-979/43/endpoint_only,test-979,30,decode,7.2993756709911395,True,274
B/initial/test-80/17/now,test-80,3,verify_call,0.15163584100082517,True,121
B/initial/test-80/17/now,test-80,6,policy_decision,5.900001269765198e-06,True,0
B/initial/test-80/17/now,test-80,8,OFFLINE_RESTORE,0.03239021298941225,False,189
B/initial/test-80/17/now,test-80,8,decode,2.982757046003826,True,117
B/initial/test-80/17/now,test-80,9,verify_call,0.20731608700589277,True,232
B/initial/test-80/17/delay1,test-80,3,policy_decision,6.237998604774475e-06,True,0
B/initial/test-80/17/delay1,test-80,5,OFFLINE_RESTORE,0.033932040008949116,False,189
B/initial/test-80/17/delay1,test-80,5,decode,0.5260775869974168,True,21
B/initial/test-80/17/delay1,test-80,6,verify_call,0.17985900699568447,True,139
B/initial/test-80/17/delay1,test-80,9,policy_decision,5.641995812766254e-06,True,0
B/initial/test-80/17/delay1,test-80,11,OFFLINE_RESTORE,0.0374381620058557,False,210
B/initial/test-80/17/delay1,test-80,11,decode,3.281633093007258,True,128
B/initial/test-80/17/delay1,test-80,12,verify_call,0.24924864000058733,True,263
B/initial/test-80/17/delay2,test-80,3,policy_decision,6.557005690410733e-06,True,0
B/initial/test-80/17/delay2,test-80,5,OFFLINE_RESTORE,0.03288076099124737,False,189
B/initial/test-80/17/delay2,test-80,5,decode,1.6174294349912088,True,63
B/initial/test-80/17/delay2,test-80,6,verify_call,0.18782055198971648,True,177
B/initial/test-80/17/delay2,test-80,9,policy_decision,6.633999873884022e-06,True,0
B/initial/test-80/17/delay2,test-80,11,OFFLINE_RESTORE,0.03771962500468362,False,252
B/initial/test-80/17/delay2,test-80,11,decode,1.3668063590012025,True,54
B/initial/test-80/17/delay2,test-80,12,verify_call,0.20825057898764499,True,232
B/initial/test-80/17/endpoint_only,test-80,3,policy_decision,3.216002369299531e-06,True,0
B/initial/test-80/17/endpoint_only,test-80,5,OFFLINE_RESTORE,0.03576546699332539,False,189
B/initial/test-80/17/endpoint_only,test-80,5,decode,3.0226023239956703,True,117
B/initial/test-80/17/endpoint_only,test-80,6,verify_call,0.20475188099953812,True,232
B/initial/test-80/29/now,test-80,3,verify_call,0.1528430400067009,True,121
B/initial/test-80/29/now,test-80,6,policy_decision,5.607987986877561e-06,True,0
B/initial/test-80/29/now,test-80,8,OFFLINE_RESTORE,0.032824605994392186,False,189
B/initial/test-80/29/now,test-80,8,decode,2.630872164008906,True,105
B/initial/test-80/29/now,test-80,9,verify_call,0.2094562220008811,True,223
B/initial/test-80/29/delay1,test-80,3,policy_decision,7.363996701315045e-06,True,0
B/initial/test-80/29/delay1,test-80,5,OFFLINE_RESTORE,0.036482833995250985,False,189
B/initial/test-80/29/delay1,test-80,5,decode,1.1404193780035712,True,45
B/initial/test-80/29/delay1,test-80,6,verify_call,0.18690109699673485,True,162
B/initial/test-80/29/delay1,test-80,9,policy_decision,1.34530127979815e-05,True,0
B/initial/test-80/29/delay1,test-80,11,OFFLINE_RESTORE,0.0388049610046437,False,234
B/initial/test-80/29/delay1,test-80,11,decode,1.5075091059989063,True,60
B/initial/test-80/29/delay1,test-80,12,verify_call,0.2077666139957728,True,223
B/initial/test-80/29/delay2,test-80,3,policy_decision,1.0204996215179563e-05,True,0
B/initial/test-80/29/delay2,test-80,5,OFFLINE_RESTORE,0.03289252500690054,False,189
B/initial/test-80/29/delay2,test-80,5,decode,2.7670972509949934,True,105
B/initial/test-80/29/delay2,test-80,6,verify_call,0.204697829001816,True,223
B/initial/test-80/29/endpoint_only,test-80,3,policy_decision,3.043998731300235e-06,True,0
B/initial/test-80/29/endpoint_only,test-80,5,OFFLINE_RESTORE,0.03278933399997186,False,189
B/initial/test-80/29/endpoint_only,test-80,5,decode,2.7136020489997463,True,105
B/initial/test-80/29/endpoint_only,test-80,6,verify_call,0.20682057199883275,True,223
B/initial/test-80/43/now,test-80,3,verify_call,0.15277806000085548,True,121
B/initial/test-80/43/now,test-80,6,policy_decision,8.757997420616448e-06,True,0
B/initial/test-80/43/now,test-80,8,OFFLINE_RESTORE,0.03294056499726139,False,189
B/initial/test-80/43/now,test-80,8,decode,3.053387670996017,True,120
B/initial/test-80/43/now,test-80,9,verify_call,0.20738618100585882,True,238
B/initial/test-80/43/delay1,test-80,3,policy_decision,7.594993803650141e-06,True,0
B/initial/test-80/43/delay1,test-80,5,OFFLINE_RESTORE,0.03377569200529251,False,189
B/initial/test-80/43/delay1,test-80,5,decode,1.5254591560078552,True,59
B/initial/test-80/43/delay1,test-80,6,verify_call,0.1892804880044423,True,176
B/initial/test-80/43/delay1,test-80,9,policy_decision,7.994996849447489e-06,True,0
B/initial/test-80/43/delay1,test-80,11,OFFLINE_RESTORE,0.03720093800802715,False,248
B/initial/test-80/43/delay1,test-80,11,decode,1.5868314489925979,True,61
B/initial/test-80/43/delay1,test-80,12,verify_call,0.20828453499416355,True,238
B/initial/test-80/43/delay2,test-80,3,policy_decision,1.3591008610092103e-05,True,0
B/initial/test-80/43/delay2,test-80,5,OFFLINE_RESTORE,0.03288361700833775,False,189
B/initial/test-80/43/delay2,test-80,5,decode,3.1232270119944587,True,120
B/initial/test-80/43/delay2,test-80,6,verify_call,0.20624571999360342,True,238
B/initial/test-80/43/endpoint_only,test-80,3,policy_decision,2.735992893576622e-06,True,0
B/initial/test-80/43/endpoint_only,test-80,5,OFFLINE_RESTORE,0.03232281398959458,False,189
B/initial/test-80/43/endpoint_only,test-80,5,decode,3.1063780459953705,True,120
B/initial/test-80/43/endpoint_only,test-80,6,verify_call,0.20621634800045285,True,238
B/initial/test-903/17/now,test-903,3,verify_call,0.18857843299338128,True,175
B/initial/test-903/17/now,test-903,6,policy_decision,6.795991794206202e-06,True,0
B/initial/test-903/17/now,test-903,8,OFFLINE_RESTORE,0.03802523200283758,False,234
B/initial/test-903/17/now,test-903,8,decode,9.252866315000574,True,356
B/initial/test-903/17/now,test-903,9,verify_call,0.3953470560081769,True,522
B/initial/test-903/17/delay1,test-903,3,policy_decision,6.076006684452295e-06,True,0
B/initial/test-903/17/delay1,test-903,5,OFFLINE_RESTORE,0.03742197800602298,False,234
B/initial/test-903/17/delay1,test-903,5,decode,1.9224309980054386,True,74
B/initial/test-903/17/delay1,test-903,6,verify_call,0.20716956999967806,True,246
B/initial/test-903/17/delay1,test-903,9,policy_decision,8.177987183444202e-06,True,0
B/initial/test-903/17/delay1,test-903,11,OFFLINE_RESTORE,0.049745694996090606,False,308
B/initial/test-903/17/delay1,test-903,11,decode,7.37415486300597,True,282
B/initial/test-903/17/delay1,test-903,12,verify_call,0.3951185479963897,True,522
B/initial/test-903/17/delay2,test-903,3,policy_decision,6.112008122727275e-06,True,0
B/initial/test-903/17/delay2,test-903,5,OFFLINE_RESTORE,0.03873392600507941,False,234
B/initial/test-903/17/delay2,test-903,5,decode,4.3819044999982,True,173
B/initial/test-903/17/delay2,test-903,6,verify_call,0.2693204400129616,True,342
B/initial/test-903/17/delay2,test-903,9,policy_decision,9.698007488623261e-06,True,0
B/initial/test-903/17/delay2,test-903,11,OFFLINE_RESTORE,0.06659659299475607,False,407
B/initial/test-903/17/delay2,test-903,11,decode,4.748787340999115,True,183
B/initial/test-903/17/delay2,test-903,12,verify_call,0.39372730399190914,True,522
B/initial/test-903/17/endpoint_only,test-903,3,policy_decision,4.338988219387829e-06,True,0
B/initial/test-903/17/endpoint_only,test-903,5,OFFLINE_RESTORE,0.03772127200500108,False,234
B/initial/test-903/17/endpoint_only,test-903,5,decode,9.13042533400585,True,356
B/initial/test-903/17/endpoint_only,test-903,6,verify_call,0.39281735400436446,True,522
B/initial/test-903/29/now,test-903,3,verify_call,0.1884903540048981,True,175
B/initial/test-903/29/now,test-903,6,policy_decision,5.110006895847619e-06,True,0
B/initial/test-903/29/now,test-903,8,OFFLINE_RESTORE,0.037459978004335426,False,234
B/initial/test-903/29/now,test-903,8,decode,9.727155806991505,True,377
B/initial/test-903/29/now,test-903,9,verify_call,0.39145080601156224,True,543
B/initial/test-903/29/delay1,test-903,3,policy_decision,7.884009392000735e-06,True,0
B/initial/test-903/29/delay1,test-903,5,OFFLINE_RESTORE,0.03833188601129223,False,234
B/initial/test-903/29/delay1,test-903,5,decode,2.213176378994831,True,89
B/initial/test-903/29/delay1,test-903,6,verify_call,0.24674699100432917,True,261
B/initial/test-903/29/delay1,test-903,9,policy_decision,7.0929963840171695e-06,True,0
B/initial/test-903/29/delay1,test-903,11,OFFLINE_RESTORE,0.05203224600700196,False,323
B/initial/test-903/29/delay1,test-903,11,decode,7.541474133002339,True,288
B/initial/test-903/29/delay1,test-903,12,verify_call,0.3908855399931781,True,543
B/initial/test-903/29/delay2,test-903,3,policy_decision,6.255009793676436e-06,True,0
B/initial/test-903/29/delay2,test-903,5,OFFLINE_RESTORE,0.0376100419962313,False,234
B/initial/test-903/29/delay2,test-903,5,decode,4.8151803399960045,True,188
B/initial/test-903/29/delay2,test-903,6,verify_call,0.2698122279980453,True,357
B/initial/test-903/29/delay2,test-903,9,policy_decision,6.672999006696045e-06,True,0
B/initial/test-903/29/delay2,test-903,11,OFFLINE_RESTORE,0.06423881200316828,False,422
B/initial/test-903/29/delay2,test-903,11,decode,4.9191777579981135,True,189
B/initial/test-903/29/delay2,test-903,12,verify_call,0.39213144399400335,True,543
B/initial/test-903/29/endpoint_only,test-903,3,policy_decision,2.6600027922540903e-06,True,0
B/initial/test-903/29/endpoint_only,test-903,5,OFFLINE_RESTORE,0.0380400670110248,False,234
B/initial/test-903/29/endpoint_only,test-903,5,decode,9.696907182005816,True,377
B/initial/test-903/29/endpoint_only,test-903,6,verify_call,0.3952916220005136,True,543
B/initial/test-903/43/now,test-903,3,verify_call,0.1879743080062326,True,175
B/initial/test-903/43/now,test-903,6,policy_decision,1.0036994353868067e-05,True,0
B/initial/test-903/43/now,test-903,8,OFFLINE_RESTORE,0.0381236419925699,False,234
B/initial/test-903/43/now,test-903,8,decode,9.527620748995105,True,369
B/initial/test-903/43/now,test-903,9,verify_call,0.3913322439912008,True,535
B/initial/test-903/43/delay1,test-903,3,policy_decision,6.661008228547871e-06,True,0
B/initial/test-903/43/delay1,test-903,5,OFFLINE_RESTORE,0.037834848000784405,False,234
B/initial/test-903/43/delay1,test-903,5,decode,2.6701548190030735,True,99
B/initial/test-903/43/delay1,test-903,6,verify_call,0.247845274003339,True,271
B/initial/test-903/43/delay1,test-903,9,policy_decision,7.214010111056268e-06,True,0
B/initial/test-903/43/delay1,test-903,11,OFFLINE_RESTORE,0.05260712100425735,False,333
B/initial/test-903/43/delay1,test-903,11,decode,6.826317682003719,True,267
B/initial/test-903/43/delay1,test-903,12,verify_call,0.3906315540079959,True,532
B/initial/test-903/43/delay2,test-903,3,policy_decision,1.0728996130637825e-05,True,0
B/initial/test-903/43/delay2,test-903,5,OFFLINE_RESTORE,0.0386775770020904,False,234
B/initial/test-903/43/delay2,test-903,5,decode,4.978436190998764,True,189
B/initial/test-903/43/delay2,test-903,6,verify_call,0.27576356899226084,True,358
B/initial/test-903/43/delay2,test-903,9,policy_decision,9.848998161032796e-06,True,0
B/initial/test-903/43/delay2,test-903,11,OFFLINE_RESTORE,0.06613187299808487,False,423
B/initial/test-903/43/delay2,test-903,11,decode,4.65536703998805,True,180
B/initial/test-903/43/delay2,test-903,12,verify_call,0.3919868730008602,True,535
B/initial/test-903/43/endpoint_only,test-903,3,policy_decision,3.0140072340145707e-06,True,0
B/initial/test-903/43/endpoint_only,test-903,5,OFFLINE_RESTORE,0.03794362800545059,False,234
B/initial/test-903/43/endpoint_only,test-903,5,decode,9.661705885999254,True,369
B/initial/test-903/43/endpoint_only,test-903,6,verify_call,0.39269981600227766,True,535
B/initial/test-23/17/now,test-23,3,verify_call,0.15167120899423026,True,111
B/initial/test-23/17/now,test-23,6,policy_decision,8.602990419603884e-06,True,0
B/initial/test-23/17/now,test-23,8,OFFLINE_RESTORE,0.03235936499550007,False,171
B/initial/test-23/17/now,test-23,8,decode,2.0565866440010723,True,81
B/initial/test-23/17/now,test-23,9,verify_call,0.18898151800385676,True,192
B/initial/test-23/17/delay1,test-23,3,policy_decision,5.370005965232849e-06,True,0
B/initial/test-23/17/delay1,test-23,5,OFFLINE_RESTORE,0.03200319700408727,False,171
B/initial/test-23/17/delay1,test-23,5,decode,2.056411500001559,True,81
B/initial/test-23/17/delay1,test-23,6,verify_call,0.1897832869872218,True,192
B/initial/test-23/17/delay2,test-23,3,policy_decision,6.9459929363802075e-06,True,0
B/initial/test-23/17/delay2,test-23,5,OFFLINE_RESTORE,0.03205929699470289,False,171
B/initial/test-23/17/delay2,test-23,5,decode,2.0533380239940016,True,81
B/initial/test-23/17/delay2,test-23,6,verify_call,0.18983133700385224,True,192
B/initial/test-23/17/endpoint_only,test-23,3,policy_decision,3.5270059015601873e-06,True,0
B/initial/test-23/17/endpoint_only,test-23,5,OFFLINE_RESTORE,0.03322390399989672,False,171
B/initial/test-23/17/endpoint_only,test-23,5,decode,2.0615293010050664,True,81
B/initial/test-23/17/endpoint_only,test-23,6,verify_call,0.19124233300681226,True,192
B/initial/test-23/29/now,test-23,3,verify_call,0.15137815900379792,True,111
B/initial/test-23/29/now,test-23,6,policy_decision,6.923000910319388e-06,True,0
B/initial/test-23/29/now,test-23,8,OFFLINE_RESTORE,0.03261014699819498,False,171
B/initial/test-23/29/now,test-23,8,decode,3.3048026249889517,True,129
B/initial/test-23/29/now,test-23,9,verify_call,0.2043171229888685,True,234
B/initial/test-23/29/delay1,test-23,3,policy_decision,6.2680046539753675e-06,True,0
B/initial/test-23/29/delay1,test-23,5,OFFLINE_RESTORE,0.0320089800079586,False,171
B/initial/test-23/29/delay1,test-23,5,decode,0.5763434190012049,True,24
B/initial/test-23/29/delay1,test-23,6,verify_call,0.1821698490093695,True,133
B/initial/test-23/29/delay1,test-23,9,policy_decision,6.849993951618671e-06,True,0
B/initial/test-23/29/delay1,test-23,11,OFFLINE_RESTORE,0.036696090988698415,False,195
B/initial/test-23/29/delay1,test-23,11,decode,1.6976682319946121,True,67
B/initial/test-23/29/delay1,test-23,12,verify_call,0.20566156299901195,True,200
B/initial/test-23/29/delay2,test-23,3,policy_decision,6.432994268834591e-06,True,0
B/initial/test-23/29/delay2,test-23,5,OFFLINE_RESTORE,0.032292183008394204,False,171
B/initial/test-23/29/delay2,test-23,5,decode,1.6807558840082493,True,69
B/initial/test-23/29/delay2,test-23,6,verify_call,0.18790570901182946,True,174
B/initial/test-23/29/delay2,test-23,9,policy_decision,8.857008651830256e-06,True,0
B/initial/test-23/29/delay2,test-23,11,OFFLINE_RESTORE,0.03776319499593228,False,240
B/initial/test-23/29/delay2,test-23,11,decode,1.5064189810073003,True,60
B/initial/test-23/29/delay2,test-23,12,verify_call,0.20615293399896473,True,234
B/initial/test-23/29/endpoint_only,test-23,3,policy_decision,4.2669998947530985e-06,True,0
B/initial/test-23/29/endpoint_only,test-23,5,OFFLINE_RESTORE,0.03256741599761881,False,171
B/initial/test-23/29/endpoint_only,test-23,5,decode,3.220219441005611,True,129
B/initial/test-23/29/endpoint_only,test-23,6,verify_call,0.20624358300119638,True,234
B/initial/test-23/43/now,test-23,3,verify_call,0.1539422689966159,True,111
B/initial/test-23/43/now,test-23,6,policy_decision,7.133989129215479e-06,True,0
B/initial/test-23/43/now,test-23,8,OFFLINE_RESTORE,0.032231941004283726,False,171
B/initial/test-23/43/now,test-23,8,decode,2.066188060998684,True,81
B/initial/test-23/43/now,test-23,9,verify_call,0.19043204799527302,True,189
B/initial/test-23/43/delay1,test-23,3,policy_decision,5.304988007992506e-06,True,0
B/initial/test-23/43/delay1,test-23,5,OFFLINE_RESTORE,0.03177686300477944,False,171
B/initial/test-23/43/delay1,test-23,5,decode,1.1018062529910821,True,45
B/initial/test-23/43/delay1,test-23,6,verify_call,0.18237043400586117,True,153
B/initial/test-23/43/delay1,test-23,9,policy_decision,7.014998118393123e-06,True,0
B/initial/test-23/43/delay1,test-23,11,OFFLINE_RESTORE,0.04448949398647528,False,216
B/initial/test-23/43/delay1,test-23,11,decode,0.9187022639962379,True,36
B/initial/test-23/43/delay1,test-23,12,verify_call,0.19164905199431814,True,189
B/initial/test-23/43/delay2,test-23,3,policy_decision,7.2029943112283945e-06,True,0
B/initial/test-23/43/delay2,test-23,5,OFFLINE_RESTORE,0.03266362399153877,False,171
B/initial/test-23/43/delay2,test-23,5,decode,2.0622603189985966,True,81
B/initial/test-23/43/delay2,test-23,6,verify_call,0.18998188299883623,True,189
B/initial/test-23/43/endpoint_only,test-23,3,policy_decision,4.989007720723748e-06,True,0
B/initial/test-23/43/endpoint_only,test-23,5,OFFLINE_RESTORE,0.032671331995516084,False,171
B/initial/test-23/43/endpoint_only,test-23,5,decode,2.090528881002683,True,81
B/initial/test-23/43/endpoint_only,test-23,6,verify_call,0.191389354004059,True,189
B/initial/test-489/17/now,test-489,3,verify_call,0.15205466699262615,True,117
B/initial/test-489/17/now,test-489,6,policy_decision,5.308000254444778e-06,True,0
B/initial/test-489/17/now,test-489,8,OFFLINE_RESTORE,0.03307104999839794,False,176
B/initial/test-489/17/now,test-489,8,decode,2.421047556999838,True,95
B/initial/test-489/17/now,test-489,9,verify_call,0.20866469599423,True,204
B/initial/test-489/17/now,test-489,12,policy_decision,8.593997335992754e-06,True,0
B/initial/test-489/17/now,test-489,13,FAIL_RESTORE,0.03778338199481368,True,233
B/initial/test-489/17/now,test-489,13,decode,2.2606079169927398,True,87
B/initial/test-489/17/now,test-489,14,verify_call,0.2083037740085274,True,200
B/initial/test-489/17/now,test-489,17,policy_decision,1.2963006156496704e-05,True,0
B/initial/test-489/17/now,test-489,18,FAIL_RESTORE,0.03825676398992073,True,233
B/initial/test-489/17/now,test-489,18,decode,2.8158679670013953,True,110
B/initial/test-489/17/now,test-489,19,verify_call,0.20508524900651537,True,216
B/initial/test-489/17/delay1,test-489,3,policy_decision,8.553004590794444e-06,True,0
B/initial/test-489/17/delay1,test-489,5,OFFLINE_RESTORE,0.032454500993480906,False,176
B/initial/test-489/17/delay1,test-489,5,decode,1.0223890759953065,True,41
B/initial/test-489/17/delay1,test-489,6,verify_call,0.18178716700640507,True,154
B/initial/test-489/17/delay1,test-489,9,policy_decision,9.284005500376225e-06,True,0
B/initial/test-489/17/delay1,test-489,11,OFFLINE_RESTORE,0.037694219005061314,False,217
B/initial/test-489/17/delay1,test-489,11,decode,2.347209469997324,True,93
B/initial/test-489/17/delay1,test-489,12,verify_call,0.20733493599982467,True,239
B/initial/test-489/17/delay1,test-489,15,policy_decision,1.232398790307343e-05,True,0
B/initial/test-489/17/delay1,test-489,16,FAIL_RESTORE,0.050757753997459076,True,274
B/initial/test-489/17/delay1,test-489,16,decode,2.1492248609865783,True,83
B/initial/test-489/17/delay1,test-489,17,verify_call,0.20637824200093746,True,230
B/initial/test-489/17/delay2,test-489,3,policy_decision,8.795002941042185e-06,True,0
B/initial/test-489/17/delay2,test-489,5,OFFLINE_RESTORE,0.03452644299250096,False,176
B/initial/test-489/17/delay2,test-489,5,decode,1.812841380989994,True,73
B/initial/test-489/17/delay2,test-489,6,verify_call,0.18997571100771893,True,182
B/initial/test-489/17/delay2,test-489,9,policy_decision,7.673006621189415e-06,True,0
B/initial/test-489/17/delay2,test-489,10,FAIL_RESTORE,0.03708267500041984,True,201
B/initial/test-489/17/delay2,test-489,10,decode,3.5842131929966854,True,139
B/initial/test-489/17/delay2,test-489,11,verify_call,0.20685287000378594,True,220
B/initial/test-489/17/delay2,test-489,14,policy_decision,9.08400397747755e-06,True,0
B/initial/test-489/17/delay2,test-489,15,FAIL_RESTORE,0.037196992998360656,True,201
B/initial/test-489/17/delay2,test-489,15,decode,2.3760669000039343,True,91
B/initial/test-489/17/delay2,test-489,16,verify_call,0.18828754899732303,True,170
B/initial/test-489/17/delay2,test-489,19,policy_decision,1.3715005479753017e-05,True,0
B/initial/test-489/17/delay2,test-489,20,FAIL_RESTORE,0.05027804599376395,True,201
B/initial/test-489/17/delay2,test-489,20,decode,0.13713273000030313,True,6
B/initial/test-489/17/delay2,test-489,21,verify_call,0.15250933999777772,True,94
B/initial/test-489/17/delay2,test-489,24,policy_decision,1.8355000065639615e-05,True,0
B/initial/test-489/17/delay2,test-489,25,FAIL_RESTORE,0.03916428500087932,True,201
B/initial/test-489/17/delay2,test-489,25,decode,1.7391523039987078,True,68
B/initial/test-489/17/delay2,test-489,26,verify_call,0.18062902499514166,True,150
B/initial/test-489/17/delay2,test-489,29,policy_decision,1.4549994375556707e-05,True,0
B/initial/test-489/17/delay2,test-489,30,FAIL_RESTORE,0.03752632900432218,True,201
B/initial/test-489/17/delay2,test-489,30,decode,3.2923834530083695,True,128
B/initial/test-489/17/delay2,test-489,31,verify_call,0.2060777400038205,True,208
B/initial/test-489/17/endpoint_only,test-489,3,policy_decision,4.0330050978809595e-06,True,0
B/initial/test-489/17/endpoint_only,test-489,5,OFFLINE_RESTORE,0.03274548301124014,False,176
B/initial/test-489/17/endpoint_only,test-489,5,decode,2.3609235100011574,True,95
B/initial/test-489/17/endpoint_only,test-489,6,verify_call,0.20848499400017317,True,204
B/initial/test-489/17/endpoint_only,test-489,9,policy_decision,5.947003955952823e-06,True,0
B/initial/test-489/17/endpoint_only,test-489,10,FAIL_RESTORE,0.03960924300190527,True,201
B/initial/test-489/17/endpoint_only,test-489,10,decode,3.1813044070004253,True,123
B/initial/test-489/17/endpoint_only,test-489,11,verify_call,0.20716261499910615,True,200
B/initial/test-489/17/endpoint_only,test-489,14,policy_decision,2.592001692391932e-06,True,0
B/initial/test-489/17/endpoint_only,test-489,15,FAIL_RESTORE,0.03932857699692249,True,201
B/initial/test-489/17/endpoint_only,test-489,15,decode,1.412150631993427,True,56
B/initial/test-489/17/endpoint_only,test-489,16,verify_call,0.18124062998685986,True,136
B/initial/test-489/17/endpoint_only,test-489,19,policy_decision,2.8810027288272977e-06,True,0
B/initial/test-489/17/endpoint_only,test-489,20,FAIL_RESTORE,0.03687343800265808,True,201
B/initial/test-489/17/endpoint_only,test-489,20,decode,4.916139459004626,True,194
B/initial/test-489/17/endpoint_only,test-489,21,verify_call,0.24877355399075896,True,271
B/initial/test-489/29/now,test-489,3,verify_call,0.15275009399920236,True,117
B/initial/test-489/29/now,test-489,6,policy_decision,6.752990884706378e-06,True,0
B/initial/test-489/29/now,test-489,8,OFFLINE_RESTORE,0.03261463400849607,False,176
B/initial/test-489/29/now,test-489,8,decode,2.508951063005952,True,97
B/initial/test-489/29/now,test-489,9,verify_call,0.20815943300840445,True,211
B/initial/test-489/29/delay1,test-489,3,policy_decision,7.247988833114505e-06,True,0
B/initial/test-489/29/delay1,test-489,5,OFFLINE_RESTORE,0.03253102999588009,False,176
B/initial/test-489/29/delay1,test-489,5,decode,1.4072535790037364,True,57
B/initial/test-489/29/delay1,test-489,6,verify_call,0.1888594050105894,True,170
B/initial/test-489/29/delay1,test-489,9,policy_decision,6.083995685912669e-06,True,0
B/initial/test-489/29/delay1,test-489,11,OFFLINE_RESTORE,0.040951418995973654,False,233
B/initial/test-489/29/delay1,test-489,11,decode,1.0145227769971825,True,40
B/initial/test-489/29/delay1,test-489,12,verify_call,0.2090985719987657,True,211
B/initial/test-489/29/delay2,test-489,3,policy_decision,9.840994607657194e-06,True,0
B/initial/test-489/29/delay2,test-489,5,OFFLINE_RESTORE,0.03382797399535775,False,176
B/initial/test-489/29/delay2,test-489,5,decode,2.414802246988984,True,97
B/initial/test-489/29/delay2,test-489,6,verify_call,0.20965946500655264,True,211
B/initial/test-489/29/endpoint_only,test-489,3,policy_decision,2.8420035960152745e-06,True,0
B/initial/test-489/29/endpoint_only,test-489,5,OFFLINE_RESTORE,0.032281799998600036,False,176
B/initial/test-489/29/endpoint_only,test-489,5,decode,2.441118730988819,True,97
B/initial/test-489/29/endpoint_only,test-489,6,verify_call,0.20993845799239352,True,211
B/initial/test-489/43/now,test-489,3,verify_call,0.15203967099660076,True,117
B/initial/test-489/43/now,test-489,6,policy_decision,8.72100645210594e-06,True,0
B/initial/test-489/43/now,test-489,8,OFFLINE_RESTORE,0.04147139699489344,False,176
B/initial/test-489/43/now,test-489,8,decode,2.9782978339935653,True,117
B/initial/test-489/43/now,test-489,9,verify_call,0.20742421800969169,True,228
B/initial/test-489/43/delay1,test-489,3,policy_decision,7.441005436703563e-06,True,0
B/initial/test-489/43/delay1,test-489,5,OFFLINE_RESTORE,0.032741226998041384,False,176
B/initial/test-489/43/delay1,test-489,5,decode,0.7194245440041414,True,29
B/initial/test-489/43/delay1,test-489,6,verify_call,0.1824249850033084,True,143
B/initial/test-489/43/delay1,test-489,9,policy_decision,7.391994586214423e-06,True,0
B/initial/test-489/43/delay1,test-489,11,OFFLINE_RESTORE,0.03796475600393023,False,205
B/initial/test-489/43/delay1,test-489,11,decode,2.2679218370030867,True,88
B/initial/test-489/43/delay1,test-489,12,verify_call,0.20773085400287528,True,228
B/initial/test-489/43/delay2,test-489,3,policy_decision,6.26700057182461e-06,True,0
B/initial/test-489/43/delay2,test-489,5,OFFLINE_RESTORE,0.03204329599975608,False,176
B/initial/test-489/43/delay2,test-489,5,decode,1.6684423929982586,True,66
B/initial/test-489/43/delay2,test-489,6,verify_call,0.18814901700534392,True,176
B/initial/test-489/43/delay2,test-489,9,policy_decision,6.771006155759096e-06,True,0
B/initial/test-489/43/delay2,test-489,11,OFFLINE_RESTORE,0.03796185199462343,False,242
B/initial/test-489/43/delay2,test-489,11,decode,1.3137402139982441,True,51
B/initial/test-489/43/delay2,test-489,12,verify_call,0.2081059379997896,True,228
B/initial/test-489/43/endpoint_only,test-489,3,policy_decision,3.0570081435143948e-06,True,0
B/initial/test-489/43/endpoint_only,test-489,5,OFFLINE_RESTORE,0.03340708200994413,False,176
B/initial/test-489/43/endpoint_only,test-489,5,decode,2.9667807850055397,True,117
B/initial/test-489/43/endpoint_only,test-489,6,verify_call,0.20597024900780525,True,228
B/initial/test-42/17/now,test-42,3,verify_call,0.1885304979950888,True,168
B/initial/test-42/17/now,test-42,6,policy_decision,5.230001988820732e-06,True,0
B/initial/test-42/17/now,test-42,8,OFFLINE_RESTORE,0.03721186600159854,False,227
B/initial/test-42/17/now,test-42,8,decode,2.445038060992374,True,96
B/initial/test-42/17/now,test-42,9,verify_call,0.24900019299820997,True,261
B/initial/test-42/17/delay1,test-42,3,policy_decision,9.081006282940507e-06,True,0
B/initial/test-42/17/delay1,test-42,5,OFFLINE_RESTORE,0.03741876600543037,False,227
B/initial/test-42/17/delay1,test-42,5,decode,1.2758237249945523,True,50
B/initial/test-42/17/delay1,test-42,6,verify_call,0.20765854899946135,True,214
B/initial/test-42/17/delay1,test-42,9,policy_decision,6.2350009102374315e-06,True,0
B/initial/test-42/17/delay1,test-42,11,OFFLINE_RESTORE,0.04878634698980022,False,277
B/initial/test-42/17/delay1,test-42,11,decode,1.1926970680069644,True,46
B/initial/test-42/17/delay1,test-42,12,verify_call,0.24802798200107645,True,261
B/initial/test-42/17/delay2,test-42,3,policy_decision,7.705006282776594e-06,True,0
B/initial/test-42/17/delay2,test-42,5,OFFLINE_RESTORE,0.038691595997079276,False,227
B/initial/test-42/17/delay2,test-42,5,decode,2.4637976630037883,True,96
B/initial/test-42/17/delay2,test-42,6,verify_call,0.2479143600066891,True,261
B/initial/test-42/17/endpoint_only,test-42,3,policy_decision,3.230990841984749e-06,True,0
B/initial/test-42/17/endpoint_only,test-42,5,OFFLINE_RESTORE,0.03829862299608067,False,227
B/initial/test-42/17/endpoint_only,test-42,5,decode,2.5008713780116523,True,96
B/initial/test-42/17/endpoint_only,test-42,6,verify_call,0.24812986800679937,True,261
B/initial/test-42/29/now,test-42,3,verify_call,0.18873164101387374,True,168
B/initial/test-42/29/now,test-42,6,policy_decision,8.130999049171805e-06,True,0
B/initial/test-42/29/now,test-42,8,OFFLINE_RESTORE,0.03799267200520262,False,227
B/initial/test-42/29/now,test-42,8,decode,2.3493175269977655,True,91
B/initial/test-42/29/now,test-42,9,verify_call,0.20913563900103327,True,256
B/initial/test-42/29/delay1,test-42,3,policy_decision,5.386988050304353e-06,True,0
B/initial/test-42/29/delay1,test-42,5,OFFLINE_RESTORE,0.03812429099343717,False,227
B/initial/test-42/29/delay1,test-42,5,decode,1.4110148039908381,True,56
B/initial/test-42/29/delay1,test-42,6,verify_call,0.20817665000504348,True,220
B/initial/test-42/29/delay1,test-42,9,policy_decision,8.584000170230865e-06,True,0
B/initial/test-42/29/delay1,test-42,11,OFFLINE_RESTORE,0.050518531003035605,False,283
B/initial/test-42/29/delay1,test-42,11,decode,0.8870060119952541,True,35
B/initial/test-42/29/delay1,test-42,12,verify_call,0.2097324700007448,True,256
B/initial/test-42/29/delay2,test-42,3,policy_decision,6.577989552170038e-06,True,0
B/initial/test-42/29/delay2,test-42,5,OFFLINE_RESTORE,0.03948606199992355,False,227
B/initial/test-42/29/delay2,test-42,5,decode,2.32407338199846,True,91
B/initial/test-42/29/delay2,test-42,6,verify_call,0.2089405269944109,True,256
B/initial/test-42/29/endpoint_only,test-42,3,policy_decision,3.331995685584843e-06,True,0
B/initial/test-42/29/endpoint_only,test-42,5,OFFLINE_RESTORE,0.03762581599585246,False,227
B/initial/test-42/29/endpoint_only,test-42,5,decode,2.317209329994512,True,91
B/initial/test-42/29/endpoint_only,test-42,6,verify_call,0.20952316198963672,True,256
B/initial/test-42/43/now,test-42,3,verify_call,0.18896824700641446,True,168
B/initial/test-42/43/now,test-42,6,policy_decision,7.5029965955764055e-06,True,0
B/initial/test-42/43/now,test-42,8,OFFLINE_RESTORE,0.03768724499968812,False,227
B/initial/test-42/43/now,test-42,8,decode,2.0578660190076334,True,79
B/initial/test-42/43/now,test-42,9,verify_call,0.2090241229889216,True,247
B/initial/test-42/43/delay1,test-42,3,policy_decision,6.304995622485876e-06,True,0
B/initial/test-42/43/delay1,test-42,5,OFFLINE_RESTORE,0.03765428801125381,False,227
B/initial/test-42/43/delay1,test-42,5,decode,2.007516162993852,True,79
B/initial/test-42/43/delay1,test-42,6,verify_call,0.20780946100421716,True,247
B/initial/test-42/43/delay2,test-42,3,policy_decision,9.978000889532268e-06,True,0
B/initial/test-42/43/delay2,test-42,5,OFFLINE_RESTORE,0.03780099299910944,False,227
B/initial/test-42/43/delay2,test-42,5,decode,1.9877435759990476,True,79
B/initial/test-42/43/delay2,test-42,6,verify_call,0.20719402300892398,True,247
B/initial/test-42/43/endpoint_only,test-42,3,policy_decision,3.0460068956017494e-06,True,0
B/initial/test-42/43/endpoint_only,test-42,5,OFFLINE_RESTORE,0.0378156160004437,False,227
B/initial/test-42/43/endpoint_only,test-42,5,decode,1.9690072469966253,True,79
B/initial/test-42/43/endpoint_only,test-42,6,verify_call,0.2073442580003757,True,247
B/initial/test-392/17/now,test-392,3,verify_call,0.15320128199527971,True,113
B/initial/test-392/17/now,test-392,6,policy_decision,1.0976000339724123e-05,True,0
B/initial/test-392/17/now,test-392,8,OFFLINE_RESTORE,0.034827430004952475,False,172
B/initial/test-392/17/now,test-392,8,decode,4.4973861670005135,True,174
B/initial/test-392/17/now,test-392,9,verify_call,0.24922832200536504,True,275
B/initial/test-392/17/now,test-392,12,policy_decision,1.0176998330280185e-05,True,0
B/initial/test-392/17/now,test-392,14,OFFLINE_RESTORE,0.05356109599233605,False,346
B/initial/test-392/17/now,test-392,14,decode,2.8286558060062816,True,112
B/initial/test-392/17/now,test-392,15,verify_call,0.27224752500478644,True,384
B/initial/test-392/17/now,test-392,18,policy_decision,1.2538002920337021e-05,True,0
B/initial/test-392/17/now,test-392,19,FAIL_RESTORE,0.0645430520089576,True,403
B/initial/test-392/17/now,test-392,19,decode,3.51205956999911,True,138
B/initial/test-392/17/now,test-392,20,verify_call,0.3138624279963551,True,396
B/initial/test-392/17/now,test-392,23,policy_decision,1.3842000043950975e-05,True,0
B/initial/test-392/17/now,test-392,25,OFFLINE_RESTORE,0.08711627101001795,False,541
B/initial/test-392/17/now,test-392,25,decode,1.559230054001091,True,59
B/initial/test-392/17/now,test-392,26,verify_call,0.3918616269947961,True,515
B/initial/test-392/17/delay1,test-392,3,policy_decision,8.434988558292389e-06,True,0
B/initial/test-392/17/delay1,test-392,5,OFFLINE_RESTORE,0.032379187003243715,False,172
B/initial/test-392/17/delay1,test-392,5,decode,0.4224871320038801,True,18
B/initial/test-392/17/delay1,test-392,6,verify_call,0.1530866969987983,True,128
B/initial/test-392/17/delay1,test-392,9,policy_decision,5.886002327315509e-06,True,0
B/initial/test-392/17/delay1,test-392,11,OFFLINE_RESTORE,0.03985275099694263,False,190
B/initial/test-392/17/delay1,test-392,11,decode,3.856048331988859,True,151
B/initial/test-392/17/delay1,test-392,12,verify_call,0.24724310499732383,True,267
B/initial/test-392/17/delay1,test-392,15,policy_decision,5.396000051405281e-05,True,0
B/initial/test-392/17/delay1,test-392,17,OFFLINE_RESTORE,0.05362283400609158,False,341
B/initial/test-392/17/delay1,test-392,17,decode,2.5805483069998445,True,98
B/initial/test-392/17/delay1,test-392,18,verify_call,0.27182260500558186,True,362
B/initial/test-392/17/delay2,test-392,3,policy_decision,8.408998837694526e-06,True,0
B/initial/test-392/17/delay2,test-392,5,OFFLINE_RESTORE,0.032357549003791064,False,172
B/initial/test-392/17/delay2,test-392,5,decode,1.3544755170005374,True,54
B/initial/test-392/17/delay2,test-392,6,verify_call,0.18758625201007817,True,161
B/initial/test-392/17/delay2,test-392,9,policy_decision,9.572002454660833e-06,True,0
B/initial/test-392/17/delay2,test-392,11,OFFLINE_RESTORE,0.038674538998748176,False,226
B/initial/test-392/17/delay2,test-392,11,decode,5.597168548003538,True,220
B/initial/test-392/17/delay2,test-392,12,verify_call,0.2722474299953319,True,372
B/initial/test-392/17/delay2,test-392,15,policy_decision,9.33599949348718e-06,True,0
B/initial/test-392/17/delay2,test-392,16,FAIL_RESTORE,0.04913109699555207,True,283
B/initial/test-392/17/delay2,test-392,16,decode,5.960830487005296,True,228
B/initial/test-392/17/delay2,test-392,17,verify_call,0.2729098379932111,True,376
B/initial/test-392/17/delay2,test-392,20,policy_decision,1.2953998520970345e-05,True,0
B/initial/test-392/17/delay2,test-392,21,FAIL_RESTORE,0.05023617700499017,True,283
B/initial/test-392/17/delay2,test-392,21,decode,4.6255647520010825,True,184
B/initial/test-392/17/delay2,test-392,22,verify_call,0.2688648019975517,True,335
B/initial/test-392/17/endpoint_only,test-392,3,policy_decision,3.7349964259192348e-06,True,0
B/initial/test-392/17/endpoint_only,test-392,5,OFFLINE_RESTORE,0.0326590400072746,False,172
B/initial/test-392/17/endpoint_only,test-392,5,decode,7.323861134995241,True,286
B/initial/test-392/17/endpoint_only,test-392,6,verify_call,0.2713150859926827,True,384
B/initial/test-392/17/endpoint_only,test-392,9,policy_decision,4.996996722184122e-06,True,0
B/initial/test-392/17/endpoint_only,test-392,10,FAIL_RESTORE,0.03678487399884034,True,206
B/initial/test-392/17/endpoint_only,test-392,10,decode,4.045461327012163,True,158
B/initial/test-392/17/endpoint_only,test-392,11,verify_call,0.2078230879997136,True,224
B/initial/test-392/17/endpoint_only,test-392,14,policy_decision,3.944995114579797e-06,True,0
B/initial/test-392/17/endpoint_only,test-392,15,FAIL_RESTORE,0.03907342998718377,True,206
B/initial/test-392/17/endpoint_only,test-392,15,decode,6.693941563004046,True,259
B/initial/test-392/29/now,test-392,3,verify_call,0.1517771419894416,True,113
B/initial/test-392/29/now,test-392,6,policy_decision,5.09600795339793e-06,True,0
B/initial/test-392/29/now,test-392,8,OFFLINE_RESTORE,0.032231796998530626,False,172
B/initial/test-392/29/now,test-392,8,decode,5.320605460001389,True,208
B/initial/test-392/29/now,test-392,9,verify_call,0.25143052398925647,True,305
B/initial/test-392/29/now,test-392,12,policy_decision,9.27700602915138e-06,True,0
B/initial/test-392/29/now,test-392,14,OFFLINE_RESTORE,0.05367348300933372,False,380
B/initial/test-392/29/now,test-392,14,decode,0.8480737870122539,True,34
B/initial/test-392/29/now,test-392,15,verify_call,0.27075486099056434,True,339
B/initial/test-392/29/delay1,test-392,3,policy_decision,7.2269904194399714e-06,True,0
B/initial/test-392/29/delay1,test-392,5,OFFLINE_RESTORE,0.039238807003130205,False,172
B/initial/test-392/29/delay1,test-392,5,decode,0.95101878499554,True,38
B/initial/test-392/29/delay1,test-392,6,verify_call,0.1816908689943375,True,147
B/initial/test-392/29/delay1,test-392,9,policy_decision,7.533002644777298e-06,True,0
B/initial/test-392/29/delay1,test-392,11,OFFLINE_RESTORE,0.03784774300584104,False,210
B/initial/test-392/29/delay1,test-392,11,decode,5.004323896006099,True,187
B/initial/test-392/29/delay1,test-392,12,verify_call,0.2685928459977731,True,322
B/initial/test-392/29/delay2,test-392,3,policy_decision,7.590002496726811e-06,True,0
B/initial/test-392/29/delay2,test-392,5,OFFLINE_RESTORE,0.03225447599834297,False,172
B/initial/test-392/29/delay2,test-392,5,decode,1.9459061759989709,True,77
B/initial/test-392/29/delay2,test-392,6,verify_call,0.19029839200084098,True,182
B/initial/test-392/29/delay2,test-392,9,policy_decision,6.341011612676084e-06,True,0
B/initial/test-392/29/delay2,test-392,11,OFFLINE_RESTORE,0.03762847700272687,False,249
B/initial/test-392/29/delay2,test-392,11,decode,4.2850568069989095,True,165
B/initial/test-392/29/delay2,test-392,12,verify_call,0.270761407999089,True,339
B/initial/test-392/29/endpoint_only,test-392,3,policy_decision,2.631000825203955e-06,True,0
B/initial/test-392/29/endpoint_only,test-392,5,OFFLINE_RESTORE,0.0320212440128671,False,172
B/initial/test-392/29/endpoint_only,test-392,5,decode,6.115725665003993,True,242
B/initial/test-392/29/endpoint_only,test-392,6,verify_call,0.27169155298906844,True,339
B/initial/test-392/43/now,test-392,3,verify_call,0.15191013299045153,True,113
B/initial/test-392/43/now,test-392,6,policy_decision,5.174995749257505e-06,True,0
B/initial/test-392/43/now,test-392,8,OFFLINE_RESTORE,0.03218970700982027,False,172
B/initial/test-392/43/now,test-392,8,decode,6.439855523000006,True,246
B/initial/test-392/43/now,test-392,9,verify_call,0.2716589829942677,True,353
B/initial/test-392/43/now,test-392,12,policy_decision,8.171002264134586e-06,True,0
B/initial/test-392/43/now,test-392,13,FAIL_RESTORE,0.03808737399231177,True,229
B/initial/test-392/43/now,test-392,13,decode,7.711959056003252,True,300
B/initial/test-392/43/now,test-392,14,verify_call,0.3132406220101984,True,400
B/initial/test-392/43/now,test-392,17,policy_decision,8.881994290277362e-06,True,0
B/initial/test-392/43/now,test-392,18,FAIL_RESTORE,0.03916726500028744,True,229
B/initial/test-392/43/now,test-392,18,decode,4.707547133002663,True,184
B/initial/test-392/43/now,test-392,19,verify_call,0.24949946498963982,True,284
B/initial/test-392/43/now,test-392,22,policy_decision,1.1203999747522175e-05,True,0
B/initial/test-392/43/now,test-392,23,FAIL_RESTORE,0.038288804003968835,True,229
B/initial/test-392/43/now,test-392,23,decode,11.013592697010608,True,414
B/initial/test-392/43/now,test-392,24,verify_call,0.3310027480038116,True,511
B/initial/test-392/43/now,test-392,27,policy_decision,1.782299659680575e-05,True,0
B/initial/test-392/43/now,test-392,28,FAIL_RESTORE,0.0413694500020938,True,229
B/initial/test-392/43/now,test-392,28,decode,5.226935655999114,True,199
B/initial/test-392/43/now,test-392,29,verify_call,0.2511914709903067,True,302
B/initial/test-392/43/delay1,test-392,3,policy_decision,5.595997208729386e-06,True,0
B/initial/test-392/43/delay1,test-392,5,OFFLINE_RESTORE,0.032117234004545026,False,172
B/initial/test-392/43/delay1,test-392,5,decode,2.2057813400024315,True,87
B/initial/test-392/43/delay1,test-392,6,verify_call,0.2071896289999131,True,197
B/initial/test-392/43/delay1,test-392,9,policy_decision,8.019997039809823e-06,True,0
B/initial/test-392/43/delay1,test-392,11,OFFLINE_RESTORE,0.04853608000848908,False,259
B/initial/test-392/43/delay1,test-392,11,decode,4.683063176998985,True,180
B/initial/test-392/43/delay1,test-392,12,verify_call,0.2703128540015314,True,372
B/initial/test-392/43/delay1,test-392,15,policy_decision,8.008995791897178e-06,True,0
B/initial/test-392/43/delay1,test-392,16,FAIL_RESTORE,0.05007704500167165,True,316
B/initial/test-392/43/delay1,test-392,16,decode,2.753191715994035,True,113
B/initial/test-392/43/delay1,test-392,17,verify_call,0.24929216400778387,True,303
B/initial/test-392/43/delay2,test-392,3,policy_decision,8.47400224301964e-06,True,0
B/initial/test-392/43/delay2,test-392,5,OFFLINE_RESTORE,0.032545470996410586,False,172
B/initial/test-392/43/delay2,test-392,5,decode,5.11349816499569,True,198
B/initial/test-392/43/delay2,test-392,6,verify_call,0.2525293810031144,True,305
B/initial/test-392/43/delay2,test-392,9,policy_decision,7.880007615312934e-06,True,0
B/initial/test-392/43/delay2,test-392,10,FAIL_RESTORE,0.03618906099291053,True,206
B/initial/test-392/43/delay2,test-392,10,decode,4.785433211989584,True,189
B/initial/test-392/43/delay2,test-392,11,verify_call,0.24905321099504363,True,270
B/initial/test-392/43/endpoint_only,test-392,3,policy_decision,3.1719973776489496e-06,True,0
B/initial/test-392/43/endpoint_only,test-392,5,OFFLINE_RESTORE,0.034942589001730084,False,172
B/initial/test-392/43/endpoint_only,test-392,5,decode,6.253495845012367,True,246
B/initial/test-392/43/endpoint_only,test-392,6,verify_call,0.269183387994417,True,353
B/initial/test-392/43/endpoint_only,test-392,9,policy_decision,2.774992026388645e-06,True,0
B/initial/test-392/43/endpoint_only,test-392,10,FAIL_RESTORE,0.03683814700343646,True,206
B/initial/test-392/43/endpoint_only,test-392,10,decode,6.214375866999035,True,254
B/initial/test-392/43/endpoint_only,test-392,11,verify_call,0.266743022002629,True,323
B/initial/test-210/17/now,test-210,3,verify_call,0.20751092299178708,True,209
B/initial/test-210/17/now,test-210,6,policy_decision,5.519992555491626e-06,True,0
B/initial/test-210/17/now,test-210,8,OFFLINE_RESTORE,0.050006003002636135,False,268
B/initial/test-210/17/now,test-210,8,decode,4.6479918400000315,True,191
B/initial/test-210/17/now,test-210,9,verify_call,0.270686993986601,True,384
B/initial/test-210/17/now,test-210,12,policy_decision,1.2631004210561514e-05,True,0
B/initial/test-210/17/now,test-210,13,FAIL_RESTORE,0.05434717999014538,True,325
B/initial/test-210/17/now,test-210,13,decode,4.8802121540065855,True,199
B/initial/test-210/17/now,test-210,14,verify_call,0.31113749400537927,True,388
B/initial/test-210/17/now,test-210,17,policy_decision,1.0493997251614928e-05,True,0
B/initial/test-210/17/now,test-210,19,OFFLINE_RESTORE,0.08551153501321096,False,524
B/initial/test-210/17/now,test-210,19,decode,4.937120825998136,True,190
B/initial/test-210/17/now,test-210,20,verify_call,0.4037862669938477,True,623
B/initial/test-210/17/now,test-210,22,policy_decision,1.0351010132580996e-05,True,0
B/initial/test-210/17/now,test-210,24,OFFLINE_RESTORE,0.10167325899237767,False,714
B/initial/test-210/17/now,test-210,24,decode,1.3237977529934142,True,50
B/initial/test-210/17/now,test-210,25,verify_call,0.45527404799940996,True,673
B/initial/test-210/17/delay1,test-210,3,policy_decision,9.484996553510427e-06,True,0
B/initial/test-210/17/delay1,test-210,5,OFFLINE_RESTORE,0.05002396598865744,False,268
B/initial/test-210/17/delay1,test-210,5,decode,1.223137182998471,True,49
B/initial/test-210/17/delay1,test-210,6,verify_call,0.2080752079928061,True,254
B/initial/test-210/17/delay1,test-210,9,policy_decision,7.187001756392419e-06,True,0
B/initial/test-210/17/delay1,test-210,11,OFFLINE_RESTORE,0.05182996499934234,False,317
B/initial/test-210/17/delay1,test-210,11,decode,5.004397669996251,True,203
B/initial/test-210/17/delay1,test-210,12,verify_call,0.3267937729979167,True,441
B/initial/test-210/17/delay1,test-210,15,policy_decision,1.2158008757978678e-05,True,0
B/initial/test-210/17/delay1,test-210,16,FAIL_RESTORE,0.05430474899185356,True,374
B/initial/test-210/17/delay1,test-210,16,decode,4.796275682994747,True,196
B/initial/test-210/17/delay1,test-210,17,verify_call,0.3256633690034505,True,439
B/initial/test-210/17/delay1,test-210,20,policy_decision,1.3205994036979973e-05,True,0
B/initial/test-210/17/delay1,test-210,21,FAIL_RESTORE,0.05336980099673383,True,374
B/initial/test-210/17/delay1,test-210,21,decode,3.9484998650004854,True,153
B/initial/test-210/17/delay2,test-210,3,policy_decision,5.62598870601505e-06,True,0
B/initial/test-210/17/delay2,test-210,5,OFFLINE_RESTORE,0.04923506599152461,False,268
B/initial/test-210/17/delay2,test-210,5,decode,3.0750178519956535,True,121
B/initial/test-210/17/delay2,test-210,6,verify_call,0.26767316299083177,True,322
B/initial/test-210/17/delay2,test-210,9,policy_decision,8.771996363066137e-06,True,0
B/initial/test-210/17/delay2,test-210,10,FAIL_RESTORE,0.04035239199583884,True,243
B/initial/test-210/17/delay2,test-210,10,decode,6.456063477002317,True,262
B/initial/test-210/17/delay2,test-210,11,verify_call,0.2711778899974888,True,378
B/initial/test-210/17/delay2,test-210,14,policy_decision,1.1044001439586282e-05,True,0
B/initial/test-210/17/delay2,test-210,15,FAIL_RESTORE,0.038209076010389253,True,243
B/initial/test-210/17/delay2,test-210,15,decode,4.418418968998594,True,179
B/initial/test-210/17/delay2,test-210,16,verify_call,0.24853018000430893,True,293
B/initial/test-210/17/delay2,test-210,19,policy_decision,3.459100844338536e-05,True,0
B/initial/test-210/17/delay2,test-210,21,OFFLINE_RESTORE,0.06644513200444635,False,422
B/initial/test-210/17/delay2,test-210,21,decode,4.0991578770044725,True,158
B/initial/test-210/17/delay2,test-210,22,verify_call,0.3271142700104974,True,436
B/initial/test-210/17/delay2,test-210,25,policy_decision,4.928400448989123e-05,True,0
B/initial/test-210/17/delay2,test-210,27,OFFLINE_RESTORE,0.08743801699893083,False,580
B/initial/test-210/17/delay2,test-210,27,decode,1.9231239430082496,True,77
B/initial/test-210/17/delay2,test-210,28,verify_call,0.3881674069998553,True,513
B/initial/test-210/17/delay2,test-210,31,policy_decision,1.9825005438178778e-05,True,0
B/initial/test-210/17/delay2,test-210,32,FAIL_RESTORE,0.08855718999984674,True,637
B/initial/test-210/17/delay2,test-210,32,decode,0.6873384280042956,True,27
B/initial/test-210/17/delay2,test-210,33,verify_call,0.32961511600296944,True,460
B/initial/test-210/17/endpoint_only,test-210,3,policy_decision,3.074994310736656e-06,True,0
B/initial/test-210/17/endpoint_only,test-210,5,OFFLINE_RESTORE,0.04945061200123746,False,268
B/initial/test-210/17/endpoint_only,test-210,5,decode,7.8466532320016995,True,303
B/initial/test-210/17/endpoint_only,test-210,6,verify_call,0.33112110701040365,True,492
B/initial/test-210/17/endpoint_only,test-210,9,policy_decision,2.877000952139497e-06,True,0
B/initial/test-210/17/endpoint_only,test-210,10,FAIL_RESTORE,0.038378765995730646,True,243
B/initial/test-210/17/endpoint_only,test-210,10,decode,9.229579935010406,True,368
B/initial/test-210/17/endpoint_only,test-210,11,verify_call,0.33109643300122116,True,476
B/initial/test-210/17/endpoint_only,test-210,14,policy_decision,3.011999069713056e-06,True,0
B/initial/test-210/17/endpoint_only,test-210,15,FAIL_RESTORE,0.03807807499833871,True,243
B/initial/test-210/17/endpoint_only,test-210,15,decode,9.266152133001015,True,375
B/initial/test-210/17/endpoint_only,test-210,16,verify_call,0.33053586300229654,True,483
B/initial/test-210/17/endpoint_only,test-210,19,policy_decision,2.9520015232264996e-06,True,0
B/initial/test-210/17/endpoint_only,test-210,20,FAIL_RESTORE,0.03800655298982747,True,243
B/initial/test-210/17/endpoint_only,test-210,20,decode,10.099309473996982,True,382
B/initial/test-210/17/endpoint_only,test-210,21,verify_call,0.3330197790055536,True,498
B/initial/test-210/29/now,test-210,3,verify_call,0.20706238099955954,True,209
B/initial/test-210/29/now,test-210,6,policy_decision,5.335998139344156e-06,True,0
B/initial/test-210/29/now,test-210,8,OFFLINE_RESTORE,0.04902392499207053,False,268
B/initial/test-210/29/now,test-210,8,decode,6.513417963011307,True,252
B/initial/test-210/29/now,test-210,9,verify_call,0.33076534599240404,True,445
B/initial/test-210/29/now,test-210,12,policy_decision,9.509996743872762e-06,True,0
B/initial/test-210/29/now,test-210,14,OFFLINE_RESTORE,0.0836612650018651,False,520
B/initial/test-210/29/now,test-210,14,decode,2.8170038489915896,True,113
B/initial/test-210/29/now,test-210,15,verify_call,0.3930839570093667,True,555
B/initial/test-210/29/delay1,test-210,3,policy_decision,6.977992597967386e-06,True,0
B/initial/test-210/29/delay1,test-210,5,OFFLINE_RESTORE,0.04927571601001546,False,268
B/initial/test-210/29/delay1,test-210,5,decode,1.2832791849941714,True,51
B/initial/test-210/29/delay1,test-210,6,verify_call,0.2100683129974641,True,256
B/initial/test-210/29/delay1,test-210,9,policy_decision,7.804002962075174e-06,True,0
B/initial/test-210/29/delay1,test-210,11,OFFLINE_RESTORE,0.05070436900132336,False,319
B/initial/test-210/29/delay1,test-210,11,decode,6.563288962992374,True,255
B/initial/test-210/29/delay1,test-210,12,verify_call,0.33406633099366445,True,500
B/initial/test-210/29/delay2,test-210,3,policy_decision,8.660994353704154e-06,True,0
B/initial/test-210/29/delay2,test-210,5,OFFLINE_RESTORE,0.05084999398968648,False,268
B/initial/test-210/29/delay2,test-210,5,decode,2.7775366689893417,True,110
B/initial/test-210/29/delay2,test-210,6,verify_call,0.25194421999913175,True,311
B/initial/test-210/29/delay2,test-210,9,policy_decision,8.10199708212167e-06,True,0
B/initial/test-210/29/delay2,test-210,11,OFFLINE_RESTORE,0.05659000598825514,False,378
B/initial/test-210/29/delay2,test-210,11,decode,5.783143544002087,True,223
B/initial/test-210/29/delay2,test-210,12,verify_call,0.39505322100012563,True,529
B/initial/test-210/29/delay2,test-210,15,policy_decision,1.3338998542167246e-05,True,0
B/initial/test-210/29/delay2,test-210,16,FAIL_RESTORE,0.06613001799269114,True,435
B/initial/test-210/29/delay2,test-210,16,decode,6.209339601002284,True,241
B/initial/test-210/29/delay2,test-210,17,verify_call,0.39348487100505736,True,540
B/initial/test-210/29/endpoint_only,test-210,3,policy_decision,2.802000381052494e-06,True,0
B/initial/test-210/29/endpoint_only,test-210,5,OFFLINE_RESTORE,0.04851544099801686,False,268
B/initial/test-210/29/endpoint_only,test-210,5,decode,9.436799119997886,True,365
B/initial/test-210/29/endpoint_only,test-210,6,verify_call,0.3948378089990001,True,555
B/initial/test-210/43/now,test-210,3,verify_call,0.2070636880089296,True,209
B/initial/test-210/43/now,test-210,6,policy_decision,1.5408004401251674e-05,True,0
B/initial/test-210/43/now,test-210,8,OFFLINE_RESTORE,0.04978365900751669,False,268
B/initial/test-210/43/now,test-210,8,decode,5.697674896000535,True,220
B/initial/test-210/43/now,test-210,9,verify_call,0.32708785000431817,True,413
B/initial/test-210/43/now,test-210,12,policy_decision,1.0871008271351457e-05,True,0
B/initial/test-210/43/now,test-210,13,FAIL_RESTORE,0.053183686002739705,True,325
B/initial/test-210/43/now,test-210,13,decode,5.861913401997299,True,226
B/initial/test-210/43/now,test-210,14,verify_call,0.32613926799967885,True,428
B/initial/test-210/43/now,test-210,17,policy_decision,1.0821007890626788e-05,True,0
B/initial/test-210/43/now,test-210,18,FAIL_RESTORE,0.05317615400417708,True,325
B/initial/test-210/43/now,test-210,18,decode,10.311653069991735,True,390
B/initial/test-210/43/now,test-210,19,verify_call,0.3981883980013663,True,578
B/initial/test-210/43/now,test-210,22,policy_decision,1.2308009900152683e-05,True,0
B/initial/test-210/43/now,test-210,23,FAIL_RESTORE,0.0529702769999858,True,325
B/initial/test-210/43/now,test-210,23,decode,5.0666887699917424,True,193
B/initial/test-210/43/now,test-210,24,verify_call,0.2695309209957486,True,381
B/initial/test-210/43/now,test-210,27,policy_decision,1.8758990336209536e-05,True,0
B/initial/test-210/43/now,test-210,28,FAIL_RESTORE,0.053449165003257804,True,325
B/initial/test-210/43/now,test-210,28,decode,5.474405167988152,True,207
B/initial/test-210/43/now,test-210,29,verify_call,0.3123639810073655,True,396
B/initial/test-210/43/delay1,test-210,3,policy_decision,6.126007065176964e-06,True,0
B/initial/test-210/43/delay1,test-210,5,OFFLINE_RESTORE,0.04946226598985959,False,268
B/initial/test-210/43/delay1,test-210,5,decode,1.2145267829910154,True,49
B/initial/test-210/43/delay1,test-210,6,verify_call,0.21164208199479617,True,254
B/initial/test-210/43/delay1,test-210,9,policy_decision,7.4359995778650045e-06,True,0
B/initial/test-210/43/delay1,test-210,11,OFFLINE_RESTORE,0.049581678002141416,False,317
B/initial/test-210/43/delay1,test-210,11,decode,5.954522043000907,True,230
B/initial/test-210/43/delay1,test-210,12,verify_call,0.3318180019996362,True,469
B/initial/test-210/43/delay1,test-210,15,policy_decision,1.0940988431684673e-05,True,0
B/initial/test-210/43/delay1,test-210,17,OFFLINE_RESTORE,0.08333393700013403,False,547
B/initial/test-210/43/delay1,test-210,17,decode,0.5696793310053181,True,23
B/initial/test-210/43/delay2,test-210,3,policy_decision,7.075999747030437e-06,True,0
B/initial/test-210/43/delay2,test-210,5,OFFLINE_RESTORE,0.049443131996667944,False,268
B/initial/test-210/43/delay2,test-210,5,decode,2.5485754480032483,True,102
B/initial/test-210/43/delay2,test-210,6,verify_call,0.25002236700674985,True,303
B/initial/test-210/43/delay2,test-210,9,policy_decision,1.111200253944844e-05,True,0
B/initial/test-210/43/delay2,test-210,11,OFFLINE_RESTORE,0.05410484899766743,False,370
B/initial/test-210/43/delay2,test-210,11,decode,5.9947359490033705,True,236
B/initial/test-210/43/delay2,test-210,12,verify_call,0.3908676419960102,True,531
B/initial/test-210/43/delay2,test-210,15,policy_decision,8.200004231184721e-06,True,0
B/initial/test-210/43/delay2,test-210,16,FAIL_RESTORE,0.06825030100299045,True,427
B/initial/test-210/43/delay2,test-210,16,decode,4.431683081988012,True,170
B/initial/test-210/43/delay2,test-210,17,verify_call,0.3281130779942032,True,462
B/initial/test-210/43/delay2,test-210,20,policy_decision,1.2636999599635601e-05,True,0
B/initial/test-210/43/delay2,test-210,21,FAIL_RESTORE,0.06652690199553035,True,427
B/initial/test-210/43/delay2,test-210,21,decode,5.402922679000767,True,207
B/initial/test-210/43/delay2,test-210,22,verify_call,0.33127682900521904,True,499
B/initial/test-210/43/endpoint_only,test-210,3,policy_decision,3.21200059261173e-06,True,0
B/initial/test-210/43/endpoint_only,test-210,5,OFFLINE_RESTORE,0.049060552002629265,False,268
B/initial/test-210/43/endpoint_only,test-210,5,decode,8.686328140989644,True,341
B/initial/test-210/43/endpoint_only,test-210,6,verify_call,0.3910020840121433,True,534
B/initial/test-210/43/endpoint_only,test-210,9,policy_decision,3.035995177924633e-06,True,0
B/initial/test-210/43/endpoint_only,test-210,10,FAIL_RESTORE,0.03837639400444459,True,243
B/initial/test-210/43/endpoint_only,test-210,10,decode,0.15069982600107323,True,7
B/initial/test-210/43/endpoint_only,test-210,11,verify_call,0.1821664220042294,True,138
B/initial/test-210/43/endpoint_only,test-210,14,policy_decision,4.020999767817557e-06,True,0
B/initial/test-210/43/endpoint_only,test-210,15,FAIL_RESTORE,0.03895178499806207,True,243
B/initial/test-210/43/endpoint_only,test-210,15,decode,3.891013339991332,True,151
B/initial/test-984/17/now,test-984,3,verify_call,0.247154826996848,True,262
B/initial/test-984/17/now,test-984,6,policy_decision,5.795009201392531e-06,True,0
B/initial/test-984/17/now,test-984,7,FAIL_RESTORE,0.03890187399520073,True,229
B/initial/test-984/17/now,test-984,7,decode,8.237114532996202,True,323
B/initial/test-984/17/now,test-984,8,verify_call,0.32621438198839314,True,429
B/initial/test-984/17/now,test-984,11,policy_decision,9.719005902297795e-06,True,0
B/initial/test-984/17/now,test-984,12,FAIL_RESTORE,0.03824158500356134,True,229
B/initial/test-984/17/now,test-984,12,decode,6.5898908829985885,True,255
B/initial/test-984/17/now,test-984,13,verify_call,0.26906799399876036,True,354
B/initial/test-984/17/now,test-984,16,policy_decision,1.2718999641947448e-05,True,0
B/initial/test-984/17/now,test-984,17,FAIL_RESTORE,0.038589099000091664,True,229
B/initial/test-984/17/now,test-984,17,decode,0.21540049399482086,True,9
B/initial/test-984/17/now,test-984,18,verify_call,0.15282199600187596,True,125
B/initial/test-984/17/now,test-984,21,policy_decision,1.6021003830246627e-05,True,0
B/initial/test-984/17/now,test-984,22,FAIL_RESTORE,0.038267238007392734,True,229
B/initial/test-984/17/now,test-984,22,decode,6.035540128999855,True,233
B/initial/test-984/17/now,test-984,23,verify_call,0.26679574300942477,True,337
B/initial/test-984/17/now,test-984,26,policy_decision,1.2882999726571143e-05,True,0
B/initial/test-984/17/now,test-984,27,FAIL_RESTORE,0.03929163800785318,True,229
B/initial/test-984/17/now,test-984,27,decode,4.9253627129946835,True,187
B/initial/test-984/17/now,test-984,28,verify_call,0.2496108390041627,True,284
B/initial/test-984/17/delay1,test-984,3,policy_decision,8.811999578028917e-06,True,0
B/initial/test-984/17/delay1,test-984,5,OFFLINE_RESTORE,0.0531033919978654,False,321
B/initial/test-984/17/delay1,test-984,5,decode,3.7435188660019776,True,155
B/initial/test-984/17/delay1,test-984,6,verify_call,0.323952136997832,True,414
B/initial/test-984/17/delay1,test-984,9,policy_decision,9.046008926816285e-06,True,0
B/initial/test-984/17/delay1,test-984,10,FAIL_RESTORE,0.03798523200384807,True,229
B/initial/test-984/17/delay1,test-984,10,decode,0.17717225498927291,True,8
B/initial/test-984/17/delay1,test-984,11,verify_call,0.15283278800779954,True,124
B/initial/test-984/17/delay1,test-984,14,policy_decision,1.2658012565225363e-05,True,0
B/initial/test-984/17/delay1,test-984,15,FAIL_RESTORE,0.037890887004323304,True,229
B/initial/test-984/17/delay1,test-984,15,decode,0.2014492629969027,True,9
B/initial/test-984/17/delay1,test-984,16,verify_call,0.15312189600081183,True,125
B/initial/test-984/17/delay1,test-984,19,policy_decision,1.3418990420177579e-05,True,0
B/initial/test-984/17/delay1,test-984,20,FAIL_RESTORE,0.03832888099714182,True,229
B/initial/test-984/17/delay1,test-984,20,decode,3.5426379980053753,True,137
B/initial/test-984/17/delay1,test-984,21,verify_call,0.2065352339996025,True,236
B/initial/test-984/17/delay1,test-984,24,policy_decision,1.9219995010644197e-05,True,0
B/initial/test-984/17/delay1,test-984,25,FAIL_RESTORE,0.038679471996147186,True,229
B/initial/test-984/17/delay1,test-984,25,decode,1.4993055730010383,True,59
B/initial/test-984/17/delay1,test-984,26,verify_call,0.18556535700918175,True,160
B/initial/test-984/17/delay1,test-984,29,policy_decision,1.4985009329393506e-05,True,0
B/initial/test-984/17/delay1,test-984,31,OFFLINE_RESTORE,0.05357937699591275,False,288
B/initial/test-984/17/delay1,test-984,31,decode,6.885719805999543,True,259
B/initial/test-984/17/delay2,test-984,3,policy_decision,7.914000889286399e-06,True,0
B/initial/test-984/17/delay2,test-984,5,OFFLINE_RESTORE,0.052576365997083485,False,321
B/initial/test-984/17/delay2,test-984,5,decode,6.412900707000517,True,266
B/initial/test-984/17/delay2,test-984,6,verify_call,0.39253313800145406,True,525
B/initial/test-984/17/delay2,test-984,9,policy_decision,8.16000101622194e-06,True,0
B/initial/test-984/17/delay2,test-984,10,FAIL_RESTORE,0.038085720007075,True,229
B/initial/test-984/17/delay2,test-984,10,decode,10.858062525992864,True,420
B/initial/test-984/17/delay2,test-984,11,verify_call,0.390382657002192,True,518
B/initial/test-984/17/delay2,test-984,14,policy_decision,1.220199919771403e-05,True,0
B/initial/test-984/17/delay2,test-984,15,FAIL_RESTORE,0.03780514400568791,True,229
B/initial/test-984/17/delay2,test-984,15,decode,9.567803215992171,True,368
B/initial/test-984/17/delay2,test-984,16,verify_call,0.3306801140133757,True,468
B/initial/test-984/17/delay2,test-984,19,policy_decision,1.6842997865751386e-05,True,0
B/initial/test-984/17/delay2,test-984,20,FAIL_RESTORE,0.038006005008355714,True,229
B/initial/test-984/17/delay2,test-984,20,decode,1.9599692330084508,True,77
B/initial/test-984/17/delay2,test-984,21,verify_call,0.19075716900988482,True,180
B/initial/test-984/17/delay2,test-984,24,policy_decision,1.3052995200268924e-05,True,0
B/initial/test-984/17/delay2,test-984,26,OFFLINE_RESTORE,0.049714433000190184,False,306
B/initial/test-984/17/delay2,test-984,26,decode,0.6597089300048538,True,27
B/initial/test-984/17/delay2,test-984,27,verify_call,0.2059894199919654,True,204
B/initial/test-984/17/delay2,test-984,30,policy_decision,1.666200114414096e-05,True,0
B/initial/test-984/17/delay2,test-984,31,FAIL_RESTORE,0.05401780200190842,True,363
B/initial/test-984/17/delay2,test-984,31,decode,2.057903663997422,True,73
B/initial/test-984/17/delay2,test-984,32,verify_call,0.20727529098803643,True,239
B/initial/test-984/17/endpoint_only,test-984,3,policy_decision,2.707995008677244e-06,True,0
B/initial/test-984/17/endpoint_only,test-984,5,OFFLINE_RESTORE,0.05303404000005685,False,321
B/initial/test-984/17/endpoint_only,test-984,5,decode,6.40930671300157,True,266
B/initial/test-984/17/endpoint_only,test-984,6,verify_call,0.38975566999579314,True,525
B/initial/test-984/17/endpoint_only,test-984,9,policy_decision,8.11100471764803e-06,True,0
B/initial/test-984/17/endpoint_only,test-984,10,FAIL_RESTORE,0.03793264699925203,True,229
B/initial/test-984/17/endpoint_only,test-984,10,decode,13.265683227000409,True,501
B/initial/test-984/17/endpoint_only,test-984,11,verify_call,0.3985918370017316,True,599
B/initial/test-984/17/endpoint_only,test-984,14,policy_decision,2.492000930942595e-06,True,0
B/initial/test-984/17/endpoint_only,test-984,15,FAIL_RESTORE,0.03774279399658553,True,229
B/initial/test-984/17/endpoint_only,test-984,15,decode,3.333633464993909,True,126
B/initial/test-984/17/endpoint_only,test-984,16,verify_call,0.20683146400551777,True,238
B/initial/test-984/17/endpoint_only,test-984,19,policy_decision,2.486995072104037e-06,True,0
B/initial/test-984/17/endpoint_only,test-984,20,FAIL_RESTORE,0.03745370700198691,True,229
B/initial/test-984/17/endpoint_only,test-984,20,decode,3.861216036006226,True,150
B/initial/test-984/17/endpoint_only,test-984,21,verify_call,0.24717467499431223,True,262
B/initial/test-984/17/endpoint_only,test-984,24,policy_decision,3.21200059261173e-06,True,0
B/initial/test-984/17/endpoint_only,test-984,25,FAIL_RESTORE,0.03859261299658101,True,229
B/initial/test-984/17/endpoint_only,test-984,25,decode,10.31285525400017,True,399
B/initial/test-984/17/endpoint_only,test-984,26,verify_call,0.32937885900901165,True,493
B/initial/test-984/17/endpoint_only,test-984,29,policy_decision,3.8430007407441735e-06,True,0
B/initial/test-984/17/endpoint_only,test-984,30,FAIL_RESTORE,0.03911646400229074,True,229
B/initial/test-984/17/endpoint_only,test-984,30,decode,7.047926033003023,True,264
B/initial/test-984/29/now,test-984,3,verify_call,0.24587129600695334,True,262
B/initial/test-984/29/now,test-984,6,policy_decision,5.9010053519159555e-06,True,0
B/initial/test-984/29/now,test-984,7,FAIL_RESTORE,0.03837246100010816,True,229
B/initial/test-984/29/now,test-984,7,decode,10.546668609007611,True,405
B/initial/test-984/29/now,test-984,8,verify_call,0.3307142130070133,True,507
B/initial/test-984/29/now,test-984,11,policy_decision,7.848997483961284e-06,True,0
B/initial/test-984/29/now,test-984,12,FAIL_RESTORE,0.03825800400227308,True,229
B/initial/test-984/29/now,test-984,12,decode,0.18531649799842853,True,8
B/initial/test-984/29/now,test-984,13,verify_call,0.15307574601320084,True,124
B/initial/test-984/29/now,test-984,16,policy_decision,1.282599987462163e-05,True,0
B/initial/test-984/29/now,test-984,17,FAIL_RESTORE,0.03791906300466508,True,229
B/initial/test-984/29/now,test-984,17,decode,5.801346289998037,True,222
B/initial/test-984/29/now,test-984,18,verify_call,0.2506051450036466,True,320
B/initial/test-984/29/now,test-984,21,policy_decision,9.246999979950488e-06,True,0
B/initial/test-984/29/now,test-984,22,FAIL_RESTORE,0.03802380000706762,True,229
B/initial/test-984/29/now,test-984,22,decode,8.122446937006316,True,304
B/initial/test-984/29/now,test-984,23,verify_call,0.3228178739955183,True,407
B/initial/test-984/29/now,test-984,26,policy_decision,1.1715004802681506e-05,True,0
B/initial/test-984/29/now,test-984,27,FAIL_RESTORE,0.037723850007751025,True,229
B/initial/test-984/29/now,test-984,27,decode,7.726903406000929,True,294
B/initial/test-984/29/now,test-984,28,verify_call,0.3136901800025953,True,394
B/initial/test-984/29/delay1,test-984,3,policy_decision,7.921000360511243e-06,True,0
B/initial/test-984/29/delay1,test-984,5,OFFLINE_RESTORE,0.05307659100799356,False,321
B/initial/test-984/29/delay1,test-984,5,decode,1.9814325170009397,True,83
B/initial/test-984/29/delay1,test-984,6,verify_call,0.2672952279972378,True,342
B/initial/test-984/29/delay1,test-984,9,policy_decision,9.581999620422721e-06,True,0
B/initial/test-984/29/delay1,test-984,10,FAIL_RESTORE,0.0381274149985984,True,229
B/initial/test-984/29/delay1,test-984,10,decode,3.9582554509979673,True,154
B/initial/test-984/29/delay1,test-984,11,verify_call,0.20702756100217812,True,254
B/initial/test-984/29/delay1,test-984,14,policy_decision,7.490991265513003e-06,True,0
B/initial/test-984/29/delay1,test-984,16,OFFLINE_RESTORE,0.05498300099861808,False,383
B/initial/test-984/29/delay1,test-984,16,decode,4.893840051998268,True,194
B/initial/test-984/29/delay1,test-984,17,verify_call,0.3258419500052696,True,436
B/initial/test-984/29/delay1,test-984,20,policy_decision,1.217599492520094e-05,True,0
B/initial/test-984/29/delay1,test-984,21,FAIL_RESTORE,0.06781714399403427,True,440
B/initial/test-984/29/delay1,test-984,21,decode,8.596553315001074,True,326
B/initial/test-984/29/delay1,test-984,22,verify_call,0.39587809100339655,True,567
B/initial/test-984/29/delay1,test-984,25,policy_decision,1.5658995835110545e-05,True,0
B/initial/test-984/29/delay1,test-984,26,FAIL_RESTORE,0.06490802500047721,True,440
B/initial/test-984/29/delay1,test-984,26,decode,3.553441341005964,True,135
B/initial/test-984/29/delay1,test-984,27,verify_call,0.2682456510083284,True,373
B/initial/test-984/29/delay1,test-984,30,policy_decision,1.7391008441336453e-05,True,0
B/initial/test-984/29/delay1,test-984,31,FAIL_RESTORE,0.06528740600333549,True,440
B/initial/test-984/29/delay1,test-984,31,decode,2.834564787001,True,108
B/initial/test-984/29/delay1,test-984,32,verify_call,0.2705737299984321,True,346
B/initial/test-984/29/delay2,test-984,3,policy_decision,7.299007847905159e-06,True,0
B/initial/test-984/29/delay2,test-984,5,OFFLINE_RESTORE,0.05278513800294604,False,321
B/initial/test-984/29/delay2,test-984,5,decode,4.769352814997546,True,198
B/initial/test-984/29/delay2,test-984,6,verify_call,0.32616903600865044,True,454
B/initial/test-984/29/delay2,test-984,9,policy_decision,1.0083997040055692e-05,True,0
B/initial/test-984/29/delay2,test-984,10,FAIL_RESTORE,0.037644377996912226,True,229
B/initial/test-984/29/delay2,test-984,10,decode,6.982571013999404,True,278
B/initial/test-984/29/delay2,test-984,11,verify_call,0.3119841009902302,True,387
B/initial/test-984/29/delay2,test-984,14,policy_decision,1.0930991265922785e-05,True,0
B/initial/test-984/29/delay2,test-984,15,FAIL_RESTORE,0.03959619400848169,True,229
B/initial/test-984/29/delay2,test-984,15,decode,16.73878439598775,True,648
B/initial/test-984/29/delay2,test-984,16,verify_call,0.45942932899924926,True,760
B/initial/test-984/29/delay2,test-984,19,policy_decision,1.0233998182229698e-05,True,0
B/initial/test-984/29/delay2,test-984,20,FAIL_RESTORE,0.03803283700835891,True,229
B/initial/test-984/29/delay2,test-984,20,decode,1.7981195019965526,True,69
B/initial/test-984/29/delay2,test-984,21,verify_call,0.1868470639892621,True,176
B/initial/test-984/29/delay2,test-984,24,policy_decision,1.7318001482635736e-05,True,0
B/initial/test-984/29/delay2,test-984,25,FAIL_RESTORE,0.039590828004293144,True,229
B/initial/test-984/29/delay2,test-984,25,decode,5.776722508002422,True,223
B/initial/test-984/29/delay2,test-984,26,verify_call,0.264987767994171,True,323
B/initial/test-984/29/delay2,test-984,29,policy_decision,2.139899879693985e-05,True,0
B/initial/test-984/29/delay2,test-984,30,FAIL_RESTORE,0.038524879986653104,True,229
B/initial/test-984/29/delay2,test-984,30,decode,12.597946487003355,True,479
B/initial/test-984/29/endpoint_only,test-984,3,policy_decision,3.7249992601573467e-06,True,0
B/initial/test-984/29/endpoint_only,test-984,5,OFFLINE_RESTORE,0.0538764109951444,False,321
B/initial/test-984/29/endpoint_only,test-984,5,decode,11.80966034400626,True,473
B/initial/test-984/29/endpoint_only,test-984,6,verify_call,0.4605452779942425,True,723
B/initial/test-984/29/endpoint_only,test-984,9,policy_decision,3.3379910746589303e-06,True,0
B/initial/test-984/29/endpoint_only,test-984,10,FAIL_RESTORE,0.03822554400539957,True,229
B/initial/test-984/29/endpoint_only,test-984,10,decode,4.855332000995986,True,190
B/initial/test-984/29/endpoint_only,test-984,11,verify_call,0.24826924400986172,True,302
B/initial/test-984/29/endpoint_only,test-984,14,policy_decision,7.820999599061906e-06,True,0
B/initial/test-984/29/endpoint_only,test-984,15,FAIL_RESTORE,0.03837706700142007,True,229
B/initial/test-984/29/endpoint_only,test-984,15,decode,0.21155403699958697,True,9
B/initial/test-984/43/now,test-984,3,verify_call,0.24795167399861384,True,262
B/initial/test-984/43/now,test-984,6,policy_decision,8.939998224377632e-06,True,0
B/initial/test-984/43/now,test-984,7,FAIL_RESTORE,0.038581073997193016,True,229
B/initial/test-984/43/now,test-984,7,decode,4.07089611000265,True,163
B/initial/test-984/43/now,test-984,8,verify_call,0.2449135430069873,True,260
B/initial/test-984/43/now,test-984,11,policy_decision,7.577997166663408e-06,True,0
B/initial/test-984/43/now,test-984,12,FAIL_RESTORE,0.038060681996284984,True,229
B/initial/test-984/43/now,test-984,12,decode,0.26255513000069186,True,11
B/initial/test-984/43/now,test-984,13,verify_call,0.15282585700333584,True,127
B/initial/test-984/43/now,test-984,16,policy_decision,1.0375006240792572e-05,True,0
B/initial/test-984/43/now,test-984,17,FAIL_RESTORE,0.03911872200842481,True,229
B/initial/test-984/43/now,test-984,17,decode,6.152819192997413,True,231
B/initial/test-984/43/now,test-984,18,verify_call,0.26664766600879375,True,328
B/initial/test-984/43/now,test-984,21,policy_decision,1.2937001883983612e-05,True,0
B/initial/test-984/43/now,test-984,22,FAIL_RESTORE,0.03797115900670178,True,229
B/initial/test-984/43/now,test-984,22,decode,17.15964753899607,True,653
B/initial/test-984/43/now,test-984,23,verify_call,0.46130319400981534,True,762
B/initial/test-984/43/now,test-984,26,policy_decision,1.6256992239505053e-05,True,0
B/initial/test-984/43/now,test-984,27,FAIL_RESTORE,0.04098224701010622,True,229
B/initial/test-984/43/now,test-984,27,decode,1.1240701060014544,True,44
B/initial/test-984/43/now,test-984,28,verify_call,0.18610086299304385,True,151
B/initial/test-984/43/delay1,test-984,3,policy_decision,6.54999166727066e-06,True,0
B/initial/test-984/43/delay1,test-984,5,OFFLINE_RESTORE,0.05291486199712381,False,321
B/initial/test-984/43/delay1,test-984,5,decode,4.312064304991509,True,167
B/initial/test-984/43/delay1,test-984,6,verify_call,0.32594836699718144,True,426
B/initial/test-984/43/delay1,test-984,9,policy_decision,5.948997568339109e-06,True,0
B/initial/test-984/43/delay1,test-984,10,FAIL_RESTORE,0.03776393500447739,True,229
B/initial/test-984/43/delay1,test-984,10,decode,1.6680935909971595,True,63
B/initial/test-984/43/delay1,test-984,11,verify_call,0.18737479198898654,True,164
B/initial/test-984/43/delay1,test-984,14,policy_decision,8.663002518005669e-06,True,0
B/initial/test-984/43/delay1,test-984,16,OFFLINE_RESTORE,0.050208911998197436,False,292
B/initial/test-984/43/delay1,test-984,16,decode,1.4680024120025337,True,57
B/initial/test-984/43/delay1,test-984,17,verify_call,0.20610363999730907,True,216
B/initial/test-984/43/delay1,test-984,20,policy_decision,8.93199467100203e-06,True,0
B/initial/test-984/43/delay1,test-984,21,FAIL_RESTORE,0.05296638600702863,True,349
B/initial/test-984/43/delay1,test-984,21,decode,1.6738379940070445,True,66
B/initial/test-984/43/delay1,test-984,22,verify_call,0.2074532709957566,True,215
B/initial/test-984/43/delay1,test-984,25,policy_decision,1.0748000931926072e-05,True,0
B/initial/test-984/43/delay1,test-984,27,OFFLINE_RESTORE,0.06585525600530673,False,415
B/initial/test-984/43/delay1,test-984,27,decode,2.144685080013005,True,83
B/initial/test-984/43/delay1,test-984,28,verify_call,0.2702801429986721,True,345
B/initial/test-984/43/delay1,test-984,30,policy_decision,1.1540993000380695e-05,True,0
B/initial/test-984/43/delay1,test-984,32,OFFLINE_RESTORE,0.07027388899587095,False,498
B/initial/test-984/43/delay1,test-984,32,decode,2.7320721779979067,True,104
B/initial/test-984/43/delay1,test-984,33,verify_call,0.32900763099314645,True,440
B/initial/test-984/43/delay2,test-984,3,policy_decision,6.079004378989339e-06,True,0
B/initial/test-984/43/delay2,test-984,5,OFFLINE_RESTORE,0.05292705800093245,False,321
B/initial/test-984/43/delay2,test-984,5,decode,7.166678623994812,True,276
B/initial/test-984/43/delay2,test-984,6,verify_call,0.39157824200810865,True,535
B/initial/test-984/43/delay2,test-984,9,policy_decision,1.0060000931844115e-05,True,0
B/initial/test-984/43/delay2,test-984,10,FAIL_RESTORE,0.037837408992345445,True,229
B/initial/test-984/43/delay2,test-984,10,decode,10.936454371010768,True,427
B/initial/test-984/43/delay2,test-984,11,verify_call,0.3904276170069352,True,535
B/initial/test-984/43/delay2,test-984,14,policy_decision,1.052000152412802e-05,True,0
B/initial/test-984/43/delay2,test-984,15,FAIL_RESTORE,0.038262463989667594,True,229
B/initial/test-984/43/delay2,test-984,15,decode,18.169434915005695,True,680
B/initial/test-984/43/delay2,test-984,16,verify_call,0.520950416001142,True,780
B/initial/test-984/43/delay2,test-984,19,policy_decision,1.2602002243511379e-05,True,0
B/initial/test-984/43/delay2,test-984,20,FAIL_RESTORE,0.038256903004366904,True,229
B/initial/test-984/43/delay2,test-984,20,decode,5.098270674992818,True,198
B/initial/test-984/43/delay2,test-984,21,verify_call,0.2514865569974063,True,310
B/initial/test-984/43/delay2,test-984,24,policy_decision,1.54009903781116e-05,True,0
B/initial/test-984/43/delay2,test-984,25,FAIL_RESTORE,0.038172123007825576,True,229
B/initial/test-984/43/delay2,test-984,25,decode,8.28635685700283,True,314
B/initial/test-984/43/endpoint_only,test-984,3,policy_decision,4.268993507139385e-06,True,0
B/initial/test-984/43/endpoint_only,test-984,5,OFFLINE_RESTORE,0.0531889650010271,False,321
B/initial/test-984/43/endpoint_only,test-984,5,decode,7.124902456009295,True,276
B/initial/test-984/43/endpoint_only,test-984,6,verify_call,0.39274574200680945,True,535
B/initial/test-984/43/endpoint_only,test-984,9,policy_decision,4.429995897226036e-06,True,0
B/initial/test-984/43/endpoint_only,test-984,10,FAIL_RESTORE,0.03845784699660726,True,229
B/initial/test-984/43/endpoint_only,test-984,10,decode,10.990121383001679,True,427
B/initial/test-984/43/endpoint_only,test-984,11,verify_call,0.39378732100885827,True,535
B/initial/test-984/43/endpoint_only,test-984,14,policy_decision,3.6959972931072116e-06,True,0
B/initial/test-984/43/endpoint_only,test-984,15,FAIL_RESTORE,0.038266675008344464,True,229
B/initial/test-984/43/endpoint_only,test-984,15,decode,19.36012928400305,True,751
B/initial/test-984/43/endpoint_only,test-984,16,verify_call,0.5267420489981305,True,851
B/initial/test-984/43/endpoint_only,test-984,19,policy_decision,3.1329982448369265e-06,True,0
B/initial/test-984/43/endpoint_only,test-984,20,FAIL_RESTORE,0.038067392000812106,True,229
B/initial/test-984/43/endpoint_only,test-984,20,decode,9.337550869997358,True,359
B/initial/test-984/43/endpoint_only,test-984,21,verify_call,0.33027625500108115,True,453
B/initial/test-984/43/endpoint_only,test-984,24,policy_decision,5.381996743381023e-06,True,0
B/initial/test-984/43/endpoint_only,test-984,25,FAIL_RESTORE,0.0406752409908222,True,229
B/initial/test-984/43/endpoint_only,test-984,25,decode,2.1506841310038,True,82
B/initial/test-179/17/now,test-179,3,verify_call,0.1793934160086792,True,130
B/initial/test-179/17/now,test-179,6,policy_decision,5.428009899333119e-06,True,0
B/initial/test-179/17/now,test-179,8,OFFLINE_RESTORE,0.03256505799072329,False,189
B/initial/test-179/17/now,test-179,8,decode,2.8894345430016983,True,114
B/initial/test-179/17/now,test-179,9,verify_call,0.20738713900209405,True,240
B/initial/test-179/17/delay1,test-179,3,policy_decision,7.479000487364829e-06,True,0
B/initial/test-179/17/delay1,test-179,5,OFFLINE_RESTORE,0.03289157499966677,False,189
B/initial/test-179/17/delay1,test-179,5,decode,1.5911916379991453,True,61
B/initial/test-179/17/delay1,test-179,6,verify_call,0.1887057870044373,True,187
B/initial/test-179/17/delay1,test-179,9,policy_decision,9.242998203262687e-06,True,0
B/initial/test-179/17/delay1,test-179,11,OFFLINE_RESTORE,0.03791181200358551,False,250
B/initial/test-179/17/delay1,test-179,11,decode,1.3075740089989267,True,52
B/initial/test-179/17/delay1,test-179,12,verify_call,0.20740194999962114,True,239
B/initial/test-179/17/delay2,test-179,3,policy_decision,7.648006430827081e-06,True,0
B/initial/test-179/17/delay2,test-179,5,OFFLINE_RESTORE,0.037133789010113105,False,189
B/initial/test-179/17/delay2,test-179,5,decode,2.8685953710082686,True,114
B/initial/test-179/17/delay2,test-179,6,verify_call,0.2062152840080671,True,240
B/initial/test-179/17/endpoint_only,test-179,3,policy_decision,3.4190015867352486e-06,True,0
B/initial/test-179/17/endpoint_only,test-179,5,OFFLINE_RESTORE,0.032967590988846496,False,189
B/initial/test-179/17/endpoint_only,test-179,5,decode,2.8812663970020367,True,114
B/initial/test-179/17/endpoint_only,test-179,6,verify_call,0.2067902450071415,True,240
B/initial/test-179/29/now,test-179,3,verify_call,0.18012038499000482,True,130
B/initial/test-179/29/now,test-179,6,policy_decision,5.662004696205258e-06,True,0
B/initial/test-179/29/now,test-179,8,OFFLINE_RESTORE,0.03281051899830345,False,189
B/initial/test-179/29/now,test-179,8,decode,2.8862340849882457,True,113
B/initial/test-179/29/now,test-179,9,verify_call,0.20746488698932808,True,239
B/initial/test-179/29/delay1,test-179,3,policy_decision,6.0449965531006455e-06,True,0
B/initial/test-179/29/delay1,test-179,5,OFFLINE_RESTORE,0.032154658998479135,False,189
B/initial/test-179/29/delay1,test-179,5,decode,1.5518668919976335,True,61
B/initial/test-179/29/delay1,test-179,6,verify_call,0.19013498999993317,True,187
B/initial/test-179/29/delay1,test-179,9,policy_decision,9.196999599225819e-06,True,0
B/initial/test-179/29/delay1,test-179,11,OFFLINE_RESTORE,0.03786981099983677,False,250
B/initial/test-179/29/delay1,test-179,11,decode,1.344202367006801,True,53
B/initial/test-179/29/delay1,test-179,12,verify_call,0.20796014000370633,True,240
B/initial/test-179/29/delay2,test-179,3,policy_decision,6.7350047174841166e-06,True,0
B/initial/test-179/29/delay2,test-179,5,OFFLINE_RESTORE,0.035924379000789486,False,189
B/initial/test-179/29/delay2,test-179,5,decode,2.859698478001519,True,113
B/initial/test-179/29/delay2,test-179,6,verify_call,0.2071465530025307,True,239
B/initial/test-179/29/endpoint_only,test-179,3,policy_decision,2.5710032787173986e-06,True,0
B/initial/test-179/29/endpoint_only,test-179,5,OFFLINE_RESTORE,0.03435626499413047,False,189
B/initial/test-179/29/endpoint_only,test-179,5,decode,2.81492572199204,True,113
B/initial/test-179/29/endpoint_only,test-179,6,verify_call,0.20972115300537553,True,239
B/initial/test-179/43/now,test-179,3,verify_call,0.18146348299342208,True,130
B/initial/test-179/43/now,test-179,6,policy_decision,1.1036012438125908e-05,True,0
B/initial/test-179/43/now,test-179,8,OFFLINE_RESTORE,0.03414744600013364,False,189
B/initial/test-179/43/now,test-179,8,decode,2.8343692619964713,True,111
B/initial/test-179/43/now,test-179,9,verify_call,0.20800704300927464,True,237
B/initial/test-179/43/delay1,test-179,3,policy_decision,5.912006599828601e-06,True,0
B/initial/test-179/43/delay1,test-179,5,OFFLINE_RESTORE,0.03356418000475969,False,189
B/initial/test-179/43/delay1,test-179,5,decode,1.5299141689902171,True,61
B/initial/test-179/43/delay1,test-179,6,verify_call,0.19019560499873478,True,187
B/initial/test-179/43/delay1,test-179,9,policy_decision,7.227994501590729e-06,True,0
B/initial/test-179/43/delay1,test-179,11,OFFLINE_RESTORE,0.03765842999564484,False,250
B/initial/test-179/43/delay1,test-179,11,decode,1.2842084910080303,True,50
B/initial/test-179/43/delay1,test-179,12,verify_call,0.20756121099111624,True,237
B/initial/test-179/43/delay2,test-179,3,policy_decision,8.144997991621494e-06,True,0
B/initial/test-179/43/delay2,test-179,5,OFFLINE_RESTORE,0.03280062299745623,False,189
B/initial/test-179/43/delay2,test-179,5,decode,2.8568117520044325,True,111
B/initial/test-179/43/delay2,test-179,6,verify_call,0.20708139799535275,True,237
B/initial/test-179/43/endpoint_only,test-179,3,policy_decision,2.486995072104037e-06,True,0
B/initial/test-179/43/endpoint_only,test-179,5,OFFLINE_RESTORE,0.03226922400062904,False,189
B/initial/test-179/43/endpoint_only,test-179,5,decode,2.873995059999288,True,111
B/initial/test-179/43/endpoint_only,test-179,6,verify_call,0.20709342800546438,True,237
B/initial/test-208/17/now,test-208,3,verify_call,0.18073051000828855,True,137
B/initial/test-208/17/now,test-208,6,policy_decision,8.497998351231217e-06,True,0
B/initial/test-208/17/now,test-208,8,OFFLINE_RESTORE,0.037460642008227296,False,195
B/initial/test-208/17/now,test-208,8,decode,2.8555446559912525,True,113
B/initial/test-208/17/now,test-208,9,verify_call,0.20886615599738434,True,248
B/initial/test-208/17/delay1,test-208,3,policy_decision,8.72500822879374e-06,True,0
B/initial/test-208/17/delay1,test-208,5,OFFLINE_RESTORE,0.03738784800225403,False,195
B/initial/test-208/17/delay1,test-208,5,decode,1.1881160540069686,True,47
B/initial/test-208/17/delay1,test-208,6,verify_call,0.19007823799620382,True,182
B/initial/test-208/17/delay1,test-208,9,policy_decision,6.861999281682074e-06,True,0
B/initial/test-208/17/delay1,test-208,11,OFFLINE_RESTORE,0.03820192700368352,False,242
B/initial/test-208/17/delay1,test-208,11,decode,1.6774529479880584,True,66
B/initial/test-208/17/delay1,test-208,12,verify_call,0.20890925399726257,True,248
B/initial/test-208/17/delay2,test-208,3,policy_decision,9.000010322779417e-06,True,0
B/initial/test-208/17/delay2,test-208,5,OFFLINE_RESTORE,0.03741502699267585,False,195
B/initial/test-208/17/delay2,test-208,5,decode,2.8677604550030082,True,113
B/initial/test-208/17/delay2,test-208,6,verify_call,0.20862362800107803,True,248
B/initial/test-208/17/endpoint_only,test-208,3,policy_decision,3.077002475038171e-06,True,0
B/initial/test-208/17/endpoint_only,test-208,5,OFFLINE_RESTORE,0.03700869700696785,False,195
B/initial/test-208/17/endpoint_only,test-208,5,decode,2.894528464996256,True,113
B/initial/test-208/17/endpoint_only,test-208,6,verify_call,0.21048805399914272,True,248
B/initial/test-208/29/now,test-208,3,verify_call,0.18049457100278232,True,137
B/initial/test-208/29/now,test-208,6,policy_decision,4.842004273086786e-06,True,0
B/initial/test-208/29/now,test-208,8,OFFLINE_RESTORE,0.037230262998491526,False,195
B/initial/test-208/29/now,test-208,8,decode,2.6486126579984557,True,104
B/initial/test-208/29/now,test-208,9,verify_call,0.20749802098725922,True,239
B/initial/test-208/29/delay1,test-208,3,policy_decision,9.524010238237679e-06,True,0
B/initial/test-208/29/delay1,test-208,5,OFFLINE_RESTORE,0.03732498700264841,False,195
B/initial/test-208/29/delay1,test-208,5,decode,1.206133357991348,True,47
B/initial/test-208/29/delay1,test-208,6,verify_call,0.18955111799004953,True,182
B/initial/test-208/29/delay1,test-208,9,policy_decision,7.605995051562786e-06,True,0
B/initial/test-208/29/delay1,test-208,11,OFFLINE_RESTORE,0.03847353300079703,False,242
B/initial/test-208/29/delay1,test-208,11,decode,1.5718202509888215,True,63
B/initial/test-208/29/delay1,test-208,12,verify_call,0.21174981600779574,True,245
B/initial/test-208/29/delay2,test-208,3,policy_decision,5.857000360265374e-06,True,0
B/initial/test-208/29/delay2,test-208,5,OFFLINE_RESTORE,0.0369714390108129,False,195
B/initial/test-208/29/delay2,test-208,5,decode,2.551604383988888,True,104
B/initial/test-208/29/delay2,test-208,6,verify_call,0.20689468299678992,True,239
B/initial/test-208/29/endpoint_only,test-208,3,policy_decision,3.0919909477233887e-06,True,0
B/initial/test-208/29/endpoint_only,test-208,5,OFFLINE_RESTORE,0.03915904001041781,False,195
B/initial/test-208/29/endpoint_only,test-208,5,decode,2.60913356099627,True,104
B/initial/test-208/29/endpoint_only,test-208,6,verify_call,0.20815556900925003,True,239
B/initial/test-208/43/now,test-208,3,verify_call,0.18121969400090165,True,137
B/initial/test-208/43/now,test-208,6,policy_decision,5.961002898402512e-06,True,0
B/initial/test-208/43/now,test-208,8,OFFLINE_RESTORE,0.03658157799509354,False,195
B/initial/test-208/43/now,test-208,8,decode,2.846546993998345,True,111
B/initial/test-208/43/now,test-208,9,verify_call,0.21025440399535,True,246
B/initial/test-208/43/delay1,test-208,3,policy_decision,6.784990546293557e-06,True,0
B/initial/test-208/43/delay1,test-208,5,OFFLINE_RESTORE,0.03721224400214851,False,195
B/initial/test-208/43/delay1,test-208,5,decode,1.2293839750054758,True,47
B/initial/test-208/43/delay1,test-208,6,verify_call,0.19048013500287198,True,182
B/initial/test-208/43/delay1,test-208,9,policy_decision,5.784997483715415e-06,True,0
B/initial/test-208/43/delay1,test-208,11,OFFLINE_RESTORE,0.03869296000630129,False,242
B/initial/test-208/43/delay1,test-208,11,decode,1.609756361998734,True,64
B/initial/test-208/43/delay1,test-208,12,verify_call,0.2087519750057254,True,246
B/initial/test-208/43/delay2,test-208,3,policy_decision,6.308007868938148e-06,True,0
B/initial/test-208/43/delay2,test-208,5,OFFLINE_RESTORE,0.0367803900007857,False,195
B/initial/test-208/43/delay2,test-208,5,decode,2.952725171999191,True,111
B/initial/test-208/43/delay2,test-208,6,verify_call,0.20807958500517998,True,246
B/initial/test-208/43/endpoint_only,test-208,3,policy_decision,3.578010364435613e-06,True,0
B/initial/test-208/43/endpoint_only,test-208,5,OFFLINE_RESTORE,0.03825962700648233,False,195
B/initial/test-208/43/endpoint_only,test-208,5,decode,2.8502592129952973,True,111
B/initial/test-208/43/endpoint_only,test-208,6,verify_call,0.2078816829889547,True,246
B/historical_pass/test-159/17/now,test-159,9,verify_call,0.18075341799703892,True,130
B/historical_pass/test-159/17/now,test-159,12,policy_decision,5.274996510706842e-06,True,0
B/historical_pass/test-159/17/now,test-159,14,OFFLINE_RESTORE,0.037266994011588395,False,194
B/historical_pass/test-159/17/now,test-159,14,decode,2.203555955988122,True,86
B/historical_pass/test-159/17/now,test-159,15,verify_call,0.2093304279987933,True,209
B/historical_pass/test-159/17/delay1,test-159,9,policy_decision,4.993999027647078e-06,True,0
B/historical_pass/test-159/17/delay1,test-159,11,OFFLINE_RESTORE,0.036633319992688484,False,194
B/historical_pass/test-159/17/delay1,test-159,11,decode,0.9470175910100807,True,38
B/historical_pass/test-159/17/delay1,test-159,12,verify_call,0.18818163601099513,True,165
B/historical_pass/test-159/17/delay1,test-159,15,policy_decision,7.381997420452535e-06,True,0
B/historical_pass/test-159/17/delay1,test-159,17,OFFLINE_RESTORE,0.03802402499422897,False,232
B/historical_pass/test-159/17/delay1,test-159,17,decode,1.1937659719988005,True,48
B/historical_pass/test-159/17/delay1,test-159,18,verify_call,0.20839447699836455,True,209
B/historical_pass/test-159/17/delay2,test-159,9,policy_decision,7.448994438163936e-06,True,0
B/historical_pass/test-159/17/delay2,test-159,11,OFFLINE_RESTORE,0.03684760299802292,False,194
B/historical_pass/test-159/17/delay2,test-159,11,decode,1.7683783939864952,True,67
B/historical_pass/test-159/17/delay2,test-159,12,verify_call,0.19337800799985416,True,191
B/historical_pass/test-159/17/delay2,test-159,15,policy_decision,1.65980018209666e-05,True,0
B/historical_pass/test-159/17/delay2,test-159,17,OFFLINE_RESTORE,0.04922231400269084,False,261
B/historical_pass/test-159/17/delay2,test-159,17,decode,0.4473504039924592,True,19
B/historical_pass/test-159/17/delay2,test-159,18,verify_call,0.20842173900746275,True,209
B/historical_pass/test-159/17/endpoint_only,test-159,9,policy_decision,3.1719973776489496e-06,True,0
B/historical_pass/test-159/17/endpoint_only,test-159,11,OFFLINE_RESTORE,0.03766562200326007,False,194
B/historical_pass/test-159/17/endpoint_only,test-159,11,decode,2.236316986993188,True,86
B/historical_pass/test-159/17/endpoint_only,test-159,12,verify_call,0.20738922798773274,True,209
B/historical_pass/test-159/29/now,test-159,9,verify_call,0.17973669899220113,True,130
B/historical_pass/test-159/29/now,test-159,12,policy_decision,5.574009264819324e-06,True,0
B/historical_pass/test-159/29/now,test-159,14,OFFLINE_RESTORE,0.036938816992915235,False,194
B/historical_pass/test-159/29/now,test-159,14,decode,4.073702560010133,True,160
B/historical_pass/test-159/29/now,test-159,15,verify_call,0.2512921479938086,True,290
B/historical_pass/test-159/29/now,test-159,18,policy_decision,1.2128002708777785e-05,True,0
B/historical_pass/test-159/29/now,test-159,19,FAIL_RESTORE,0.04012369799602311,True,251
B/historical_pass/test-159/29/now,test-159,19,decode,1.7352583030005917,True,68
B/historical_pass/test-159/29/now,test-159,20,verify_call,0.18914996999956202,True,191
B/historical_pass/test-159/29/delay1,test-159,9,policy_decision,9.561001206748188e-06,True,0
B/historical_pass/test-159/29/delay1,test-159,11,OFFLINE_RESTORE,0.03942456700315233,False,194
B/historical_pass/test-159/29/delay1,test-159,11,decode,4.075717571991845,True,160
B/historical_pass/test-159/29/delay1,test-159,12,verify_call,0.249985973990988,True,290
B/historical_pass/test-159/29/delay1,test-159,15,policy_decision,9.227005648426712e-06,True,0
B/historical_pass/test-159/29/delay1,test-159,16,FAIL_RESTORE,0.03789931000210345,True,234
B/historical_pass/test-159/29/delay1,test-159,16,decode,2.9015846120018978,True,113
B/historical_pass/test-159/29/delay1,test-159,17,verify_call,0.20662031999381725,True,220
B/historical_pass/test-159/29/delay1,test-159,20,policy_decision,8.668997907079756e-06,True,0
B/historical_pass/test-159/29/delay1,test-159,21,FAIL_RESTORE,0.03757467199466191,True,234
B/historical_pass/test-159/29/delay1,test-159,21,decode,0.7811607390030986,True,31
B/historical_pass/test-159/29/delay1,test-159,22,verify_call,0.18049745699681807,True,142
B/historical_pass/test-159/29/delay1,test-159,25,policy_decision,1.248900662176311e-05,True,0
B/historical_pass/test-159/29/delay1,test-159,26,FAIL_RESTORE,0.03818176098866388,True,234
B/historical_pass/test-159/29/delay1,test-159,26,decode,2.788026534006349,True,110
B/historical_pass/test-159/29/delay1,test-159,27,verify_call,0.20808833499904722,True,212
B/historical_pass/test-159/29/delay2,test-159,9,policy_decision,7.311988156288862e-06,True,0
B/historical_pass/test-159/29/delay2,test-159,11,OFFLINE_RESTORE,0.03765038000710774,False,194
B/historical_pass/test-159/29/delay2,test-159,11,decode,4.05843294999795,True,160
B/historical_pass/test-159/29/delay2,test-159,12,verify_call,0.24952279699209612,True,290
B/historical_pass/test-159/29/delay2,test-159,15,policy_decision,8.314003935083747e-06,True,0
B/historical_pass/test-159/29/delay2,test-159,16,FAIL_RESTORE,0.03816339900367893,True,234
B/historical_pass/test-159/29/delay2,test-159,16,decode,2.908575566994841,True,113
B/historical_pass/test-159/29/delay2,test-159,17,verify_call,0.20692100901214872,True,220
B/historical_pass/test-159/29/delay2,test-159,20,policy_decision,1.3368000509217381e-05,True,0
B/historical_pass/test-159/29/delay2,test-159,21,FAIL_RESTORE,0.03827850399829913,True,234
B/historical_pass/test-159/29/delay2,test-159,21,decode,0.761783417998231,True,31
B/historical_pass/test-159/29/delay2,test-159,22,verify_call,0.1805639040103415,True,142
B/historical_pass/test-159/29/delay2,test-159,25,policy_decision,9.55599534790963e-06,True,0
B/historical_pass/test-159/29/delay2,test-159,26,FAIL_RESTORE,0.03834189000190236,True,234
B/historical_pass/test-159/29/delay2,test-159,26,decode,2.7196628759993473,True,110
B/historical_pass/test-159/29/delay2,test-159,27,verify_call,0.20874455700686667,True,212
B/historical_pass/test-159/29/endpoint_only,test-159,9,policy_decision,2.5429908419027925e-06,True,0
B/historical_pass/test-159/29/endpoint_only,test-159,11,OFFLINE_RESTORE,0.03742710399092175,False,194
B/historical_pass/test-159/29/endpoint_only,test-159,11,decode,4.109149961004732,True,160
B/historical_pass/test-159/29/endpoint_only,test-159,12,verify_call,0.2486813879950205,True,290
B/historical_pass/test-159/29/endpoint_only,test-159,15,policy_decision,2.50799348577857e-06,True,0
B/historical_pass/test-159/29/endpoint_only,test-159,16,FAIL_RESTORE,0.03998673299793154,True,234
B/historical_pass/test-159/29/endpoint_only,test-159,16,decode,2.884749956006999,True,113
B/historical_pass/test-159/29/endpoint_only,test-159,17,verify_call,0.20745830600208137,True,220
B/historical_pass/test-159/29/endpoint_only,test-159,20,policy_decision,2.6329944375902414e-06,True,0
B/historical_pass/test-159/29/endpoint_only,test-159,21,FAIL_RESTORE,0.038067817004048266,True,234
B/historical_pass/test-159/29/endpoint_only,test-159,21,decode,0.7601902179885656,True,31
B/historical_pass/test-159/29/endpoint_only,test-159,22,verify_call,0.18072582299646456,True,142
B/historical_pass/test-159/29/endpoint_only,test-159,25,policy_decision,3.669003490358591e-06,True,0
B/historical_pass/test-159/29/endpoint_only,test-159,26,FAIL_RESTORE,0.039108602999476716,True,234
B/historical_pass/test-159/29/endpoint_only,test-159,26,decode,2.646827454009326,True,110
B/historical_pass/test-159/29/endpoint_only,test-159,27,verify_call,0.20872164699540008,True,212
B/historical_pass/test-159/43/now,test-159,9,verify_call,0.1815769790118793,True,130
B/historical_pass/test-159/43/now,test-159,12,policy_decision,7.280992576852441e-06,True,0
B/historical_pass/test-159/43/now,test-159,14,OFFLINE_RESTORE,0.03942638399894349,False,194
B/historical_pass/test-159/43/now,test-159,14,decode,2.7666301450080937,True,110
B/historical_pass/test-159/43/now,test-159,15,verify_call,0.20817601900489535,True,234
B/historical_pass/test-159/43/delay1,test-159,9,policy_decision,4.03440062655136e-05,True,0
B/historical_pass/test-159/43/delay1,test-159,11,OFFLINE_RESTORE,0.03721854300238192,False,194
B/historical_pass/test-159/43/delay1,test-159,11,decode,0.9413919569924474,True,38
B/historical_pass/test-159/43/delay1,test-159,12,verify_call,0.18775021100009326,True,165
B/historical_pass/test-159/43/delay1,test-159,15,policy_decision,8.803996024653316e-06,True,0
B/historical_pass/test-159/43/delay1,test-159,17,OFFLINE_RESTORE,0.038274392994935624,False,232
B/historical_pass/test-159/43/delay1,test-159,17,decode,0.9251746889931383,True,38
B/historical_pass/test-159/43/delay1,test-159,18,verify_call,0.20785601099487394,True,203
B/historical_pass/test-159/43/delay1,test-159,21,policy_decision,1.550398883409798e-05,True,0
B/historical_pass/test-159/43/delay1,test-159,22,FAIL_RESTORE,0.05008910999458749,True,289
B/historical_pass/test-159/43/delay1,test-159,22,decode,0.7795532340096543,True,32
B/historical_pass/test-159/43/delay1,test-159,23,verify_call,0.20607728799222969,True,194
B/historical_pass/test-159/43/delay2,test-159,9,policy_decision,1.1149997590109706e-05,True,0
B/historical_pass/test-159/43/delay2,test-159,11,OFFLINE_RESTORE,0.0373312919982709,False,194
B/historical_pass/test-159/43/delay2,test-159,11,decode,1.9308360680006444,True,77
B/historical_pass/test-159/43/delay2,test-159,12,verify_call,0.20804077500361018,True,200
B/historical_pass/test-159/43/delay2,test-159,15,policy_decision,1.1677999282255769e-05,True,0
B/historical_pass/test-159/43/delay2,test-159,17,OFFLINE_RESTORE,0.04919990600319579,False,271
B/historical_pass/test-159/43/delay2,test-159,17,decode,0.8144011459953617,True,33
B/historical_pass/test-159/43/delay2,test-159,18,verify_call,0.20712982800614554,True,234
B/historical_pass/test-159/43/endpoint_only,test-159,9,policy_decision,2.9810034902766347e-06,True,0
B/historical_pass/test-159/43/endpoint_only,test-159,11,OFFLINE_RESTORE,0.0366052899917122,False,194
B/historical_pass/test-159/43/endpoint_only,test-159,11,decode,2.764752265997231,True,110
B/historical_pass/test-159/43/endpoint_only,test-159,12,verify_call,0.20641071400314104,True,234
B/historical_pass/test-365/17/now,test-365,9,verify_call,0.1875274579942925,True,159
B/historical_pass/test-365/17/now,test-365,12,policy_decision,4.650006303563714e-06,True,0
B/historical_pass/test-365/17/now,test-365,14,OFFLINE_RESTORE,0.03686732398637105,False,223
B/historical_pass/test-365/17/now,test-365,14,decode,1.7957513449946418,True,72
B/historical_pass/test-365/17/now,test-365,15,verify_call,0.20701330399606377,True,231
B/historical_pass/test-365/17/delay1,test-365,9,policy_decision,6.720991223119199e-06,True,0
B/historical_pass/test-365/17/delay1,test-365,11,OFFLINE_RESTORE,0.03678090899484232,False,223
B/historical_pass/test-365/17/delay1,test-365,11,decode,1.8241853780054953,True,72
B/historical_pass/test-365/17/delay1,test-365,12,verify_call,0.20813336000719573,True,231
B/historical_pass/test-365/17/delay2,test-365,9,policy_decision,5.83200016990304e-06,True,0
B/historical_pass/test-365/17/delay2,test-365,11,OFFLINE_RESTORE,0.037107210999238305,False,223
B/historical_pass/test-365/17/delay2,test-365,11,decode,1.825800699996762,True,72
B/historical_pass/test-365/17/delay2,test-365,12,verify_call,0.2063693259988213,True,231
B/historical_pass/test-365/17/endpoint_only,test-365,9,policy_decision,3.453998942859471e-06,True,0
B/historical_pass/test-365/17/endpoint_only,test-365,11,OFFLINE_RESTORE,0.03868468600558117,False,223
B/historical_pass/test-365/17/endpoint_only,test-365,11,decode,1.8402998940000543,True,72
B/historical_pass/test-365/17/endpoint_only,test-365,12,verify_call,0.20807834700099193,True,231
B/historical_pass/test-365/29/now,test-365,9,verify_call,0.18800970500160474,True,159
B/historical_pass/test-365/29/now,test-365,12,policy_decision,5.779991624876857e-06,True,0
B/historical_pass/test-365/29/now,test-365,14,OFFLINE_RESTORE,0.037114393009687774,False,223
B/historical_pass/test-365/29/now,test-365,14,decode,1.8269387250038562,True,74
B/historical_pass/test-365/29/now,test-365,15,verify_call,0.20730860100593418,True,233
B/historical_pass/test-365/29/delay1,test-365,9,policy_decision,6.5159983932971954e-06,True,0
B/historical_pass/test-365/29/delay1,test-365,11,OFFLINE_RESTORE,0.03703271299309563,False,223
B/historical_pass/test-365/29/delay1,test-365,11,decode,1.8670878609991632,True,74
B/historical_pass/test-365/29/delay1,test-365,12,verify_call,0.20762649399694055,True,233
B/historical_pass/test-365/29/delay2,test-365,9,policy_decision,7.552007446065545e-06,True,0
B/historical_pass/test-365/29/delay2,test-365,11,OFFLINE_RESTORE,0.03804505700827576,False,223
B/historical_pass/test-365/29/delay2,test-365,11,decode,1.8141831749962876,True,74
B/historical_pass/test-365/29/delay2,test-365,12,verify_call,0.2083492550009396,True,233
B/historical_pass/test-365/29/endpoint_only,test-365,9,policy_decision,3.6470009945333004e-06,True,0
B/historical_pass/test-365/29/endpoint_only,test-365,11,OFFLINE_RESTORE,0.03783166299399454,False,223
B/historical_pass/test-365/29/endpoint_only,test-365,11,decode,1.84305659099482,True,74
B/historical_pass/test-365/29/endpoint_only,test-365,12,verify_call,0.20829269199748524,True,233
B/historical_pass/test-365/43/now,test-365,9,verify_call,0.18912422700668685,True,159
B/historical_pass/test-365/43/now,test-365,12,policy_decision,8.39399581309408e-06,True,0
B/historical_pass/test-365/43/now,test-365,14,OFFLINE_RESTORE,0.03742364099889528,False,223
B/historical_pass/test-365/43/now,test-365,14,decode,1.840694810001878,True,72
B/historical_pass/test-365/43/now,test-365,15,verify_call,0.20759991600061767,True,231
B/historical_pass/test-365/43/delay1,test-365,9,policy_decision,4.893998266197741e-06,True,0
B/historical_pass/test-365/43/delay1,test-365,11,OFFLINE_RESTORE,0.03691523500310723,False,223
B/historical_pass/test-365/43/delay1,test-365,11,decode,1.7845957999961684,True,72
B/historical_pass/test-365/43/delay1,test-365,12,verify_call,0.20811423899431247,True,231
B/historical_pass/test-365/43/delay2,test-365,9,policy_decision,6.943999323993921e-06,True,0
B/historical_pass/test-365/43/delay2,test-365,11,OFFLINE_RESTORE,0.03710050799418241,False,223
B/historical_pass/test-365/43/delay2,test-365,11,decode,1.788095821000752,True,72
B/historical_pass/test-365/43/delay2,test-365,12,verify_call,0.20872414800396655,True,231
B/historical_pass/test-365/43/endpoint_only,test-365,9,policy_decision,3.6420096876099706e-06,True,0
B/historical_pass/test-365/43/endpoint_only,test-365,11,OFFLINE_RESTORE,0.037837056996067986,False,223
B/historical_pass/test-365/43/endpoint_only,test-365,11,decode,1.798120106002898,True,72
B/historical_pass/test-365/43/endpoint_only,test-365,12,verify_call,0.2073692999983905,True,231
B/historical_pass/test-135/17/now,test-135,9,verify_call,0.20742767000047024,True,214
B/historical_pass/test-135/17/now,test-135,12,policy_decision,2.0774008589796722e-05,True,0
B/historical_pass/test-135/17/now,test-135,13,FAIL_RESTORE,0.0496489590004785,True,296
B/historical_pass/test-135/17/now,test-135,13,decode,1.586220505007077,True,64
B/historical_pass/test-135/17/now,test-135,14,verify_call,0.20674510599928908,True,234
B/historical_pass/test-135/17/now,test-135,17,policy_decision,1.0477990144863725e-05,True,0
B/historical_pass/test-135/17/now,test-135,18,FAIL_RESTORE,0.049843601998873055,True,296
B/historical_pass/test-135/17/now,test-135,18,decode,1.8323738720064284,True,73
B/historical_pass/test-135/17/now,test-135,19,verify_call,0.20890313100244384,True,246
B/historical_pass/test-135/17/delay1,test-135,9,policy_decision,1.0433999705128372e-05,True,0
B/historical_pass/test-135/17/delay1,test-135,11,OFFLINE_RESTORE,0.05022765099420212,False,278
B/historical_pass/test-135/17/delay1,test-135,11,decode,0.5268028699938441,True,22
B/historical_pass/test-135/17/delay1,test-135,12,verify_call,0.20662179400096647,True,233
B/historical_pass/test-135/17/delay1,test-135,15,policy_decision,6.304006092250347e-06,True,0
B/historical_pass/test-135/17/delay1,test-135,16,FAIL_RESTORE,0.04908000200521201,True,296
B/historical_pass/test-135/17/delay1,test-135,16,decode,1.3277451489993837,True,53
B/historical_pass/test-135/17/delay1,test-135,17,verify_call,0.20710079600394238,True,226
B/historical_pass/test-135/17/delay1,test-135,20,policy_decision,7.840004400350153e-06,True,0
B/historical_pass/test-135/17/delay1,test-135,21,FAIL_RESTORE,0.04887234499619808,True,296
B/historical_pass/test-135/17/delay1,test-135,21,decode,1.5567364000016823,True,61
B/historical_pass/test-135/17/delay1,test-135,22,verify_call,0.208955310008605,True,234
B/historical_pass/test-135/17/delay1,test-135,25,policy_decision,1.405901275575161e-05,True,0
B/historical_pass/test-135/17/delay1,test-135,26,FAIL_RESTORE,0.04937898099888116,True,296
B/historical_pass/test-135/17/delay1,test-135,26,decode,2.05910815000243,True,85
B/historical_pass/test-135/17/delay2,test-135,9,policy_decision,8.2360056694597e-06,True,0
B/historical_pass/test-135/17/delay2,test-135,11,OFFLINE_RESTORE,0.050466126995161176,False,278
B/historical_pass/test-135/17/delay2,test-135,11,decode,1.3549791149998782,True,55
B/historical_pass/test-135/17/delay2,test-135,12,verify_call,0.2488047149963677,True,263
B/historical_pass/test-135/17/delay2,test-135,15,policy_decision,7.715003448538482e-06,True,0
B/historical_pass/test-135/17/delay2,test-135,16,FAIL_RESTORE,0.04929179600731004,True,296
B/historical_pass/test-135/17/delay2,test-135,16,decode,0.1545752829988487,True,7
B/historical_pass/test-135/17/delay2,test-135,17,verify_call,0.18994095599919092,True,184
B/historical_pass/test-135/17/endpoint_only,test-135,9,policy_decision,4.119006916880608e-06,True,0
B/historical_pass/test-135/17/endpoint_only,test-135,11,OFFLINE_RESTORE,0.051032392992055975,False,278
B/historical_pass/test-135/17/endpoint_only,test-135,11,decode,3.5230672549951123,True,140
B/historical_pass/test-135/17/endpoint_only,test-135,12,verify_call,0.27054150999174453,True,344
B/historical_pass/test-135/17/endpoint_only,test-135,15,policy_decision,2.92099139187485e-06,True,0
B/historical_pass/test-135/17/endpoint_only,test-135,16,FAIL_RESTORE,0.050085990005754866,True,296
B/historical_pass/test-135/17/endpoint_only,test-135,16,decode,2.0089432320091873,True,79
B/historical_pass/test-135/17/endpoint_only,test-135,17,verify_call,0.2087680100084981,True,249
B/historical_pass/test-135/17/endpoint_only,test-135,20,policy_decision,3.1800009310245514e-06,True,0
B/historical_pass/test-135/17/endpoint_only,test-135,21,FAIL_RESTORE,0.04988182400120422,True,296
B/historical_pass/test-135/17/endpoint_only,test-135,21,decode,1.005819159996463,True,38
B/historical_pass/test-135/17/endpoint_only,test-135,22,verify_call,0.21167785800935235,True,211
B/historical_pass/test-135/17/endpoint_only,test-135,25,policy_decision,3.0819937819615006e-06,True,0
B/historical_pass/test-135/17/endpoint_only,test-135,26,FAIL_RESTORE,0.049099896001280285,True,296
B/historical_pass/test-135/17/endpoint_only,test-135,26,decode,3.241265320000821,True,132
B/historical_pass/test-135/17/endpoint_only,test-135,27,verify_call,0.25028894998831674,True,302
B/historical_pass/test-135/17/endpoint_only,test-135,30,policy_decision,4.024012014269829e-06,True,0
B/historical_pass/test-135/17/endpoint_only,test-135,31,FAIL_RESTORE,0.05093846601084806,True,296
B/historical_pass/test-135/17/endpoint_only,test-135,31,decode,2.6440217579947785,True,103
B/historical_pass/test-135/17/endpoint_only,test-135,32,verify_call,0.2507761279994156,True,273
B/historical_pass/test-135/29/now,test-135,9,verify_call,0.2072342339961324,True,214
B/historical_pass/test-135/29/now,test-135,12,policy_decision,8.07999458629638e-06,True,0
B/historical_pass/test-135/29/now,test-135,13,FAIL_RESTORE,0.04947517400432844,True,296
B/historical_pass/test-135/29/now,test-135,13,decode,1.8777901910070796,True,74
B/historical_pass/test-135/29/now,test-135,14,verify_call,0.20789048000006005,True,244
B/historical_pass/test-135/29/now,test-135,17,policy_decision,9.630995918996632e-06,True,0
B/historical_pass/test-135/29/now,test-135,18,FAIL_RESTORE,0.049183210998307914,True,296
B/historical_pass/test-135/29/now,test-135,18,decode,2.0810692710074363,True,80
B/historical_pass/test-135/29/delay1,test-135,9,policy_decision,6.93999754730612e-06,True,0
B/historical_pass/test-135/29/delay1,test-135,11,OFFLINE_RESTORE,0.049112104999949224,False,278
B/historical_pass/test-135/29/delay1,test-135,11,decode,0.9158681690023514,True,37
B/historical_pass/test-135/29/delay1,test-135,12,verify_call,0.2077582330093719,True,251
B/historical_pass/test-135/29/delay1,test-135,15,policy_decision,8.807008271105587e-06,True,0
B/historical_pass/test-135/29/delay1,test-135,16,FAIL_RESTORE,0.052209165995009243,True,296
B/historical_pass/test-135/29/delay1,test-135,16,decode,2.183501752006123,True,82
B/historical_pass/test-135/29/delay1,test-135,17,verify_call,0.2076160139986314,True,227
B/historical_pass/test-135/29/delay1,test-135,20,policy_decision,1.1946001905016601e-05,True,0
B/historical_pass/test-135/29/delay1,test-135,21,FAIL_RESTORE,0.0496440199931385,True,296
B/historical_pass/test-135/29/delay1,test-135,21,decode,1.1223362529999577,True,43
B/historical_pass/test-135/29/delay1,test-135,22,verify_call,0.20786663600301836,True,216
B/historical_pass/test-135/29/delay1,test-135,25,policy_decision,1.1096009984612465e-05,True,0
B/historical_pass/test-135/29/delay1,test-135,26,FAIL_RESTORE,0.050132286007283255,True,296
B/historical_pass/test-135/29/delay1,test-135,26,decode,3.6420953089982504,True,150
B/historical_pass/test-135/29/delay1,test-135,27,verify_call,0.2512062199966749,True,312
B/historical_pass/test-135/29/delay1,test-135,30,policy_decision,1.453999720979482e-05,True,0
B/historical_pass/test-135/29/delay1,test-135,31,FAIL_RESTORE,0.049915793002583086,True,296
B/historical_pass/test-135/29/delay1,test-135,31,decode,0.15651589799381327,True,7
B/historical_pass/test-135/29/delay1,test-135,32,verify_call,0.1892673399997875,True,184
B/historical_pass/test-135/29/delay2,test-135,9,policy_decision,9.073002729564905e-06,True,0
B/historical_pass/test-135/29/delay2,test-135,11,OFFLINE_RESTORE,0.050039049005135894,False,278
B/historical_pass/test-135/29/delay2,test-135,11,decode,0.9332479599979706,True,37
B/historical_pass/test-135/29/delay2,test-135,12,verify_call,0.20798713799740653,True,251
B/historical_pass/test-135/29/delay2,test-135,15,policy_decision,4.493699816521257e-05,True,0
B/historical_pass/test-135/29/delay2,test-135,16,FAIL_RESTORE,0.048929728000075556,True,296
B/historical_pass/test-135/29/delay2,test-135,16,decode,2.0535777879995294,True,82
B/historical_pass/test-135/29/delay2,test-135,17,verify_call,0.20591259900538716,True,227
B/historical_pass/test-135/29/delay2,test-135,20,policy_decision,9.216993930749595e-06,True,0
B/historical_pass/test-135/29/delay2,test-135,21,FAIL_RESTORE,0.04944010199687909,True,296
B/historical_pass/test-135/29/delay2,test-135,21,decode,1.0913684840052156,True,43
B/historical_pass/test-135/29/delay2,test-135,22,verify_call,0.20732161900377832,True,216
B/historical_pass/test-135/29/delay2,test-135,25,policy_decision,1.2424992746673524e-05,True,0
B/historical_pass/test-135/29/delay2,test-135,26,FAIL_RESTORE,0.05007481299981009,True,296
B/historical_pass/test-135/29/delay2,test-135,26,decode,3.66502469900297,True,150
B/historical_pass/test-135/29/delay2,test-135,27,verify_call,0.25064160900365096,True,312
B/historical_pass/test-135/29/delay2,test-135,30,policy_decision,1.8252001609653234e-05,True,0
B/historical_pass/test-135/29/delay2,test-135,31,FAIL_RESTORE,0.049958055999013595,True,296
B/historical_pass/test-135/29/delay2,test-135,31,decode,0.1568691810098244,True,7
B/historical_pass/test-135/29/delay2,test-135,32,verify_call,0.1893585229991004,True,184
B/historical_pass/test-135/29/endpoint_only,test-135,9,policy_decision,3.5099947126582265e-06,True,0
B/historical_pass/test-135/29/endpoint_only,test-135,11,OFFLINE_RESTORE,0.049370302993338555,False,278
B/historical_pass/test-135/29/endpoint_only,test-135,11,decode,0.9145619609917048,True,37
B/historical_pass/test-135/29/endpoint_only,test-135,12,verify_call,0.2081291840004269,True,251
B/historical_pass/test-135/29/endpoint_only,test-135,15,policy_decision,2.8130016289651394e-06,True,0
B/historical_pass/test-135/29/endpoint_only,test-135,16,FAIL_RESTORE,0.05004094600735698,True,296
B/historical_pass/test-135/29/endpoint_only,test-135,16,decode,2.0503133080055704,True,82
B/historical_pass/test-135/29/endpoint_only,test-135,17,verify_call,0.20668297799420543,True,227
B/historical_pass/test-135/29/endpoint_only,test-135,20,policy_decision,2.4610053515061736e-06,True,0
B/historical_pass/test-135/29/endpoint_only,test-135,21,FAIL_RESTORE,0.05029295998974703,True,296
B/historical_pass/test-135/29/endpoint_only,test-135,21,decode,1.0910700490057934,True,43
B/historical_pass/test-135/29/endpoint_only,test-135,22,verify_call,0.20765718900656793,True,216
B/historical_pass/test-135/29/endpoint_only,test-135,25,policy_decision,3.410008503124118e-06,True,0
B/historical_pass/test-135/29/endpoint_only,test-135,26,FAIL_RESTORE,0.0503127480042167,True,296
B/historical_pass/test-135/29/endpoint_only,test-135,26,decode,4.165226306009572,True,170
B/historical_pass/test-135/29/endpoint_only,test-135,27,verify_call,0.26864153500355314,True,332
B/historical_pass/test-135/29/endpoint_only,test-135,30,policy_decision,2.6669877115637064e-06,True,0
B/historical_pass/test-135/29/endpoint_only,test-135,31,FAIL_RESTORE,0.04986595599621069,True,296
B/historical_pass/test-135/29/endpoint_only,test-135,31,decode,0.17879850399913266,True,8
B/historical_pass/test-135/29/endpoint_only,test-135,32,verify_call,0.18967823100683745,True,186
B/historical_pass/test-135/43/now,test-135,9,verify_call,0.20703746100480203,True,214
B/historical_pass/test-135/43/now,test-135,12,policy_decision,8.699993486516178e-06,True,0
B/historical_pass/test-135/43/now,test-135,13,FAIL_RESTORE,0.05045940099807922,True,296
B/historical_pass/test-135/43/now,test-135,13,decode,1.2427427360089496,True,50
B/historical_pass/test-135/43/now,test-135,14,verify_call,0.20852482500777114,True,223
B/historical_pass/test-135/43/now,test-135,17,policy_decision,1.0449002729728818e-05,True,0
B/historical_pass/test-135/43/now,test-135,18,FAIL_RESTORE,0.049959786992985755,True,296
B/historical_pass/test-135/43/now,test-135,18,decode,1.8073096590087516,True,72
B/historical_pass/test-135/43/now,test-135,19,verify_call,0.20920661000127438,True,245
B/historical_pass/test-135/43/now,test-135,22,policy_decision,8.168994099833071e-06,True,0
B/historical_pass/test-135/43/now,test-135,23,FAIL_RESTORE,0.05003363599826116,True,296
B/historical_pass/test-135/43/now,test-135,23,decode,3.926423053009785,True,160
B/historical_pass/test-135/43/now,test-135,24,verify_call,0.2691883740044432,True,330
B/historical_pass/test-135/43/now,test-135,27,policy_decision,1.6010002582333982e-05,True,0
B/historical_pass/test-135/43/now,test-135,28,FAIL_RESTORE,0.049722081996151246,True,296
B/historical_pass/test-135/43/now,test-135,28,decode,1.9699749400024302,True,75
B/historical_pass/test-135/43/delay1,test-135,9,policy_decision,8.33599187899381e-06,True,0
B/historical_pass/test-135/43/delay1,test-135,11,OFFLINE_RESTORE,0.049076973999035545,False,278
B/historical_pass/test-135/43/delay1,test-135,11,decode,0.5058196430036332,True,20
B/historical_pass/test-135/43/delay1,test-135,12,verify_call,0.20723178000480402,True,234
B/historical_pass/test-135/43/delay1,test-135,15,policy_decision,8.952993084676564e-06,True,0
B/historical_pass/test-135/43/delay1,test-135,16,FAIL_RESTORE,0.04944236800656654,True,296
B/historical_pass/test-135/43/delay1,test-135,16,decode,1.3918357860093238,True,56
B/historical_pass/test-135/43/delay1,test-135,17,verify_call,0.20775195700116456,True,229
B/historical_pass/test-135/43/delay1,test-135,20,policy_decision,1.240900019183755e-05,True,0
B/historical_pass/test-135/43/delay1,test-135,21,FAIL_RESTORE,0.05012744899431709,True,296
B/historical_pass/test-135/43/delay1,test-135,21,decode,2.5431719639891526,True,100
B/historical_pass/test-135/43/delay1,test-135,22,verify_call,0.24943722500756849,True,273
B/historical_pass/test-135/43/delay2,test-135,9,policy_decision,5.602007149718702e-06,True,0
B/historical_pass/test-135/43/delay2,test-135,11,OFFLINE_RESTORE,0.051269214003696106,False,278
B/historical_pass/test-135/43/delay2,test-135,11,decode,0.47515035499236546,True,20
B/historical_pass/test-135/43/delay2,test-135,12,verify_call,0.2072904779925011,True,234
B/historical_pass/test-135/43/delay2,test-135,15,policy_decision,7.256996468640864e-06,True,0
B/historical_pass/test-135/43/delay2,test-135,16,FAIL_RESTORE,0.04916454000340309,True,296
B/historical_pass/test-135/43/delay2,test-135,16,decode,1.389862128009554,True,56
B/historical_pass/test-135/43/delay2,test-135,17,verify_call,0.2066741099988576,True,229
B/historical_pass/test-135/43/delay2,test-135,20,policy_decision,7.661990821361542e-06,True,0
B/historical_pass/test-135/43/delay2,test-135,21,FAIL_RESTORE,0.04952369601232931,True,296
B/historical_pass/test-135/43/delay2,test-135,21,decode,2.57153688800463,True,100
B/historical_pass/test-135/43/delay2,test-135,22,verify_call,0.24963954300619662,True,273
B/historical_pass/test-135/43/endpoint_only,test-135,9,policy_decision,2.4469918571412563e-06,True,0
B/historical_pass/test-135/43/endpoint_only,test-135,11,OFFLINE_RESTORE,0.048791577995871194,False,278
B/historical_pass/test-135/43/endpoint_only,test-135,11,decode,0.48443029800546356,True,20
B/historical_pass/test-135/43/endpoint_only,test-135,12,verify_call,0.21127185299701523,True,234
B/historical_pass/test-135/43/endpoint_only,test-135,15,policy_decision,4.640998668037355e-06,True,0
B/historical_pass/test-135/43/endpoint_only,test-135,16,FAIL_RESTORE,0.04998695000540465,True,296
B/historical_pass/test-135/43/endpoint_only,test-135,16,decode,1.3965087889955612,True,56
B/historical_pass/test-135/43/endpoint_only,test-135,17,verify_call,0.2068827000039164,True,229
B/historical_pass/test-135/43/endpoint_only,test-135,20,policy_decision,3.3159885788336396e-06,True,0
B/historical_pass/test-135/43/endpoint_only,test-135,21,FAIL_RESTORE,0.050074565995601006,True,296
B/historical_pass/test-135/43/endpoint_only,test-135,21,decode,2.550794406008208,True,100
B/historical_pass/test-135/43/endpoint_only,test-135,22,verify_call,0.24893557000905275,True,273
B/historical_pass/test-450/17/now,test-450,9,verify_call,0.20847562700510025,True,226
B/historical_pass/test-450/17/now,test-450,12,policy_decision,6.06999674346298e-06,True,0
B/historical_pass/test-450/17/now,test-450,14,OFFLINE_RESTORE,0.04961042301147245,False,291
B/historical_pass/test-450/17/now,test-450,14,decode,4.322660708989133,True,171
B/historical_pass/test-450/17/now,test-450,15,verify_call,0.3139295110013336,True,390
B/historical_pass/test-450/17/delay1,test-450,9,policy_decision,9.22300387173891e-06,True,0
B/historical_pass/test-450/17/delay1,test-450,11,OFFLINE_RESTORE,0.0495042620023014,False,291
B/historical_pass/test-450/17/delay1,test-450,11,decode,0.9723918340023374,True,40
B/historical_pass/test-450/17/delay1,test-450,12,verify_call,0.24919434101320803,True,263
B/historical_pass/test-450/17/delay1,test-450,15,policy_decision,6.886999472044408e-06,True,0
B/historical_pass/test-450/17/delay1,test-450,17,OFFLINE_RESTORE,0.05345004700939171,False,331
B/historical_pass/test-450/17/delay1,test-450,17,decode,3.7206869429937797,True,146
B/historical_pass/test-450/17/delay1,test-450,18,verify_call,0.31610694198752753,True,405
B/historical_pass/test-450/17/delay2,test-450,9,policy_decision,8.692004485055804e-06,True,0
B/historical_pass/test-450/17/delay2,test-450,11,OFFLINE_RESTORE,0.04956854299234692,False,291
B/historical_pass/test-450/17/delay2,test-450,11,decode,2.2908666000002995,True,90
B/historical_pass/test-450/17/delay2,test-450,12,verify_call,0.2549362209974788,True,310
B/historical_pass/test-450/17/delay2,test-450,15,policy_decision,9.105002391152084e-06,True,0
B/historical_pass/test-450/17/delay2,test-450,17,OFFLINE_RESTORE,0.053870313000516035,False,381
B/historical_pass/test-450/17/delay2,test-450,17,decode,1.9968962400016608,True,81
B/historical_pass/test-450/17/delay2,test-450,18,verify_call,0.3146938300051261,True,390
B/historical_pass/test-450/17/endpoint_only,test-450,9,policy_decision,2.5460030883550644e-06,True,0
B/historical_pass/test-450/17/endpoint_only,test-450,11,OFFLINE_RESTORE,0.04921629799355287,False,291
B/historical_pass/test-450/17/endpoint_only,test-450,11,decode,4.32309742399957,True,171
B/historical_pass/test-450/17/endpoint_only,test-450,12,verify_call,0.31378824899729807,True,390
B/historical_pass/test-450/29/now,test-450,9,verify_call,0.2074000759894261,True,226
B/historical_pass/test-450/29/now,test-450,12,policy_decision,6.290007149800658e-06,True,0
B/historical_pass/test-450/29/now,test-450,14,OFFLINE_RESTORE,0.04970757900446188,False,291
B/historical_pass/test-450/29/now,test-450,14,decode,4.038994154994725,True,166
B/historical_pass/test-450/29/now,test-450,15,verify_call,0.27091321200714447,True,381
B/historical_pass/test-450/29/now,test-450,18,policy_decision,7.523995009250939e-06,True,0
B/historical_pass/test-450/29/now,test-450,19,FAIL_RESTORE,0.052645438991021365,True,348
B/historical_pass/test-450/29/now,test-450,19,decode,4.381868032010971,True,170
B/historical_pass/test-450/29/now,test-450,20,verify_call,0.3125138390023494,True,386
B/historical_pass/test-450/29/now,test-450,23,policy_decision,1.3226002920418978e-05,True,0
B/historical_pass/test-450/29/now,test-450,24,FAIL_RESTORE,0.0535013510088902,True,348
B/historical_pass/test-450/29/now,test-450,24,decode,4.274041573997238,True,170
B/historical_pass/test-450/29/now,test-450,25,verify_call,0.2717525539919734,True,381
B/historical_pass/test-450/29/now,test-450,28,policy_decision,1.604699355084449e-05,True,0
B/historical_pass/test-450/29/now,test-450,30,OFFLINE_RESTORE,0.08564695599488914,False,518
B/historical_pass/test-450/29/now,test-450,30,decode,1.3991986219916726,True,54
B/historical_pass/test-450/29/now,test-450,31,verify_call,0.32930340799794067,True,493
B/historical_pass/test-450/29/delay1,test-450,9,policy_decision,4.968009307049215e-06,True,0
B/historical_pass/test-450/29/delay1,test-450,11,OFFLINE_RESTORE,0.04900884800008498,False,291
B/historical_pass/test-450/29/delay1,test-450,11,decode,1.0184030510135926,True,41
B/historical_pass/test-450/29/delay1,test-450,12,verify_call,0.24946053299936466,True,264
B/historical_pass/test-450/29/delay1,test-450,15,policy_decision,7.907001418061554e-06,True,0
B/historical_pass/test-450/29/delay1,test-450,17,OFFLINE_RESTORE,0.0522422829963034,False,332
B/historical_pass/test-450/29/delay1,test-450,17,decode,3.6919283530005487,True,151
B/historical_pass/test-450/29/delay1,test-450,18,verify_call,0.326599181003985,True,408
B/historical_pass/test-450/29/delay1,test-450,21,policy_decision,1.2057003914378583e-05,True,0
B/historical_pass/test-450/29/delay1,test-450,22,FAIL_RESTORE,0.06635003900737502,True,389
B/historical_pass/test-450/29/delay1,test-450,22,decode,4.264641192989075,True,164
B/historical_pass/test-450/29/delay1,test-450,23,verify_call,0.32723890600027516,True,416
B/historical_pass/test-450/29/delay1,test-450,26,policy_decision,1.2169999536126852e-05,True,0
B/historical_pass/test-450/29/delay1,test-450,27,FAIL_RESTORE,0.06467062199953943,True,389
B/historical_pass/test-450/29/delay1,test-450,27,decode,10.06270787899848,True,386
B/historical_pass/test-450/29/delay1,test-450,28,verify_call,0.40233698299562093,True,635
B/historical_pass/test-450/29/delay1,test-450,31,policy_decision,1.3641008990816772e-05,True,0
B/historical_pass/test-450/29/delay1,test-450,32,FAIL_RESTORE,0.06603961400105618,True,389
B/historical_pass/test-450/29/delay1,test-450,32,decode,3.449977468990255,True,132
B/historical_pass/test-450/29/delay1,test-450,33,verify_call,0.31189509299292695,True,385
B/historical_pass/test-450/29/delay2,test-450,9,policy_decision,9.006995242089033e-06,True,0
B/historical_pass/test-450/29/delay2,test-450,11,OFFLINE_RESTORE,0.05031895400315989,False,291
B/historical_pass/test-450/29/delay2,test-450,11,decode,2.5612236130109522,True,101
B/historical_pass/test-450/29/delay2,test-450,12,verify_call,0.27142017999722157,True,321
B/historical_pass/test-450/29/delay2,test-450,15,policy_decision,6.644011591561139e-06,True,0
B/historical_pass/test-450/29/delay2,test-450,16,FAIL_RESTORE,0.05000314299832098,True,290
B/historical_pass/test-450/29/delay2,test-450,16,decode,5.589036991994362,True,230
B/historical_pass/test-450/29/delay2,test-450,17,verify_call,0.31418235698947683,True,389
B/historical_pass/test-450/29/delay2,test-450,20,policy_decision,9.368988685309887e-06,True,0
B/historical_pass/test-450/29/delay2,test-450,21,FAIL_RESTORE,0.0494672460044967,True,290
B/historical_pass/test-450/29/delay2,test-450,21,decode,4.4629546939977445,True,172
B/historical_pass/test-450/29/delay2,test-450,22,verify_call,0.26946301000134554,True,334
B/historical_pass/test-450/29/delay2,test-450,25,policy_decision,9.836003300733864e-06,True,0
B/historical_pass/test-450/29/delay2,test-450,26,FAIL_RESTORE,0.05007295199902728,True,290
B/historical_pass/test-450/29/delay2,test-450,26,decode,3.528559081009007,True,136
B/historical_pass/test-450/29/delay2,test-450,27,verify_call,0.25085812399629503,True,292
B/historical_pass/test-450/29/delay2,test-450,30,policy_decision,1.1024007108062506e-05,True,0
B/historical_pass/test-450/29/delay2,test-450,31,FAIL_RESTORE,0.04948079200403299,True,290
B/historical_pass/test-450/29/delay2,test-450,31,decode,7.379011263998109,True,281
B/historical_pass/test-450/29/delay2,test-450,32,verify_call,0.32577973599836696,True,439
B/historical_pass/test-450/29/endpoint_only,test-450,9,policy_decision,3.3190008252859116e-06,True,0
B/historical_pass/test-450/29/endpoint_only,test-450,11,OFFLINE_RESTORE,0.04938057500112336,False,291
B/historical_pass/test-450/29/endpoint_only,test-450,11,decode,5.831533839998883,True,220
B/historical_pass/test-450/29/endpoint_only,test-450,12,verify_call,0.32859538700722624,True,433
B/historical_pass/test-450/29/endpoint_only,test-450,15,policy_decision,3.001012373715639e-06,True,0
B/historical_pass/test-450/29/endpoint_only,test-450,16,FAIL_RESTORE,0.05005762899236288,True,290
B/historical_pass/test-450/29/endpoint_only,test-450,16,decode,7.286244592993171,True,298
B/historical_pass/test-450/29/endpoint_only,test-450,17,verify_call,0.3281879010028206,True,449
B/historical_pass/test-450/29/endpoint_only,test-450,20,policy_decision,3.6199926398694515e-06,True,0
B/historical_pass/test-450/29/endpoint_only,test-450,21,FAIL_RESTORE,0.049573134994716384,True,290
B/historical_pass/test-450/29/endpoint_only,test-450,21,decode,4.701021667991881,True,180
B/historical_pass/test-450/29/endpoint_only,test-450,22,verify_call,0.26968666100583505,True,345
B/historical_pass/test-450/29/endpoint_only,test-450,25,policy_decision,2.921995474025607e-06,True,0
B/historical_pass/test-450/29/endpoint_only,test-450,26,FAIL_RESTORE,0.050388976000249386,True,290
B/historical_pass/test-450/29/endpoint_only,test-450,26,decode,8.254321720000007,True,310
B/historical_pass/test-450/29/endpoint_only,test-450,27,verify_call,0.3279436049924698,True,462
B/historical_pass/test-450/29/endpoint_only,test-450,30,policy_decision,3.320004907436669e-06,True,0
B/historical_pass/test-450/29/endpoint_only,test-450,31,FAIL_RESTORE,0.050158377998741344,True,290
B/historical_pass/test-450/29/endpoint_only,test-450,31,decode,5.287010627987911,True,205
B/historical_pass/test-450/29/endpoint_only,test-450,32,verify_call,0.268535597002483,True,363
B/historical_pass/test-450/43/now,test-450,9,verify_call,0.20567440599552356,True,226
B/historical_pass/test-450/43/now,test-450,12,policy_decision,6.032001692801714e-06,True,0
B/historical_pass/test-450/43/now,test-450,14,OFFLINE_RESTORE,0.04986949200974777,False,291
B/historical_pass/test-450/43/now,test-450,14,decode,4.6729253889934625,True,191
B/historical_pass/test-450/43/now,test-450,15,verify_call,0.3253794860065682,True,411
B/historical_pass/test-450/43/now,test-450,18,policy_decision,1.0736010153777897e-05,True,0
B/historical_pass/test-450/43/now,test-450,19,FAIL_RESTORE,0.05310356699919794,True,348
B/historical_pass/test-450/43/now,test-450,19,decode,4.744162446004339,True,182
B/historical_pass/test-450/43/now,test-450,20,verify_call,0.3128434969985392,True,393
B/historical_pass/test-450/43/now,test-450,23,policy_decision,7.73801002651453e-06,True,0
B/historical_pass/test-450/43/now,test-450,25,OFFLINE_RESTORE,0.0837463150091935,False,530
B/historical_pass/test-450/43/now,test-450,25,decode,0.9680193910025991,True,38
B/historical_pass/test-450/43/now,test-450,26,verify_call,0.3295899549993919,True,492
B/historical_pass/test-450/43/delay1,test-450,9,policy_decision,1.0427000233903527e-05,True,0
B/historical_pass/test-450/43/delay1,test-450,11,OFFLINE_RESTORE,0.05034944700310007,False,291
B/historical_pass/test-450/43/delay1,test-450,11,decode,1.0101952650002204,True,40
B/historical_pass/test-450/43/delay1,test-450,12,verify_call,0.24773270799778402,True,263
B/historical_pass/test-450/43/delay1,test-450,15,policy_decision,9.620998753234744e-06,True,0
B/historical_pass/test-450/43/delay1,test-450,17,OFFLINE_RESTORE,0.05217125800845679,False,331
B/historical_pass/test-450/43/delay1,test-450,17,decode,3.651454749997356,True,149
B/historical_pass/test-450/43/delay1,test-450,18,verify_call,0.31285837599716615,True,402
B/historical_pass/test-450/43/delay1,test-450,21,policy_decision,1.2385004083625972e-05,True,0
B/historical_pass/test-450/43/delay1,test-450,22,FAIL_RESTORE,0.06523359399579931,True,388
B/historical_pass/test-450/43/delay1,test-450,22,decode,3.4895004749996588,True,135
B/historical_pass/test-450/43/delay1,test-450,23,verify_call,0.27166102098999545,True,383
B/historical_pass/test-450/43/delay1,test-450,26,policy_decision,1.2102987966500223e-05,True,0
B/historical_pass/test-450/43/delay1,test-450,27,FAIL_RESTORE,0.06527628999901935,True,388
B/historical_pass/test-450/43/delay1,test-450,27,decode,4.738391101011075,True,180
B/historical_pass/test-450/43/delay1,test-450,28,verify_call,0.325648590005585,True,432
B/historical_pass/test-450/43/delay1,test-450,31,policy_decision,1.1739000910893083e-05,True,0
B/historical_pass/test-450/43/delay1,test-450,32,FAIL_RESTORE,0.06427493599767331,True,388
B/historical_pass/test-450/43/delay1,test-450,32,decode,4.103791228000773,True,154
B/historical_pass/test-450/43/delay1,test-450,33,verify_call,0.3259650529944338,True,410
B/historical_pass/test-450/43/delay2,test-450,9,policy_decision,6.814996595494449e-06,True,0
B/historical_pass/test-450/43/delay2,test-450,11,OFFLINE_RESTORE,0.04900364999775775,False,291
B/historical_pass/test-450/43/delay2,test-450,11,decode,3.4980000509967795,True,136
B/historical_pass/test-450/43/delay2,test-450,12,verify_call,0.2696988999960013,True,356
B/historical_pass/test-450/43/delay2,test-450,15,policy_decision,1.0078001650981605e-05,True,0
B/historical_pass/test-450/43/delay2,test-450,16,FAIL_RESTORE,0.04960034100804478,True,290
B/historical_pass/test-450/43/delay2,test-450,16,decode,4.844743006993667,True,189
B/historical_pass/test-450/43/delay2,test-450,17,verify_call,0.2676670389919309,True,345
B/historical_pass/test-450/43/delay2,test-450,20,policy_decision,1.1748008546419442e-05,True,0
B/historical_pass/test-450/43/delay2,test-450,22,OFFLINE_RESTORE,0.07003525699838065,False,479
B/historical_pass/test-450/43/delay2,test-450,22,decode,1.2636656379909255,True,50
B/historical_pass/test-450/43/delay2,test-450,23,verify_call,0.32961809099651873,True,456
B/historical_pass/test-450/43/endpoint_only,test-450,9,policy_decision,2.973989467136562e-06,True,0
B/historical_pass/test-450/43/endpoint_only,test-450,11,OFFLINE_RESTORE,0.05003607699472923,False,291
B/historical_pass/test-450/43/endpoint_only,test-450,11,decode,4.829079793998972,True,191
B/historical_pass/test-450/43/endpoint_only,test-450,12,verify_call,0.32406713400268927,True,411
B/historical_pass/test-450/43/endpoint_only,test-450,15,policy_decision,3.196008037775755e-06,True,0
B/historical_pass/test-450/43/endpoint_only,test-450,16,FAIL_RESTORE,0.05022870301036164,True,290
B/historical_pass/test-450/43/endpoint_only,test-450,16,decode,3.803849920994253,True,149
B/historical_pass/test-450/43/endpoint_only,test-450,17,verify_call,0.25273811000806745,True,309
B/historical_pass/test-450/43/endpoint_only,test-450,20,policy_decision,3.0300143407657743e-06,True,0
B/historical_pass/test-450/43/endpoint_only,test-450,21,FAIL_RESTORE,0.050085580005543306,True,290
B/historical_pass/test-450/43/endpoint_only,test-450,21,decode,8.312302468009875,True,314
B/historical_pass/test-450/43/endpoint_only,test-450,22,verify_call,0.33129472901055124,True,462
B/historical_pass/test-518/17/now,test-518,9,verify_call,0.2476938760082703,True,281
B/historical_pass/test-518/17/now,test-518,12,policy_decision,7.631999324075878e-06,True,0
B/historical_pass/test-518/17/now,test-518,14,OFFLINE_RESTORE,0.05355115300335456,False,346
B/historical_pass/test-518/17/now,test-518,14,decode,3.2345899780048057,True,126
B/historical_pass/test-518/17/now,test-518,15,verify_call,0.31206844600092154,True,404
B/historical_pass/test-518/17/delay1,test-518,9,policy_decision,7.853013812564313e-06,True,0
B/historical_pass/test-518/17/delay1,test-518,11,OFFLINE_RESTORE,0.05424220999702811,False,346
B/historical_pass/test-518/17/delay1,test-518,11,decode,1.844719365995843,True,73
B/historical_pass/test-518/17/delay1,test-518,12,verify_call,0.2696607920079259,True,351
B/historical_pass/test-518/17/delay1,test-518,15,policy_decision,6.775997462682426e-06,True,0
B/historical_pass/test-518/17/delay1,test-518,17,OFFLINE_RESTORE,0.06500525299634319,False,419
B/historical_pass/test-518/17/delay1,test-518,17,decode,1.3480627249955432,True,53
B/historical_pass/test-518/17/delay1,test-518,18,verify_call,0.3122797370015178,True,404
B/historical_pass/test-518/17/delay2,test-518,9,policy_decision,5.786001565866172e-06,True,0
B/historical_pass/test-518/17/delay2,test-518,11,OFFLINE_RESTORE,0.052123938003205694,False,346
B/historical_pass/test-518/17/delay2,test-518,11,decode,3.1988713970058598,True,126
B/historical_pass/test-518/17/delay2,test-518,12,verify_call,0.31477294499927666,True,404
B/historical_pass/test-518/17/endpoint_only,test-518,9,policy_decision,2.6009947760030627e-06,True,0
B/historical_pass/test-518/17/endpoint_only,test-518,11,OFFLINE_RESTORE,0.05292578399530612,False,346
B/historical_pass/test-518/17/endpoint_only,test-518,11,decode,3.224559053996927,True,126
B/historical_pass/test-518/17/endpoint_only,test-518,12,verify_call,0.31345300999237224,True,404
B/historical_pass/test-518/29/now,test-518,9,verify_call,0.25008646900823805,True,281
B/historical_pass/test-518/29/now,test-518,12,policy_decision,7.676004315726459e-06,True,0
B/historical_pass/test-518/29/now,test-518,14,OFFLINE_RESTORE,0.053594569995766506,False,346
B/historical_pass/test-518/29/now,test-518,14,decode,4.881871265999507,True,190
B/historical_pass/test-518/29/now,test-518,15,verify_call,0.32879597300780006,True,468
B/historical_pass/test-518/29/delay1,test-518,9,policy_decision,5.847003194503486e-06,True,0
B/historical_pass/test-518/29/delay1,test-518,11,OFFLINE_RESTORE,0.05335875099990517,False,346
B/historical_pass/test-518/29/delay1,test-518,11,decode,2.973062058998039,True,117
B/historical_pass/test-518/29/delay1,test-518,12,verify_call,0.31306562200188637,True,395
B/historical_pass/test-518/29/delay1,test-518,15,policy_decision,8.525996236130595e-06,True,0
B/historical_pass/test-518/29/delay1,test-518,17,OFFLINE_RESTORE,0.06917397800134495,False,463
B/historical_pass/test-518/29/delay1,test-518,17,decode,1.8494970129977446,True,73
B/historical_pass/test-518/29/delay1,test-518,18,verify_call,0.3293274250027025,True,468
B/historical_pass/test-518/29/delay2,test-518,9,policy_decision,5.49999822396785e-06,True,0
B/historical_pass/test-518/29/delay2,test-518,11,OFFLINE_RESTORE,0.05325186399568338,False,346
B/historical_pass/test-518/29/delay2,test-518,11,decode,4.73480045600445,True,190
B/historical_pass/test-518/29/delay2,test-518,12,verify_call,0.3322462189971702,True,468
B/historical_pass/test-518/29/endpoint_only,test-518,9,policy_decision,2.4610053515061736e-06,True,0
B/historical_pass/test-518/29/endpoint_only,test-518,11,OFFLINE_RESTORE,0.05393435699807014,False,346
B/historical_pass/test-518/29/endpoint_only,test-518,11,decode,4.780508776995703,True,190
B/historical_pass/test-518/29/endpoint_only,test-518,12,verify_call,0.3299450960039394,True,468
B/historical_pass/test-518/43/now,test-518,9,verify_call,0.2471656800044002,True,281
B/historical_pass/test-518/43/now,test-518,12,policy_decision,5.837995558977127e-06,True,0
B/historical_pass/test-518/43/now,test-518,14,OFFLINE_RESTORE,0.052646183990873396,False,346
B/historical_pass/test-518/43/now,test-518,14,decode,3.2187473999947542,True,126
B/historical_pass/test-518/43/now,test-518,15,verify_call,0.3132002909987932,True,404
B/historical_pass/test-518/43/delay1,test-518,9,policy_decision,1.0114003089256585e-05,True,0
B/historical_pass/test-518/43/delay1,test-518,11,OFFLINE_RESTORE,0.05455714199342765,False,346
B/historical_pass/test-518/43/delay1,test-518,11,decode,1.8101381400047103,True,71
B/historical_pass/test-518/43/delay1,test-518,12,verify_call,0.2677958209969802,True,349
B/historical_pass/test-518/43/delay1,test-518,15,policy_decision,1.0592993930913508e-05,True,0
B/historical_pass/test-518/43/delay1,test-518,17,OFFLINE_RESTORE,0.06526441499590874,False,417
B/historical_pass/test-518/43/delay1,test-518,17,decode,1.3988174960104516,True,55
B/historical_pass/test-518/43/delay1,test-518,18,verify_call,0.3125715880014468,True,404
B/historical_pass/test-518/43/delay2,test-518,9,policy_decision,6.7689979914575815e-06,True,0
B/historical_pass/test-518/43/delay2,test-518,11,OFFLINE_RESTORE,0.05320160499832127,False,346
B/historical_pass/test-518/43/delay2,test-518,11,decode,3.2148035220016027,True,126
B/historical_pass/test-518/43/delay2,test-518,12,verify_call,0.3135341650049668,True,404
B/historical_pass/test-518/43/endpoint_only,test-518,9,policy_decision,3.659006324596703e-06,True,0
B/historical_pass/test-518/43/endpoint_only,test-518,11,OFFLINE_RESTORE,0.05451509200793225,False,346
B/historical_pass/test-518/43/endpoint_only,test-518,11,decode,3.2156401940010255,True,126
B/historical_pass/test-518/43/endpoint_only,test-518,12,verify_call,0.31142481000279076,True,404
B/historical_pass/test-916/17/now,test-916,14,verify_call,0.20567142798972782,True,222
B/historical_pass/test-916/17/now,test-916,17,policy_decision,8.066999725997448e-06,True,0
B/historical_pass/test-916/17/now,test-916,18,FAIL_RESTORE,0.0528881329955766,True,338
B/historical_pass/test-916/17/now,test-916,18,decode,2.080883528004051,True,77
B/historical_pass/test-916/17/now,test-916,19,verify_call,0.20557068499329034,True,221
B/historical_pass/test-916/17/now,test-916,22,policy_decision,1.1331008863635361e-05,True,0
B/historical_pass/test-916/17/now,test-916,24,OFFLINE_RESTORE,0.0661284509988036,False,415
B/historical_pass/test-916/17/now,test-916,24,decode,2.523808547994122,True,97
B/historical_pass/test-916/17/now,test-916,25,verify_call,0.27118028899712954,True,364
B/historical_pass/test-916/17/now,test-916,27,policy_decision,1.1000010999850929e-05,True,0
B/historical_pass/test-916/17/now,test-916,29,OFFLINE_RESTORE,0.06956366798840463,False,512
B/historical_pass/test-916/17/now,test-916,29,decode,2.9405839040118735,True,113
B/historical_pass/test-916/17/now,test-916,30,verify_call,0.3277847490098793,True,461
B/historical_pass/test-916/17/delay1,test-916,14,policy_decision,5.239009624347091e-06,True,0
B/historical_pass/test-916/17/delay1,test-916,16,OFFLINE_RESTORE,0.05382091199862771,False,346
B/historical_pass/test-916/17/delay1,test-916,16,decode,1.7379968000022927,True,69
B/historical_pass/test-916/17/delay1,test-916,17,verify_call,0.24641631099802908,True,288
B/historical_pass/test-916/17/delay1,test-916,20,policy_decision,1.1501993867568672e-05,True,0
B/historical_pass/test-916/17/delay1,test-916,21,FAIL_RESTORE,0.05393544699472841,True,338
B/historical_pass/test-916/17/delay1,test-916,21,decode,2.469387482997263,True,96
B/historical_pass/test-916/17/delay1,test-916,22,verify_call,0.2070776539912913,True,240
B/historical_pass/test-916/17/delay1,test-916,25,policy_decision,7.504000677727163e-06,True,0
B/historical_pass/test-916/17/delay1,test-916,27,OFFLINE_RESTORE,0.06652095999743324,False,434
B/historical_pass/test-916/17/delay1,test-916,27,decode,2.5298165530111874,True,99
B/historical_pass/test-916/17/delay1,test-916,28,verify_call,0.3137594340078067,True,385
B/historical_pass/test-916/17/delay1,test-916,30,policy_decision,1.4612989616580307e-05,True,0
B/historical_pass/test-916/17/delay1,test-916,32,OFFLINE_RESTORE,0.08525231099338271,False,533
B/historical_pass/test-916/17/delay1,test-916,32,decode,2.4848618390096817,True,99
B/historical_pass/test-916/17/delay1,test-916,33,verify_call,0.3300968980038306,True,470
B/historical_pass/test-916/17/delay2,test-916,14,policy_decision,6.046990165486932e-06,True,0
B/historical_pass/test-916/17/delay2,test-916,16,OFFLINE_RESTORE,0.052934895997168496,False,346
B/historical_pass/test-916/17/delay2,test-916,16,decode,2.4587820090091554,True,97
B/historical_pass/test-916/17/delay2,test-916,17,verify_call,0.2496510259952629,True,313
B/historical_pass/test-916/17/delay2,test-916,20,policy_decision,1.7745987861417234e-05,True,0
B/historical_pass/test-916/17/delay2,test-916,21,FAIL_RESTORE,0.05326018700725399,True,338
B/historical_pass/test-916/17/delay2,test-916,21,decode,4.3108285990019795,True,164
B/historical_pass/test-916/17/delay2,test-916,22,verify_call,0.2505022690020269,True,308
B/historical_pass/test-916/17/delay2,test-916,25,policy_decision,8.763992809690535e-06,True,0
B/historical_pass/test-916/17/delay2,test-916,26,FAIL_RESTORE,0.05529795300390106,True,338
B/historical_pass/test-916/17/delay2,test-916,26,decode,3.843603853005334,True,150
B/historical_pass/test-916/17/delay2,test-916,27,verify_call,0.250219132998609,True,294
B/historical_pass/test-916/17/delay2,test-916,30,policy_decision,8.913004421629012e-06,True,0
B/historical_pass/test-916/17/delay2,test-916,32,OFFLINE_RESTORE,0.06777652700839099,False,488
B/historical_pass/test-916/17/delay2,test-916,32,decode,1.5403160489950096,True,60
B/historical_pass/test-916/17/delay2,test-916,33,verify_call,0.3238505159970373,True,411
B/historical_pass/test-916/17/endpoint_only,test-916,14,policy_decision,3.0410010367631912e-06,True,0
B/historical_pass/test-916/17/endpoint_only,test-916,16,OFFLINE_RESTORE,0.05384762800531462,False,346
B/historical_pass/test-916/17/endpoint_only,test-916,16,decode,3.755173099998501,True,148
B/historical_pass/test-916/17/endpoint_only,test-916,17,verify_call,0.2675070660043275,True,361
B/historical_pass/test-916/17/endpoint_only,test-916,20,policy_decision,4.723988240584731e-06,True,0
B/historical_pass/test-916/17/endpoint_only,test-916,21,FAIL_RESTORE,0.05426969099789858,True,338
B/historical_pass/test-916/17/endpoint_only,test-916,21,decode,7.004930655006319,True,268
B/historical_pass/test-916/17/endpoint_only,test-916,22,verify_call,0.3253719490021467,True,415
B/historical_pass/test-916/17/endpoint_only,test-916,25,policy_decision,2.9610091587528586e-06,True,0
B/historical_pass/test-916/17/endpoint_only,test-916,26,FAIL_RESTORE,0.05286148199229501,True,338
B/historical_pass/test-916/17/endpoint_only,test-916,26,decode,7.2496068039909005,True,276
B/historical_pass/test-916/17/endpoint_only,test-916,27,verify_call,0.3275046549970284,True,406
B/historical_pass/test-916/29/now,test-916,14,verify_call,0.20484936200955417,True,222
B/historical_pass/test-916/29/now,test-916,17,policy_decision,9.540002793073654e-06,True,0
B/historical_pass/test-916/29/now,test-916,18,FAIL_RESTORE,0.05433704701135866,True,338
B/historical_pass/test-916/29/now,test-916,18,decode,3.936475722002797,True,154
B/historical_pass/test-916/29/now,test-916,19,verify_call,0.24898077901161741,True,298
B/historical_pass/test-916/29/now,test-916,22,policy_decision,9.941999451257288e-06,True,0
B/historical_pass/test-916/29/now,test-916,24,OFFLINE_RESTORE,0.06991233499138616,False,492
B/historical_pass/test-916/29/now,test-916,24,decode,2.0027657540049404,True,79
B/historical_pass/test-916/29/now,test-916,25,verify_call,0.3276062719960464,True,428
B/historical_pass/test-916/29/delay1,test-916,14,policy_decision,9.698007488623261e-06,True,0
B/historical_pass/test-916/29/delay1,test-916,16,OFFLINE_RESTORE,0.055137372997705825,False,346
B/historical_pass/test-916/29/delay1,test-916,16,decode,1.8375585429894272,True,72
B/historical_pass/test-916/29/delay1,test-916,17,verify_call,0.24749729101313278,True,291
B/historical_pass/test-916/29/delay1,test-916,20,policy_decision,1.0801988537423313e-05,True,0
B/historical_pass/test-916/29/delay1,test-916,21,FAIL_RESTORE,0.053481234004721045,True,338
B/historical_pass/test-916/29/delay1,test-916,21,decode,2.93388953700196,True,118
B/historical_pass/test-916/29/delay1,test-916,22,verify_call,0.24619209099910222,True,262
B/historical_pass/test-916/29/delay1,test-916,25,policy_decision,1.0438001481816173e-05,True,0
B/historical_pass/test-916/29/delay1,test-916,26,FAIL_RESTORE,0.05254055300611071,True,338
B/historical_pass/test-916/29/delay1,test-916,26,decode,5.598675486995489,True,214
B/historical_pass/test-916/29/delay1,test-916,27,verify_call,0.27112862399371807,True,357
B/historical_pass/test-916/29/delay1,test-916,30,policy_decision,9.951996617019176e-06,True,0
B/historical_pass/test-916/29/delay1,test-916,31,FAIL_RESTORE,0.05235608099610545,True,338
B/historical_pass/test-916/29/delay1,test-916,31,decode,3.014705142006278,True,114
B/historical_pass/test-916/29/delay1,test-916,32,verify_call,0.2460122600023169,True,258
B/historical_pass/test-916/29/delay2,test-916,14,policy_decision,7.331997039727867e-06,True,0
B/historical_pass/test-916/29/delay2,test-916,16,OFFLINE_RESTORE,0.05242844400345348,False,346
B/historical_pass/test-916/29/delay2,test-916,16,decode,3.2964496280037565,True,131
B/historical_pass/test-916/29/delay2,test-916,17,verify_call,0.2678516879968811,True,347
B/historical_pass/test-916/29/delay2,test-916,20,policy_decision,8.076007361523807e-06,True,0
B/historical_pass/test-916/29/delay2,test-916,21,FAIL_RESTORE,0.053805258008651435,True,338
B/historical_pass/test-916/29/delay2,test-916,21,decode,3.862975362004363,True,153
B/historical_pass/test-916/29/delay2,test-916,22,verify_call,0.25099662199500017,True,297
B/historical_pass/test-916/29/delay2,test-916,25,policy_decision,1.3593991752713919e-05,True,0
B/historical_pass/test-916/29/delay2,test-916,26,FAIL_RESTORE,0.05309106200002134,True,338
B/historical_pass/test-916/29/delay2,test-916,26,decode,3.9473599569901126,True,145
B/historical_pass/test-916/29/delay2,test-916,27,verify_call,0.2513571270101238,True,289
B/historical_pass/test-916/29/delay2,test-916,30,policy_decision,1.0763993486762047e-05,True,0
B/historical_pass/test-916/29/delay2,test-916,31,FAIL_RESTORE,0.053382440004497766,True,338
B/historical_pass/test-916/29/delay2,test-916,31,decode,6.018213400995592,True,230
B/historical_pass/test-916/29/delay2,test-916,32,verify_call,0.2695172730018385,True,370
B/historical_pass/test-916/29/endpoint_only,test-916,14,policy_decision,3.2990064937621355e-06,True,0
B/historical_pass/test-916/29/endpoint_only,test-916,16,OFFLINE_RESTORE,0.05376834901107941,False,346
B/historical_pass/test-916/29/endpoint_only,test-916,16,decode,6.662914501008345,True,254
B/historical_pass/test-916/29/endpoint_only,test-916,17,verify_call,0.3319885509990854,True,464
B/historical_pass/test-916/29/endpoint_only,test-916,20,policy_decision,3.364999429322779e-06,True,0
B/historical_pass/test-916/29/endpoint_only,test-916,21,FAIL_RESTORE,0.053250395008944906,True,338
B/historical_pass/test-916/29/endpoint_only,test-916,21,decode,6.927959160006139,True,267
B/historical_pass/test-916/29/endpoint_only,test-916,22,verify_call,0.31532856900594197,True,405
B/historical_pass/test-916/29/endpoint_only,test-916,25,policy_decision,2.2980093490332365e-06,True,0
B/historical_pass/test-916/29/endpoint_only,test-916,26,FAIL_RESTORE,0.05315509899810422,True,338
B/historical_pass/test-916/29/endpoint_only,test-916,26,decode,6.731025104003493,True,255
B/historical_pass/test-916/29/endpoint_only,test-916,27,verify_call,0.3142254389968002,True,389
B/historical_pass/test-916/29/endpoint_only,test-916,30,policy_decision,3.364999429322779e-06,True,0
B/historical_pass/test-916/29/endpoint_only,test-916,31,FAIL_RESTORE,0.05450025999743957,True,338
B/historical_pass/test-916/29/endpoint_only,test-916,31,decode,5.631804641991039,True,220
B/historical_pass/test-916/29/endpoint_only,test-916,32,verify_call,0.26871525900787674,True,346
B/historical_pass/test-916/43/now,test-916,14,verify_call,0.2064403849944938,True,222
B/historical_pass/test-916/43/now,test-916,17,policy_decision,6.364993168972433e-06,True,0
B/historical_pass/test-916/43/now,test-916,18,FAIL_RESTORE,0.052991653996286914,True,338
B/historical_pass/test-916/43/now,test-916,18,decode,2.716563825000776,True,107
B/historical_pass/test-916/43/now,test-916,19,verify_call,0.20716278700274415,True,251
B/historical_pass/test-916/43/now,test-916,22,policy_decision,1.1595999239943922e-05,True,0
B/historical_pass/test-916/43/now,test-916,23,FAIL_RESTORE,0.05470063099346589,True,338
B/historical_pass/test-916/43/now,test-916,23,decode,3.954620253003668,True,153
B/historical_pass/test-916/43/now,test-916,24,verify_call,0.2499477469973499,True,297
B/historical_pass/test-916/43/now,test-916,27,policy_decision,8.256989531219006e-06,True,0
B/historical_pass/test-916/43/now,test-916,29,OFFLINE_RESTORE,0.06874882899865042,False,491
B/historical_pass/test-916/43/now,test-916,29,decode,1.318384068988962,True,52
B/historical_pass/test-916/43/now,test-916,30,verify_call,0.3254865720082307,True,406
B/historical_pass/test-916/43/delay1,test-916,14,policy_decision,8.9899986051023e-06,True,0
B/historical_pass/test-916/43/delay1,test-916,16,OFFLINE_RESTORE,0.05340088299999479,False,346
B/historical_pass/test-916/43/delay1,test-916,16,decode,1.5376522519945865,True,59
B/historical_pass/test-916/43/delay1,test-916,17,verify_call,0.24940854200394824,True,278
B/historical_pass/test-916/43/delay1,test-916,20,policy_decision,9.271010640077293e-06,True,0
B/historical_pass/test-916/43/delay1,test-916,21,FAIL_RESTORE,0.059339294995879754,True,338
B/historical_pass/test-916/43/delay1,test-916,21,decode,2.338093245998607,True,93
B/historical_pass/test-916/43/delay1,test-916,22,verify_call,0.20871271200303454,True,237
B/historical_pass/test-916/43/delay1,test-916,25,policy_decision,9.832001524046063e-06,True,0
B/historical_pass/test-916/43/delay1,test-916,26,FAIL_RESTORE,0.053015241006505676,True,338
B/historical_pass/test-916/43/delay1,test-916,26,decode,3.6619402779906522,True,143
B/historical_pass/test-916/43/delay1,test-916,27,verify_call,0.24867570299829822,True,287
B/historical_pass/test-916/43/delay1,test-916,30,policy_decision,1.117499778047204e-05,True,0
B/historical_pass/test-916/43/delay1,test-916,32,OFFLINE_RESTORE,0.06989017700834665,False,481
B/historical_pass/test-916/43/delay1,test-916,32,decode,4.175346356001683,True,161
B/historical_pass/test-916/43/delay1,test-916,33,verify_call,0.32988581199606415,True,494
B/historical_pass/test-916/43/delay2,test-916,14,policy_decision,6.942995241843164e-06,True,0
B/historical_pass/test-916/43/delay2,test-916,16,OFFLINE_RESTORE,0.055124165999586694,False,346
B/historical_pass/test-916/43/delay2,test-916,16,decode,2.9270115370018175,True,114
B/historical_pass/test-916/43/delay2,test-916,17,verify_call,0.2713231560046552,True,330
B/historical_pass/test-916/43/delay2,test-916,20,policy_decision,1.505500404164195e-05,True,0
B/historical_pass/test-916/43/delay2,test-916,21,FAIL_RESTORE,0.05439576400385704,True,338
B/historical_pass/test-916/43/delay2,test-916,21,decode,3.9319844290002948,True,145
B/historical_pass/test-916/43/delay2,test-916,22,verify_call,0.2489295239938656,True,289
B/historical_pass/test-916/43/delay2,test-916,25,policy_decision,1.2109987437725067e-05,True,0
B/historical_pass/test-916/43/delay2,test-916,26,FAIL_RESTORE,0.05397434100450482,True,338
B/historical_pass/test-916/43/delay2,test-916,26,decode,3.0914987919968553,True,122
B/historical_pass/test-916/43/delay2,test-916,27,verify_call,0.24786335798853543,True,267
B/historical_pass/test-916/43/delay2,test-916,30,policy_decision,1.2608012184500694e-05,True,0
B/historical_pass/test-916/43/delay2,test-916,31,FAIL_RESTORE,0.05335930200817529,True,338
B/historical_pass/test-916/43/delay2,test-916,31,decode,2.5737612359953346,True,99
B/historical_pass/test-916/43/delay2,test-916,32,verify_call,0.20796359299856704,True,243
B/historical_pass/test-916/43/endpoint_only,test-916,14,policy_decision,3.7410063669085503e-06,True,0
B/historical_pass/test-916/43/endpoint_only,test-916,16,OFFLINE_RESTORE,0.05265046800195705,False,346
B/historical_pass/test-916/43/endpoint_only,test-916,16,decode,3.537932772000204,True,138
B/historical_pass/test-916/43/endpoint_only,test-916,17,verify_call,0.26966765499673784,True,354
B/historical_pass/test-916/43/endpoint_only,test-916,20,policy_decision,3.4070108085870743e-06,True,0
B/historical_pass/test-916/43/endpoint_only,test-916,21,FAIL_RESTORE,0.05526175499835517,True,338
B/historical_pass/test-916/43/endpoint_only,test-916,21,decode,7.239267668002867,True,270
B/historical_pass/test-916/43/endpoint_only,test-916,22,verify_call,0.32501472599687986,True,408
B/historical_pass/test-979/17/now,test-979,14,verify_call,0.1900884189963108,True,180
B/historical_pass/test-979/17/now,test-979,17,policy_decision,8.19200067780912e-06,True,0
B/historical_pass/test-979/17/now,test-979,18,FAIL_RESTORE,0.04999011599284131,True,319
B/historical_pass/test-979/17/now,test-979,18,decode,3.291808313006186,True,129
B/historical_pass/test-979/17/now,test-979,19,verify_call,0.20760823000455275,True,253
B/historical_pass/test-979/17/now,test-979,22,policy_decision,8.59099964145571e-06,True,0
B/historical_pass/test-979/17/now,test-979,23,FAIL_RESTORE,0.05015311000170186,True,319
B/historical_pass/test-979/17/now,test-979,23,decode,4.230558775991085,True,172
B/historical_pass/test-979/17/now,test-979,24,verify_call,0.24958648798929062,True,302
B/historical_pass/test-979/17/now,test-979,27,policy_decision,1.5402998542413116e-05,True,0
B/historical_pass/test-979/17/now,test-979,28,FAIL_RESTORE,0.051883744992665015,True,319
B/historical_pass/test-979/17/now,test-979,28,decode,4.483762296003988,True,168
B/historical_pass/test-979/17/now,test-979,29,verify_call,0.24959177599521354,True,288
B/historical_pass/test-979/17/delay1,test-979,14,policy_decision,8.538001566193998e-06,True,0
B/historical_pass/test-979/17/delay1,test-979,16,OFFLINE_RESTORE,0.05114497599424794,False,305
B/historical_pass/test-979/17/delay1,test-979,16,decode,1.0011441399983596,True,40
B/historical_pass/test-979/17/delay1,test-979,17,verify_call,0.2101902010035701,True,217
B/historical_pass/test-979/17/delay1,test-979,20,policy_decision,7.135007763281465e-06,True,0
B/historical_pass/test-979/17/delay1,test-979,21,FAIL_RESTORE,0.04995852700085379,True,319
B/historical_pass/test-979/17/delay1,test-979,21,decode,4.320848746006959,True,165
B/historical_pass/test-979/17/delay1,test-979,22,verify_call,0.247742968989769,True,289
B/historical_pass/test-979/17/delay1,test-979,25,policy_decision,6.987000233493745e-06,True,0
B/historical_pass/test-979/17/delay1,test-979,27,OFFLINE_RESTORE,0.06983047099492978,False,484
B/historical_pass/test-979/17/delay1,test-979,27,decode,2.782880986997043,True,114
B/historical_pass/test-979/17/delay1,test-979,28,verify_call,0.32796149401110597,True,449
B/historical_pass/test-979/17/delay1,test-979,30,policy_decision,9.526993380859494e-06,True,0
B/historical_pass/test-979/17/delay1,test-979,32,OFFLINE_RESTORE,0.08748730400111526,False,598
B/historical_pass/test-979/17/delay1,test-979,32,decode,2.0264490529953036,True,79
B/historical_pass/test-979/17/delay1,test-979,33,verify_call,0.33235555900319014,True,510
B/historical_pass/test-979/17/delay2,test-979,14,policy_decision,6.4019986893981695e-06,True,0
B/historical_pass/test-979/17/delay2,test-979,16,OFFLINE_RESTORE,0.049329524001223035,False,305
B/historical_pass/test-979/17/delay2,test-979,16,decode,3.2993122180050705,True,129
B/historical_pass/test-979/17/delay2,test-979,17,verify_call,0.2509867490007309,True,306
B/historical_pass/test-979/17/delay2,test-979,20,policy_decision,8.912000339478254e-06,True,0
B/historical_pass/test-979/17/delay2,test-979,21,FAIL_RESTORE,0.04970802800380625,True,319
B/historical_pass/test-979/17/delay2,test-979,21,decode,3.676564719993621,True,141
B/historical_pass/test-979/17/delay2,test-979,22,verify_call,0.24746839099680074,True,265
B/historical_pass/test-979/17/delay2,test-979,25,policy_decision,9.626004612073302e-06,True,0
B/historical_pass/test-979/17/delay2,test-979,26,FAIL_RESTORE,0.050435024008038454,True,319
B/historical_pass/test-979/17/delay2,test-979,26,decode,4.0887247740029125,True,167
B/historical_pass/test-979/17/delay2,test-979,27,verify_call,0.2501715070102364,True,295
B/historical_pass/test-979/17/delay2,test-979,30,policy_decision,1.1551004718057811e-05,True,0
B/historical_pass/test-979/17/delay2,test-979,31,FAIL_RESTORE,0.05006226799741853,True,319
B/historical_pass/test-979/17/delay2,test-979,31,decode,4.810017551993951,True,178
B/historical_pass/test-979/17/delay2,test-979,32,verify_call,0.24978722000378184,True,298
B/historical_pass/test-979/17/endpoint_only,test-979,14,policy_decision,3.7969875847920775e-06,True,0
B/historical_pass/test-979/17/endpoint_only,test-979,16,OFFLINE_RESTORE,0.05047405500954483,False,305
B/historical_pass/test-979/17/endpoint_only,test-979,16,decode,3.331097464004415,True,129
B/historical_pass/test-979/17/endpoint_only,test-979,17,verify_call,0.25131931199575774,True,306
B/historical_pass/test-979/17/endpoint_only,test-979,20,policy_decision,3.141991328448057e-06,True,0
B/historical_pass/test-979/17/endpoint_only,test-979,21,FAIL_RESTORE,0.05080368999915663,True,319
B/historical_pass/test-979/17/endpoint_only,test-979,21,decode,10.346893318986986,True,396
B/historical_pass/test-979/17/endpoint_only,test-979,22,verify_call,0.33218359301099554,True,490
B/historical_pass/test-979/17/endpoint_only,test-979,25,policy_decision,3.2030075090005994e-06,True,0
B/historical_pass/test-979/17/endpoint_only,test-979,26,FAIL_RESTORE,0.05053161700197961,True,319
B/historical_pass/test-979/17/endpoint_only,test-979,26,decode,8.734016112997779,True,355
B/historical_pass/test-979/17/endpoint_only,test-979,27,verify_call,0.33187820699822623,True,481
B/historical_pass/test-979/17/endpoint_only,test-979,30,policy_decision,4.718996933661401e-06,True,0
B/historical_pass/test-979/17/endpoint_only,test-979,31,FAIL_RESTORE,0.05132372699154075,True,319
B/historical_pass/test-979/17/endpoint_only,test-979,31,decode,3.4101540989940986,True,128
B/historical_pass/test-979/17/endpoint_only,test-979,32,verify_call,0.24585114400542807,True,258
B/historical_pass/test-979/29/now,test-979,14,verify_call,0.19007855199743062,True,180
B/historical_pass/test-979/29/now,test-979,17,policy_decision,6.633999873884022e-06,True,0
B/historical_pass/test-979/29/now,test-979,18,FAIL_RESTORE,0.05103602400049567,True,319
B/historical_pass/test-979/29/now,test-979,18,decode,5.595683309991728,True,215
B/historical_pass/test-979/29/now,test-979,19,verify_call,0.27019446800113656,True,339
B/historical_pass/test-979/29/now,test-979,22,policy_decision,7.683993317186832e-06,True,0
B/historical_pass/test-979/29/now,test-979,23,FAIL_RESTORE,0.05049677399802022,True,319
B/historical_pass/test-979/29/now,test-979,23,decode,2.745139096005005,True,112
B/historical_pass/test-979/29/now,test-979,24,verify_call,0.2084073919977527,True,246
B/historical_pass/test-979/29/now,test-979,27,policy_decision,1.6259000403806567e-05,True,0
B/historical_pass/test-979/29/now,test-979,28,FAIL_RESTORE,0.04978200499317609,True,319
B/historical_pass/test-979/29/now,test-979,28,decode,3.306311905995244,True,125
B/historical_pass/test-979/29/delay1,test-979,14,policy_decision,7.557013304904103e-06,True,0
B/historical_pass/test-979/29/delay1,test-979,16,OFFLINE_RESTORE,0.049507062998600304,False,305
B/historical_pass/test-979/29/delay1,test-979,16,decode,0.9143952169979457,True,39
B/historical_pass/test-979/29/delay1,test-979,17,verify_call,0.20760908900410868,True,216
B/historical_pass/test-979/29/delay1,test-979,20,policy_decision,7.794995326548815e-06,True,0
B/historical_pass/test-979/29/delay1,test-979,21,FAIL_RESTORE,0.049571145995287225,True,319
B/historical_pass/test-979/29/delay1,test-979,21,decode,4.155515284001012,True,160
B/historical_pass/test-979/29/delay1,test-979,22,verify_call,0.2478813759953482,True,285
B/historical_pass/test-979/29/delay1,test-979,25,policy_decision,1.0017000022344291e-05,True,0
B/historical_pass/test-979/29/delay1,test-979,26,FAIL_RESTORE,0.05027562999748625,True,319
B/historical_pass/test-979/29/delay1,test-979,26,decode,5.515323640007409,True,223
B/historical_pass/test-979/29/delay1,test-979,27,verify_call,0.2682127519947244,True,347
B/historical_pass/test-979/29/delay1,test-979,30,policy_decision,1.6950987628661096e-05,True,0
B/historical_pass/test-979/29/delay1,test-979,32,OFFLINE_RESTORE,0.08423006400698796,False,542
B/historical_pass/test-979/29/delay1,test-979,32,decode,5.944803715014132,True,228
B/historical_pass/test-979/29/delay1,test-979,33,verify_call,0.4014961209904868,True,621
B/historical_pass/test-979/29/delay2,test-979,14,policy_decision,6.991002010181546e-06,True,0
B/historical_pass/test-979/29/delay2,test-979,16,OFFLINE_RESTORE,0.05032265900808852,False,305
B/historical_pass/test-979/29/delay2,test-979,16,decode,1.7407701570045901,True,73
B/historical_pass/test-979/29/delay2,test-979,17,verify_call,0.2075587770086713,True,247
B/historical_pass/test-979/29/delay2,test-979,20,policy_decision,8.226998033933342e-06,True,0
B/historical_pass/test-979/29/delay2,test-979,21,FAIL_RESTORE,0.05300943799375091,True,319
B/historical_pass/test-979/29/delay2,test-979,21,decode,8.811438306001946,True,339
B/historical_pass/test-979/29/delay2,test-979,22,verify_call,0.3301490769954398,True,463
B/historical_pass/test-979/29/delay2,test-979,25,policy_decision,8.785005775280297e-06,True,0
B/historical_pass/test-979/29/delay2,test-979,26,FAIL_RESTORE,0.05100509700423572,True,319
B/historical_pass/test-979/29/delay2,test-979,26,decode,4.6070392160036135,True,176
B/historical_pass/test-979/29/delay2,test-979,27,verify_call,0.2490009850007482,True,300
B/historical_pass/test-979/29/delay2,test-979,30,policy_decision,8.381000952795148e-06,True,0
B/historical_pass/test-979/29/delay2,test-979,31,FAIL_RESTORE,0.04976915800943971,True,319
B/historical_pass/test-979/29/delay2,test-979,31,decode,3.0333594379917486,True,114
B/historical_pass/test-979/29/endpoint_only,test-979,14,policy_decision,3.858993295580149e-06,True,0
B/historical_pass/test-979/29/endpoint_only,test-979,16,OFFLINE_RESTORE,0.050275796005735174,False,305
B/historical_pass/test-979/29/endpoint_only,test-979,16,decode,2.127784618001897,True,90
B/historical_pass/test-979/29/endpoint_only,test-979,17,verify_call,0.24730437900871038,True,264
B/historical_pass/test-979/29/endpoint_only,test-979,20,policy_decision,3.6149867810308933e-06,True,0
B/historical_pass/test-979/29/endpoint_only,test-979,21,FAIL_RESTORE,0.05090724999899976,True,319
B/historical_pass/test-979/29/endpoint_only,test-979,21,decode,5.632657239999389,True,219
B/historical_pass/test-979/29/endpoint_only,test-979,22,verify_call,0.26822625199565664,True,338
B/historical_pass/test-979/29/endpoint_only,test-979,25,policy_decision,3.077002475038171e-06,True,0
B/historical_pass/test-979/29/endpoint_only,test-979,26,FAIL_RESTORE,0.050201941005070694,True,319
B/historical_pass/test-979/29/endpoint_only,test-979,26,decode,5.279070352000417,True,204
B/historical_pass/test-979/29/endpoint_only,test-979,27,verify_call,0.2663039549952373,True,331
B/historical_pass/test-979/29/endpoint_only,test-979,30,policy_decision,4.353001713752747e-06,True,0
B/historical_pass/test-979/29/endpoint_only,test-979,31,FAIL_RESTORE,0.050720318002277054,True,319
B/historical_pass/test-979/29/endpoint_only,test-979,31,decode,8.370351435994962,True,322
B/historical_pass/test-979/29/endpoint_only,test-979,32,verify_call,0.32700158399529755,True,437
B/historical_pass/test-979/43/now,test-979,14,verify_call,0.1891070549900178,True,180
B/historical_pass/test-979/43/now,test-979,17,policy_decision,7.782000466249883e-06,True,0
B/historical_pass/test-979/43/now,test-979,18,FAIL_RESTORE,0.049922554011573084,True,319
B/historical_pass/test-979/43/now,test-979,18,decode,6.746870522998506,True,264
B/historical_pass/test-979/43/now,test-979,19,verify_call,0.31410133600002155,True,388
B/historical_pass/test-979/43/now,test-979,22,policy_decision,1.0062998626381159e-05,True,0
B/historical_pass/test-979/43/now,test-979,23,FAIL_RESTORE,0.050760673999320716,True,319
B/historical_pass/test-979/43/now,test-979,23,decode,4.681331553001655,True,176
B/historical_pass/test-979/43/now,test-979,24,verify_call,0.24973804599721916,True,296
B/historical_pass/test-979/43/now,test-979,27,policy_decision,9.890994988381863e-06,True,0
B/historical_pass/test-979/43/now,test-979,29,OFFLINE_RESTORE,0.0708247059956193,False,495
B/historical_pass/test-979/43/now,test-979,29,decode,1.8889695380057674,True,74
B/historical_pass/test-979/43/now,test-979,30,verify_call,0.3275885719922371,True,426
B/historical_pass/test-979/43/delay1,test-979,14,policy_decision,6.0820020735263824e-06,True,0
B/historical_pass/test-979/43/delay1,test-979,16,OFFLINE_RESTORE,0.05061964099877514,False,305
B/historical_pass/test-979/43/delay1,test-979,16,decode,1.0128220689948648,True,42
B/historical_pass/test-979/43/delay1,test-979,17,verify_call,0.2065594480081927,True,219
B/historical_pass/test-979/43/delay1,test-979,20,policy_decision,1.147598959505558e-05,True,0
B/historical_pass/test-979/43/delay1,test-979,21,FAIL_RESTORE,0.05016661300032865,True,319
B/historical_pass/test-979/43/delay1,test-979,21,decode,4.248918113007676,True,166
B/historical_pass/test-979/43/delay1,test-979,22,verify_call,0.24961848100065254,True,294
B/historical_pass/test-979/43/delay1,test-979,25,policy_decision,4.7927998821251094e-05,True,0
B/historical_pass/test-979/43/delay1,test-979,26,FAIL_RESTORE,0.05131803899712395,True,319
B/historical_pass/test-979/43/delay1,test-979,26,decode,4.1581862950115465,True,157
B/historical_pass/test-979/43/delay1,test-979,27,verify_call,0.24721131499973126,True,280
B/historical_pass/test-979/43/delay1,test-979,30,policy_decision,9.764000424183905e-06,True,0
B/historical_pass/test-979/43/delay1,test-979,31,FAIL_RESTORE,0.04982683299749624,True,319
B/historical_pass/test-979/43/delay1,test-979,31,decode,4.567864027994801,True,178
B/historical_pass/test-979/43/delay1,test-979,32,verify_call,0.2506200960051501,True,303
B/historical_pass/test-979/43/delay2,test-979,14,policy_decision,5.945999873802066e-06,True,0
B/historical_pass/test-979/43/delay2,test-979,16,OFFLINE_RESTORE,0.04900781199103221,False,305
B/historical_pass/test-979/43/delay2,test-979,16,decode,1.824072197006899,True,75
B/historical_pass/test-979/43/delay2,test-979,17,verify_call,0.20779320599103812,True,249
B/historical_pass/test-979/43/delay2,test-979,20,policy_decision,1.3804004993289709e-05,True,0
B/historical_pass/test-979/43/delay2,test-979,21,FAIL_RESTORE,0.051388096006121486,True,319
B/historical_pass/test-979/43/delay2,test-979,21,decode,8.700415786996018,True,336
B/historical_pass/test-979/43/delay2,test-979,22,verify_call,0.3276047160034068,True,460
B/historical_pass/test-979/43/delay2,test-979,25,policy_decision,1.130500459112227e-05,True,0
B/historical_pass/test-979/43/delay2,test-979,26,FAIL_RESTORE,0.05150225399120245,True,319
B/historical_pass/test-979/43/delay2,test-979,26,decode,7.815737416007323,True,294
B/historical_pass/test-979/43/delay2,test-979,27,verify_call,0.3237751049891813,True,418
B/historical_pass/test-979/43/delay2,test-979,30,policy_decision,1.2999997125007212e-05,True,0
B/historical_pass/test-979/43/delay2,test-979,31,FAIL_RESTORE,0.04974476600182243,True,319
B/historical_pass/test-979/43/delay2,test-979,31,decode,5.046211137989303,True,199
B/historical_pass/test-979/43/delay2,test-979,32,verify_call,0.26999245199840516,True,326
B/historical_pass/test-979/43/endpoint_only,test-979,14,policy_decision,3.2840034691616893e-06,True,0
B/historical_pass/test-979/43/endpoint_only,test-979,16,OFFLINE_RESTORE,0.050035420994390734,False,305
B/historical_pass/test-979/43/endpoint_only,test-979,16,decode,2.0524763010034803,True,85
B/historical_pass/test-80/17/now,test-80,9,verify_call,0.19063332199584693,True,191
B/historical_pass/test-80/17/now,test-80,12,policy_decision,5.352005246095359e-06,True,0
B/historical_pass/test-80/17/now,test-80,14,OFFLINE_RESTORE,0.04959101098938845,False,266
B/historical_pass/test-80/17/now,test-80,14,decode,1.4439268999994965,True,57
B/historical_pass/test-80/17/now,test-80,15,verify_call,0.20930682199832518,True,248
B/historical_pass/test-80/17/delay1,test-80,9,policy_decision,6.6450011217966676e-06,True,0
B/historical_pass/test-80/17/delay1,test-80,11,OFFLINE_RESTORE,0.049134874003357254,False,266
B/historical_pass/test-80/17/delay1,test-80,11,decode,1.3657600350124994,True,57
B/historical_pass/test-80/17/delay1,test-80,12,verify_call,0.20661752100568265,True,248
B/historical_pass/test-80/17/delay2,test-80,9,policy_decision,9.980998584069312e-06,True,0
B/historical_pass/test-80/17/delay2,test-80,11,OFFLINE_RESTORE,0.0496779509994667,False,266
B/historical_pass/test-80/17/delay2,test-80,11,decode,1.3772903889912413,True,57
B/historical_pass/test-80/17/delay2,test-80,12,verify_call,0.20733485200616997,True,248
B/historical_pass/test-80/17/endpoint_only,test-80,9,policy_decision,2.5439949240535498e-06,True,0
B/historical_pass/test-80/17/endpoint_only,test-80,11,OFFLINE_RESTORE,0.0505221170024015,False,266
B/historical_pass/test-80/17/endpoint_only,test-80,11,decode,1.34895759599749,True,57
B/historical_pass/test-80/17/endpoint_only,test-80,12,verify_call,0.20794916000158992,True,248
B/historical_pass/test-80/29/now,test-80,9,verify_call,0.1909370039938949,True,191
B/historical_pass/test-80/29/now,test-80,12,policy_decision,9.25900531001389e-06,True,0
B/historical_pass/test-80/29/now,test-80,14,OFFLINE_RESTORE,0.0490830070048105,False,266
B/historical_pass/test-80/29/now,test-80,14,decode,1.6049520930100698,True,61
B/historical_pass/test-80/29/now,test-80,15,verify_call,0.207702383006108,True,252
B/historical_pass/test-80/29/delay1,test-80,9,policy_decision,7.5029965955764055e-06,True,0
B/historical_pass/test-80/29/delay1,test-80,11,OFFLINE_RESTORE,0.04891598899848759,False,266
B/historical_pass/test-80/29/delay1,test-80,11,decode,1.479698944996926,True,61
B/historical_pass/test-80/29/delay1,test-80,12,verify_call,0.20931205699162092,True,252
B/historical_pass/test-80/29/delay2,test-80,9,policy_decision,8.32199293654412e-06,True,0
B/historical_pass/test-80/29/delay2,test-80,11,OFFLINE_RESTORE,0.04895259399199858,False,266
B/historical_pass/test-80/29/delay2,test-80,11,decode,1.470656515986775,True,61
B/historical_pass/test-80/29/delay2,test-80,12,verify_call,0.20927746999950614,True,252
B/historical_pass/test-80/29/endpoint_only,test-80,9,policy_decision,5.738998879678547e-06,True,0
B/historical_pass/test-80/29/endpoint_only,test-80,11,OFFLINE_RESTORE,0.0490231089934241,False,266
B/historical_pass/test-80/29/endpoint_only,test-80,11,decode,1.4751453809876693,True,61
B/historical_pass/test-80/29/endpoint_only,test-80,12,verify_call,0.2082701829931466,True,252
B/historical_pass/test-80/43/now,test-80,9,verify_call,0.19054080299974885,True,191
B/historical_pass/test-80/43/now,test-80,12,policy_decision,1.0889998520724475e-05,True,0
B/historical_pass/test-80/43/now,test-80,14,OFFLINE_RESTORE,0.05014457799552474,False,266
B/historical_pass/test-80/43/now,test-80,14,decode,1.4701749900123104,True,57
B/historical_pass/test-80/43/now,test-80,15,verify_call,0.20717689300363418,True,248
B/historical_pass/test-80/43/delay1,test-80,9,policy_decision,1.08070089481771e-05,True,0
B/historical_pass/test-80/43/delay1,test-80,11,OFFLINE_RESTORE,0.05119081000157166,False,266
B/historical_pass/test-80/43/delay1,test-80,11,decode,1.3764052589976927,True,57
B/historical_pass/test-80/43/delay1,test-80,12,verify_call,0.20708914699207526,True,248
B/historical_pass/test-80/43/delay2,test-80,9,policy_decision,6.399000994861126e-06,True,0
B/historical_pass/test-80/43/delay2,test-80,11,OFFLINE_RESTORE,0.04988866299390793,False,266
B/historical_pass/test-80/43/delay2,test-80,11,decode,1.382494632009184,True,57
B/historical_pass/test-80/43/delay2,test-80,12,verify_call,0.20743898600630928,True,248
B/historical_pass/test-80/43/endpoint_only,test-80,9,policy_decision,2.697997842915356e-06,True,0
B/historical_pass/test-80/43/endpoint_only,test-80,11,OFFLINE_RESTORE,0.048798999006976373,False,266
B/historical_pass/test-80/43/endpoint_only,test-80,11,decode,1.3895687909971457,True,57
B/historical_pass/test-80/43/endpoint_only,test-80,12,verify_call,0.20850149499892723,True,248
B/historical_pass/test-903/17/now,test-903,9,verify_call,0.27150064099987503,True,367
B/historical_pass/test-903/17/now,test-903,12,policy_decision,7.246009772643447e-06,True,0
B/historical_pass/test-903/17/now,test-903,14,OFFLINE_RESTORE,0.06509628098865505,False,432
B/historical_pass/test-903/17/now,test-903,14,decode,5.453699361998588,True,209
B/historical_pass/test-903/17/now,test-903,15,verify_call,0.3961414499935927,True,573
B/historical_pass/test-903/17/delay1,test-903,9,policy_decision,8.8600063463673e-06,True,0
B/historical_pass/test-903/17/delay1,test-903,11,OFFLINE_RESTORE,0.06741928000701591,False,432
B/historical_pass/test-903/17/delay1,test-903,11,decode,2.3346875730057945,True,96
B/historical_pass/test-903/17/delay1,test-903,12,verify_call,0.33077151399629656,True,460
B/historical_pass/test-903/17/delay1,test-903,15,policy_decision,2.078800753224641e-05,True,0
B/historical_pass/test-903/17/delay1,test-903,17,OFFLINE_RESTORE,0.08587221900233999,False,528
B/historical_pass/test-903/17/delay1,test-903,17,decode,2.901841136001167,True,113
B/historical_pass/test-903/17/delay1,test-903,18,verify_call,0.39700931900006253,True,573
B/historical_pass/test-903/17/delay2,test-903,9,policy_decision,7.041002390906215e-06,True,0
B/historical_pass/test-903/17/delay2,test-903,11,OFFLINE_RESTORE,0.0649698959896341,False,432
B/historical_pass/test-903/17/delay2,test-903,11,decode,5.152054302001488,True,209
B/historical_pass/test-903/17/delay2,test-903,12,verify_call,0.3972470419976162,True,573
B/historical_pass/test-903/17/endpoint_only,test-903,9,policy_decision,2.4800101527944207e-06,True,0
B/historical_pass/test-903/17/endpoint_only,test-903,11,OFFLINE_RESTORE,0.06572654900082853,False,432
B/historical_pass/test-903/17/endpoint_only,test-903,11,decode,5.3333721259987215,True,209
B/historical_pass/test-903/17/endpoint_only,test-903,12,verify_call,0.3960121230047662,True,573
B/historical_pass/test-903/29/now,test-903,9,verify_call,0.27258419001009315,True,367
B/historical_pass/test-903/29/now,test-903,12,policy_decision,6.4359919633716345e-06,True,0
B/historical_pass/test-903/29/now,test-903,14,OFFLINE_RESTORE,0.06577867800660897,False,432
B/historical_pass/test-903/29/now,test-903,14,decode,4.4375623329979135,True,172
B/historical_pass/test-903/29/now,test-903,15,verify_call,0.39113263301260304,True,536
B/historical_pass/test-903/29/delay1,test-903,9,policy_decision,5.929992767050862e-06,True,0
B/historical_pass/test-903/29/delay1,test-903,11,OFFLINE_RESTORE,0.06500478700036183,False,432
B/historical_pass/test-903/29/delay1,test-903,11,decode,2.414605059006135,True,96
B/historical_pass/test-903/29/delay1,test-903,12,verify_call,0.32869368900719564,True,460
B/historical_pass/test-903/29/delay1,test-903,15,policy_decision,1.4715988072566688e-05,True,0
B/historical_pass/test-903/29/delay1,test-903,17,OFFLINE_RESTORE,0.08481520500208717,False,528
B/historical_pass/test-903/29/delay1,test-903,17,decode,1.9671615970000857,True,76
B/historical_pass/test-903/29/delay1,test-903,18,verify_call,0.3929168570030015,True,536
B/historical_pass/test-903/29/delay2,test-903,9,policy_decision,6.139001925475895e-06,True,0
B/historical_pass/test-903/29/delay2,test-903,11,OFFLINE_RESTORE,0.06570333200215828,False,432
B/historical_pass/test-903/29/delay2,test-903,11,decode,4.3832764999970095,True,172
B/historical_pass/test-903/29/delay2,test-903,12,verify_call,0.3918196669983445,True,536
B/historical_pass/test-903/29/endpoint_only,test-903,9,policy_decision,2.888991730287671e-06,True,0
B/historical_pass/test-903/29/endpoint_only,test-903,11,OFFLINE_RESTORE,0.06512944000132848,False,432
B/historical_pass/test-903/29/endpoint_only,test-903,11,decode,4.366548517005867,True,172
B/historical_pass/test-903/29/endpoint_only,test-903,12,verify_call,0.38923532400804106,True,536
B/historical_pass/test-903/43/now,test-903,9,verify_call,0.2692837060021702,True,367
B/historical_pass/test-903/43/now,test-903,12,policy_decision,5.602007149718702e-06,True,0
B/historical_pass/test-903/43/now,test-903,14,OFFLINE_RESTORE,0.06572423501347657,False,432
B/historical_pass/test-903/43/now,test-903,14,decode,4.895358577006846,True,188
B/historical_pass/test-903/43/now,test-903,15,verify_call,0.3959281639981782,True,552
B/historical_pass/test-903/43/delay1,test-903,9,policy_decision,7.579001248814166e-06,True,0
B/historical_pass/test-903/43/delay1,test-903,11,OFFLINE_RESTORE,0.0658390119933756,False,432
B/historical_pass/test-903/43/delay1,test-903,11,decode,2.4524694430001546,True,96
B/historical_pass/test-903/43/delay1,test-903,12,verify_call,0.3271400689991424,True,460
B/historical_pass/test-903/43/delay1,test-903,15,policy_decision,8.356000762432814e-06,True,0
B/historical_pass/test-903/43/delay1,test-903,17,OFFLINE_RESTORE,0.08549082599347457,False,528
B/historical_pass/test-903/43/delay1,test-903,17,decode,2.3285088059928967,True,92
B/historical_pass/test-903/43/delay1,test-903,18,verify_call,0.3952849189954577,True,552
B/historical_pass/test-903/43/delay2,test-903,9,policy_decision,6.95799826644361e-06,True,0
B/historical_pass/test-903/43/delay2,test-903,11,OFFLINE_RESTORE,0.06719052200787701,False,432
B/historical_pass/test-903/43/delay2,test-903,11,decode,4.833389870007522,True,188
B/historical_pass/test-903/43/delay2,test-903,12,verify_call,0.39197270799195394,True,552
B/historical_pass/test-903/43/endpoint_only,test-903,9,policy_decision,3.5210105124861e-06,True,0
B/historical_pass/test-903/43/endpoint_only,test-903,11,OFFLINE_RESTORE,0.06499733300006483,False,432
B/historical_pass/test-903/43/endpoint_only,test-903,11,decode,5.554430156000308,True,188
B/historical_pass/test-903/43/endpoint_only,test-903,12,verify_call,0.3912250729918014,True,552
B/historical_pass/test-392/17/now,test-392,9,verify_call,0.20520382501126733,True,216
B/historical_pass/test-392/17/now,test-392,12,policy_decision,6.207003025338054e-06,True,0
B/historical_pass/test-392/17/now,test-392,14,OFFLINE_RESTORE,0.04989666600886267,False,281
B/historical_pass/test-392/17/now,test-392,14,decode,3.050933961989358,True,119
B/historical_pass/test-392/17/now,test-392,15,verify_call,0.27011375200527254,True,332
B/historical_pass/test-392/17/delay1,test-392,9,policy_decision,1.2060991139151156e-05,True,0
B/historical_pass/test-392/17/delay1,test-392,11,OFFLINE_RESTORE,0.05258202098775655,False,281
B/historical_pass/test-392/17/delay1,test-392,11,decode,1.4748886239976855,True,52
B/historical_pass/test-392/17/delay1,test-392,12,verify_call,0.24614505498902872,True,265
B/historical_pass/test-392/17/delay1,test-392,15,policy_decision,6.36100594419986e-06,True,0
B/historical_pass/test-392/17/delay1,test-392,17,OFFLINE_RESTORE,0.055432816996471956,False,333
B/historical_pass/test-392/17/delay1,test-392,17,decode,1.5123457930021686,True,59
B/historical_pass/test-392/17/delay1,test-392,18,verify_call,0.2679980370012345,True,324
B/historical_pass/test-392/17/delay2,test-392,9,policy_decision,6.493995897471905e-06,True,0
B/historical_pass/test-392/17/delay2,test-392,11,OFFLINE_RESTORE,0.04936637000355404,False,281
B/historical_pass/test-392/17/delay2,test-392,11,decode,3.924580128994421,True,119
B/historical_pass/test-392/17/delay2,test-392,12,verify_call,0.2675391520024277,True,332
B/historical_pass/test-392/17/endpoint_only,test-392,9,policy_decision,3.133012796752155e-06,True,0
B/historical_pass/test-392/17/endpoint_only,test-392,11,OFFLINE_RESTORE,0.06393438699888065,False,281
B/historical_pass/test-392/17/endpoint_only,test-392,11,decode,3.520168200993794,True,119
B/historical_pass/test-392/17/endpoint_only,test-392,12,verify_call,0.27006988000357524,True,332
B/historical_pass/test-392/29/now,test-392,9,verify_call,0.20790401699196082,True,216
B/historical_pass/test-392/29/now,test-392,12,policy_decision,6.090995157137513e-06,True,0
B/historical_pass/test-392/29/now,test-392,14,OFFLINE_RESTORE,0.04867386299883947,False,281
B/historical_pass/test-392/29/now,test-392,14,decode,1.9835229290038114,True,77
B/historical_pass/test-392/29/now,test-392,15,verify_call,0.24727426300523803,True,290
B/historical_pass/test-392/29/delay1,test-392,9,policy_decision,7.893992005847394e-06,True,0
B/historical_pass/test-392/29/delay1,test-392,11,OFFLINE_RESTORE,0.049712524996721186,False,281
B/historical_pass/test-392/29/delay1,test-392,11,decode,0.9265017560101114,True,36
B/historical_pass/test-392/29/delay1,test-392,12,verify_call,0.21094973999424838,True,249
B/historical_pass/test-392/29/delay1,test-392,15,policy_decision,8.731003617867827e-06,True,0
B/historical_pass/test-392/29/delay1,test-392,17,OFFLINE_RESTORE,0.050274852008442394,False,317
B/historical_pass/test-392/29/delay1,test-392,17,decode,1.031369171992992,True,41
B/historical_pass/test-392/29/delay1,test-392,18,verify_call,0.24894415499875322,True,290
B/historical_pass/test-392/29/delay2,test-392,9,policy_decision,5.555004463531077e-06,True,0
B/historical_pass/test-392/29/delay2,test-392,11,OFFLINE_RESTORE,0.05006042199966032,False,281
B/historical_pass/test-392/29/delay2,test-392,11,decode,2.0121115790097974,True,77
B/historical_pass/test-392/29/delay2,test-392,12,verify_call,0.25211858400143683,True,290
B/historical_pass/test-392/29/endpoint_only,test-392,9,policy_decision,2.8289941838011146e-06,True,0
B/historical_pass/test-392/29/endpoint_only,test-392,11,OFFLINE_RESTORE,0.05016294200322591,False,281
B/historical_pass/test-392/29/endpoint_only,test-392,11,decode,1.9847245160053717,True,77
B/historical_pass/test-392/29/endpoint_only,test-392,12,verify_call,0.25220707299013156,True,290
B/historical_pass/test-392/43/now,test-392,9,verify_call,0.2088571200001752,True,216
B/historical_pass/test-392/43/now,test-392,12,policy_decision,6.023998139426112e-06,True,0
B/historical_pass/test-392/43/now,test-392,14,OFFLINE_RESTORE,0.04962427500868216,False,281
B/historical_pass/test-392/43/now,test-392,14,decode,3.4229167650046293,True,134
B/historical_pass/test-392/43/now,test-392,15,verify_call,0.2663815730047645,True,347
B/historical_pass/test-392/43/delay1,test-392,9,policy_decision,6.765010766685009e-06,True,0
B/historical_pass/test-392/43/delay1,test-392,11,OFFLINE_RESTORE,0.049733064995962195,False,281
B/historical_pass/test-392/43/delay1,test-392,11,decode,1.7375912300049094,True,68
B/historical_pass/test-392/43/delay1,test-392,12,verify_call,0.25419079199491534,True,281
B/historical_pass/test-392/43/delay1,test-392,15,policy_decision,5.4109987104311585e-06,True,0
B/historical_pass/test-392/43/delay1,test-392,17,OFFLINE_RESTORE,0.05290825599513482,False,349
B/historical_pass/test-392/43/delay1,test-392,17,decode,1.5548273060121574,True,61
B/historical_pass/test-392/43/delay1,test-392,18,verify_call,0.268408254996757,True,342
B/historical_pass/test-392/43/delay2,test-392,9,policy_decision,7.96798849478364e-06,True,0
B/historical_pass/test-392/43/delay2,test-392,11,OFFLINE_RESTORE,0.050304604999837466,False,281
B/historical_pass/test-392/43/delay2,test-392,11,decode,3.690150212001754,True,134
B/historical_pass/test-392/43/delay2,test-392,12,verify_call,0.27359890899970196,True,347
B/historical_pass/test-392/43/endpoint_only,test-392,9,policy_decision,3.720997483469546e-06,True,0
B/historical_pass/test-392/43/endpoint_only,test-392,11,OFFLINE_RESTORE,0.05122330099402461,False,281
B/historical_pass/test-392/43/endpoint_only,test-392,11,decode,4.079112563995295,True,134
B/historical_pass/test-392/43/endpoint_only,test-392,12,verify_call,0.2721900290052872,True,347
B/historical_pass/test-210/17/now,test-210,9,verify_call,0.2508612249948783,True,287
B/historical_pass/test-210/17/now,test-210,12,policy_decision,6.260990630835295e-06,True,0
B/historical_pass/test-210/17/now,test-210,14,OFFLINE_RESTORE,0.05397366700344719,False,353
B/historical_pass/test-210/17/now,test-210,14,decode,5.862223991003702,True,226
B/historical_pass/test-210/17/now,test-210,15,verify_call,0.3334524989913916,True,502
B/historical_pass/test-210/17/now,test-210,18,policy_decision,1.1026000720448792e-05,True,0
B/historical_pass/test-210/17/now,test-210,19,FAIL_RESTORE,0.0668584369996097,True,410
B/historical_pass/test-210/17/now,test-210,19,decode,4.660475657001371,True,179
B/historical_pass/test-210/17/now,test-210,20,verify_call,0.32628316900809295,True,454
B/historical_pass/test-210/17/now,test-210,23,policy_decision,9.715004125609994e-06,True,0
B/historical_pass/test-210/17/now,test-210,24,FAIL_RESTORE,0.06699196199770086,True,410
B/historical_pass/test-210/17/now,test-210,24,decode,5.721168924996164,True,222
B/historical_pass/test-210/17/now,test-210,25,verify_call,0.33228825699188747,True,497
B/historical_pass/test-210/17/now,test-210,28,policy_decision,1.3250988558866084e-05,True,0
B/historical_pass/test-210/17/now,test-210,29,FAIL_RESTORE,0.06575435800186824,True,410
B/historical_pass/test-210/17/now,test-210,29,decode,4.188284111995017,True,162
B/historical_pass/test-210/17/now,test-210,30,verify_call,0.3278362519922666,True,438
B/historical_pass/test-210/17/delay1,test-210,9,policy_decision,1.0478994227014482e-05,True,0
B/historical_pass/test-210/17/delay1,test-210,11,OFFLINE_RESTORE,0.05475247200229205,False,353
B/historical_pass/test-210/17/delay1,test-210,11,decode,1.3200740150059573,True,46
B/historical_pass/test-210/17/delay1,test-210,12,verify_call,0.2694984590052627,True,329
B/historical_pass/test-210/17/delay1,test-210,15,policy_decision,7.190988981164992e-06,True,0
B/historical_pass/test-210/17/delay1,test-210,16,FAIL_RESTORE,0.053480671005672775,True,369
B/historical_pass/test-210/17/delay1,test-210,16,decode,4.870574178989045,True,185
B/historical_pass/test-210/17/delay1,test-210,17,verify_call,0.32803757399960887,True,422
B/historical_pass/test-210/17/delay1,test-210,20,policy_decision,1.3640004908666015e-05,True,0
B/historical_pass/test-210/17/delay1,test-210,21,FAIL_RESTORE,0.054194533004192635,True,369
B/historical_pass/test-210/17/delay1,test-210,21,decode,7.8984942300012335,True,297
B/historical_pass/test-210/17/delay1,test-210,22,verify_call,0.3906895519903628,True,528
B/historical_pass/test-210/17/delay1,test-210,25,policy_decision,8.586997864767909e-06,True,0
B/historical_pass/test-210/17/delay1,test-210,26,FAIL_RESTORE,0.05400509599712677,True,369
B/historical_pass/test-210/17/delay1,test-210,26,decode,5.4621573310141684,True,210
B/historical_pass/test-210/17/delay1,test-210,27,verify_call,0.32653446900076233,True,448
B/historical_pass/test-210/17/delay2,test-210,9,policy_decision,6.874994141981006e-06,True,0
B/historical_pass/test-210/17/delay2,test-210,11,OFFLINE_RESTORE,0.054539953998755664,False,353
B/historical_pass/test-210/17/delay2,test-210,11,decode,2.252884425004595,True,86
B/historical_pass/test-210/17/delay2,test-210,12,verify_call,0.2702382499992382,True,365
B/historical_pass/test-210/17/delay2,test-210,15,policy_decision,1.3233002391643822e-05,True,0
B/historical_pass/test-210/17/delay2,test-210,16,FAIL_RESTORE,0.054820524994283915,True,369
B/historical_pass/test-210/17/delay2,test-210,16,decode,5.2831272530020215,True,204
B/historical_pass/test-210/17/delay2,test-210,17,verify_call,0.32653913799731527,True,441
B/historical_pass/test-210/17/delay2,test-210,20,policy_decision,1.3299009879119694e-05,True,0
B/historical_pass/test-210/17/delay2,test-210,21,FAIL_RESTORE,0.05447074100084137,True,369
B/historical_pass/test-210/17/delay2,test-210,21,decode,4.796575193991885,True,185
B/historical_pass/test-210/17/delay2,test-210,22,verify_call,0.32401704898802564,True,422
B/historical_pass/test-210/17/delay2,test-210,25,policy_decision,1.4871999155730009e-05,True,0
B/historical_pass/test-210/17/delay2,test-210,26,FAIL_RESTORE,0.05453828600002453,True,369
B/historical_pass/test-210/17/delay2,test-210,26,decode,4.754082674990059,True,184
B/historical_pass/test-210/17/delay2,test-210,27,verify_call,0.324813567000092,True,425
B/historical_pass/test-210/17/delay2,test-210,30,policy_decision,1.4486999134533107e-05,True,0
B/historical_pass/test-210/17/delay2,test-210,31,FAIL_RESTORE,0.05289001899654977,True,369
B/historical_pass/test-210/17/delay2,test-210,31,decode,4.545348608007771,True,176
B/historical_pass/test-210/17/delay2,test-210,32,verify_call,0.32646197600115556,True,406
B/historical_pass/test-210/17/endpoint_only,test-210,9,policy_decision,3.5849952837452292e-06,True,0
B/historical_pass/test-210/17/endpoint_only,test-210,11,OFFLINE_RESTORE,0.05345495500660036,False,353
B/historical_pass/test-210/17/endpoint_only,test-210,11,decode,6.135546244011493,True,226
B/historical_pass/test-210/17/endpoint_only,test-210,12,verify_call,0.3335996459936723,True,502
B/historical_pass/test-210/17/endpoint_only,test-210,15,policy_decision,3.0220107873901725e-06,True,0
B/historical_pass/test-210/17/endpoint_only,test-210,16,FAIL_RESTORE,0.053438808987266384,True,369
B/historical_pass/test-210/17/endpoint_only,test-210,16,decode,7.829728060009074,True,301
B/historical_pass/test-210/17/endpoint_only,test-210,17,verify_call,0.3909748349979054,True,540
B/historical_pass/test-210/17/endpoint_only,test-210,20,policy_decision,3.1710078474134207e-06,True,0
B/historical_pass/test-210/17/endpoint_only,test-210,21,FAIL_RESTORE,0.052870168001390994,True,369
B/historical_pass/test-210/17/endpoint_only,test-210,21,decode,5.904501309007173,True,228
B/historical_pass/test-210/17/endpoint_only,test-210,22,verify_call,0.32750587099872064,True,461
B/historical_pass/test-210/29/now,test-210,9,verify_call,0.24894493800820783,True,287
B/historical_pass/test-210/29/now,test-210,12,policy_decision,6.146990926936269e-06,True,0
B/historical_pass/test-210/29/now,test-210,14,OFFLINE_RESTORE,0.05366695098928176,False,353
B/historical_pass/test-210/29/now,test-210,14,decode,4.910042898991378,True,195
B/historical_pass/test-210/29/now,test-210,15,verify_call,0.3286237499996787,True,474
B/historical_pass/test-210/29/now,test-210,18,policy_decision,1.0734001989476383e-05,True,0
B/historical_pass/test-210/29/now,test-210,19,FAIL_RESTORE,0.06600912500289269,True,410
B/historical_pass/test-210/29/now,test-210,19,decode,3.907495971987373,True,153
B/historical_pass/test-210/29/delay1,test-210,9,policy_decision,8.291986887343228e-06,True,0
B/historical_pass/test-210/29/delay1,test-210,11,OFFLINE_RESTORE,0.052876344008836895,False,353
B/historical_pass/test-210/29/delay1,test-210,11,decode,0.9864893240010133,True,38
B/historical_pass/test-210/29/delay1,test-210,12,verify_call,0.2670460420049494,True,321
B/historical_pass/test-210/29/delay1,test-210,15,policy_decision,6.124988431110978e-06,True,0
B/historical_pass/test-210/29/delay1,test-210,17,OFFLINE_RESTORE,0.06427289701241534,False,391
B/historical_pass/test-210/29/delay1,test-210,17,decode,3.819638633998693,True,157
B/historical_pass/test-210/29/delay1,test-210,18,verify_call,0.33052460598992184,True,474
B/historical_pass/test-210/29/delay1,test-210,21,policy_decision,9.512004908174276e-06,True,0
B/historical_pass/test-210/29/delay1,test-210,22,FAIL_RESTORE,0.06742750201374292,True,448
B/historical_pass/test-210/29/delay1,test-210,22,decode,3.464490197991836,True,134
B/historical_pass/test-210/29/delay1,test-210,23,verify_call,0.3265571210067719,True,448
B/historical_pass/test-210/29/delay2,test-210,9,policy_decision,6.032001692801714e-06,True,0
B/historical_pass/test-210/29/delay2,test-210,11,OFFLINE_RESTORE,0.052204571999027394,False,353
B/historical_pass/test-210/29/delay2,test-210,11,decode,1.9171103310072795,True,73
B/historical_pass/test-210/29/delay2,test-210,12,verify_call,0.27029905701056123,True,352
B/historical_pass/test-210/29/delay2,test-210,15,policy_decision,1.2845994206145406e-05,True,0
B/historical_pass/test-210/29/delay2,test-210,16,FAIL_RESTORE,0.053220396002870984,True,369
B/historical_pass/test-210/29/delay2,test-210,16,decode,6.024718928994844,True,244
B/historical_pass/test-210/29/delay2,test-210,17,verify_call,0.33245287599856965,True,481
B/historical_pass/test-210/29/delay2,test-210,20,policy_decision,1.293800596613437e-05,True,0
B/historical_pass/test-210/29/delay2,test-210,21,FAIL_RESTORE,0.05333260798943229,True,369
B/historical_pass/test-210/29/delay2,test-210,21,decode,5.446151725001982,True,207
B/historical_pass/test-210/29/delay2,test-210,22,verify_call,0.3238849800109165,True,438
B/historical_pass/test-210/29/delay2,test-210,25,policy_decision,1.0685995221138e-05,True,0
B/historical_pass/test-210/29/delay2,test-210,27,OFFLINE_RESTORE,0.08361049999075476,False,576
B/historical_pass/test-210/29/delay2,test-210,27,decode,3.046937015998992,True,118
B/historical_pass/test-210/29/delay2,test-210,28,verify_call,0.400198741001077,True,613
B/historical_pass/test-210/29/endpoint_only,test-210,9,policy_decision,2.973989467136562e-06,True,0
B/historical_pass/test-210/29/endpoint_only,test-210,11,OFFLINE_RESTORE,0.05266044300515205,False,353
B/historical_pass/test-210/29/endpoint_only,test-210,11,decode,5.3755351589934435,True,195
B/historical_pass/test-210/29/endpoint_only,test-210,12,verify_call,0.32996776700019836,True,474
B/historical_pass/test-210/29/endpoint_only,test-210,15,policy_decision,3.2849929993972182e-06,True,0
B/historical_pass/test-210/29/endpoint_only,test-210,16,FAIL_RESTORE,0.0542637499893317,True,369
B/historical_pass/test-210/29/endpoint_only,test-210,16,decode,5.0919829869963,True,206
B/historical_pass/test-210/29/endpoint_only,test-210,17,verify_call,0.3278508749936009,True,439
B/historical_pass/test-210/29/endpoint_only,test-210,20,policy_decision,4.397996235638857e-06,True,0
B/historical_pass/test-210/29/endpoint_only,test-210,21,FAIL_RESTORE,0.053979111995431595,True,369
B/historical_pass/test-210/29/endpoint_only,test-210,21,decode,5.201291481003864,True,196
B/historical_pass/test-210/29/endpoint_only,test-210,22,verify_call,0.3241162720078137,True,433
B/historical_pass/test-210/29/endpoint_only,test-210,25,policy_decision,3.3600081223994493e-06,True,0
B/historical_pass/test-210/29/endpoint_only,test-210,26,FAIL_RESTORE,0.05302469500747975,True,369
B/historical_pass/test-210/29/endpoint_only,test-210,26,decode,6.59571992099518,True,254
B/historical_pass/test-210/29/endpoint_only,test-210,27,verify_call,0.32904350598983,True,492
B/historical_pass/test-210/43/now,test-210,9,verify_call,0.24795924799400382,True,287
B/historical_pass/test-210/43/now,test-210,12,policy_decision,7.113994797691703e-06,True,0
B/historical_pass/test-210/43/now,test-210,14,OFFLINE_RESTORE,0.05329038300260436,False,353
B/historical_pass/test-210/43/now,test-210,14,decode,6.307686087995535,True,255
B/historical_pass/test-210/43/now,test-210,15,verify_call,0.3892886260000523,True,530
B/historical_pass/test-210/43/now,test-210,18,policy_decision,7.4929994298145175e-06,True,0
B/historical_pass/test-210/43/now,test-210,19,FAIL_RESTORE,0.0660208560002502,True,410
B/historical_pass/test-210/43/now,test-210,19,decode,5.380354289009119,True,203
B/historical_pass/test-210/43/now,test-210,20,verify_call,0.3284926380001707,True,479
B/historical_pass/test-210/43/delay1,test-210,9,policy_decision,6.432004738599062e-06,True,0
B/historical_pass/test-210/43/delay1,test-210,11,OFFLINE_RESTORE,0.05283654200320598,False,353
B/historical_pass/test-210/43/delay1,test-210,11,decode,1.4355989680043422,True,55
B/historical_pass/test-210/43/delay1,test-210,12,verify_call,0.27246403000026476,True,338
B/historical_pass/test-210/43/delay1,test-210,15,policy_decision,1.8076010746881366e-05,True,0
B/historical_pass/test-210/43/delay1,test-210,17,OFFLINE_RESTORE,0.06859186399378814,False,408
B/historical_pass/test-210/43/delay1,test-210,17,decode,4.795212197001092,True,200
B/historical_pass/test-210/43/delay1,test-210,18,verify_call,0.38961107200884726,True,530
B/historical_pass/test-210/43/delay1,test-210,21,policy_decision,8.899995009414852e-06,True,0
B/historical_pass/test-210/43/delay1,test-210,22,FAIL_RESTORE,0.0700984759896528,True,465
B/historical_pass/test-210/43/delay1,test-210,22,decode,4.198920951006585,True,160
B/historical_pass/test-210/43/delay1,test-210,23,verify_call,0.33113555300224107,True,487
B/historical_pass/test-210/43/delay2,test-210,9,policy_decision,7.793001714162529e-06,True,0
B/historical_pass/test-210/43/delay2,test-210,11,OFFLINE_RESTORE,0.05291490501258522,False,353
B/historical_pass/test-210/43/delay2,test-210,11,decode,2.651806496010977,True,99
B/historical_pass/test-210/43/delay2,test-210,12,verify_call,0.2721795629913686,True,378
B/historical_pass/test-210/43/delay2,test-210,15,policy_decision,6.69300789013505e-06,True,0
B/historical_pass/test-210/43/delay2,test-210,17,OFFLINE_RESTORE,0.06955815298715606,False,452
B/historical_pass/test-210/43/delay2,test-210,17,decode,3.633357539991266,True,144
B/historical_pass/test-210/43/delay2,test-210,18,verify_call,0.3889565429999493,True,518
B/historical_pass/test-210/43/delay2,test-210,21,policy_decision,9.601993951946497e-06,True,0
B/historical_pass/test-210/43/delay2,test-210,22,FAIL_RESTORE,0.06834627799980808,True,509
B/historical_pass/test-210/43/delay2,test-210,22,decode,2.2551565829926403,True,87
B/historical_pass/test-210/43/delay2,test-210,23,verify_call,0.32878411799902096,True,461
B/historical_pass/test-210/43/endpoint_only,test-210,9,policy_decision,2.8520007617771626e-06,True,0
B/historical_pass/test-210/43/endpoint_only,test-210,11,OFFLINE_RESTORE,0.053753900006995536,False,353
B/historical_pass/test-210/43/endpoint_only,test-210,11,decode,6.815902486996492,True,255
B/historical_pass/test-210/43/endpoint_only,test-210,12,verify_call,0.39301148999948055,True,530
B/historical_pass/test-210/43/endpoint_only,test-210,15,policy_decision,3.5230041248723865e-06,True,0
B/historical_pass/test-210/43/endpoint_only,test-210,16,FAIL_RESTORE,0.05388653000409249,True,369
B/historical_pass/test-210/43/endpoint_only,test-210,16,decode,4.850010398993618,True,188
B/historical_pass/test-210/43/endpoint_only,test-210,17,verify_call,0.3237369580019731,True,421
B/historical_pass/test-984/17/now,test-984,19,verify_call,0.18777698400663212,True,166
B/historical_pass/test-984/17/now,test-984,22,policy_decision,7.270995411090553e-06,True,0
B/historical_pass/test-984/17/now,test-984,24,OFFLINE_RESTORE,0.0500661459955154,False,291
B/historical_pass/test-984/17/now,test-984,24,decode,0.5177199839963578,True,21
B/historical_pass/test-984/17/now,test-984,25,verify_call,0.18976557700079866,True,187
B/historical_pass/test-984/17/now,test-984,28,policy_decision,1.1796000762842596e-05,True,0
B/historical_pass/test-984/17/now,test-984,29,FAIL_RESTORE,0.054161261999979615,True,348
B/historical_pass/test-984/17/now,test-984,29,decode,2.2778957190021174,True,88
B/historical_pass/test-984/17/now,test-984,30,verify_call,0.20665424199250992,True,242
B/historical_pass/test-984/17/delay1,test-984,19,policy_decision,6.582995411008596e-06,True,0
B/historical_pass/test-984/17/delay1,test-984,21,OFFLINE_RESTORE,0.04914625899982639,False,291
B/historical_pass/test-984/17/delay1,test-984,21,decode,0.5421149540052284,True,21
B/historical_pass/test-984/17/delay1,test-984,22,verify_call,0.1892544540023664,True,187
B/historical_pass/test-984/17/delay1,test-984,25,policy_decision,9.048002539202571e-06,True,0
B/historical_pass/test-984/17/delay1,test-984,26,FAIL_RESTORE,0.05309718400530983,True,332
B/historical_pass/test-984/17/delay1,test-984,26,decode,1.8770630259969039,True,75
B/historical_pass/test-984/17/delay1,test-984,27,verify_call,0.20576886700291652,True,217
B/historical_pass/test-984/17/delay1,test-984,30,policy_decision,1.4538993127644062e-05,True,0
B/historical_pass/test-984/17/delay1,test-984,31,FAIL_RESTORE,0.0537229239998851,True,332
B/historical_pass/test-984/17/delay1,test-984,31,decode,1.5467351999977836,True,60
B/historical_pass/test-984/17/delay1,test-984,32,verify_call,0.2082688299997244,True,204
B/historical_pass/test-984/17/delay2,test-984,19,policy_decision,6.223999662324786e-06,True,0
B/historical_pass/test-984/17/delay2,test-984,21,OFFLINE_RESTORE,0.04961602001276333,False,291
B/historical_pass/test-984/17/delay2,test-984,21,decode,0.5441225090035005,True,21
B/historical_pass/test-984/17/delay2,test-984,22,verify_call,0.19028856500517577,True,187
B/historical_pass/test-984/17/delay2,test-984,25,policy_decision,1.1415002518333495e-05,True,0
B/historical_pass/test-984/17/delay2,test-984,26,FAIL_RESTORE,0.053970413995557465,True,332
B/historical_pass/test-984/17/delay2,test-984,26,decode,1.9427924299961887,True,75
B/historical_pass/test-984/17/delay2,test-984,27,verify_call,0.20700228799250908,True,217
B/historical_pass/test-984/17/delay2,test-984,30,policy_decision,9.727998985908926e-06,True,0
B/historical_pass/test-984/17/delay2,test-984,31,FAIL_RESTORE,0.05350299800920766,True,332
B/historical_pass/test-984/17/delay2,test-984,31,decode,1.6039642449904932,True,60
B/historical_pass/test-984/17/delay2,test-984,32,verify_call,0.20847180500277318,True,204
B/historical_pass/test-984/17/endpoint_only,test-984,19,policy_decision,4.408997483551502e-06,True,0
B/historical_pass/test-984/17/endpoint_only,test-984,21,OFFLINE_RESTORE,0.05104688300343696,False,291
B/historical_pass/test-984/17/endpoint_only,test-984,21,decode,0.5282206349947955,True,21
B/historical_pass/test-984/17/endpoint_only,test-984,22,verify_call,0.1892734900029609,True,187
B/historical_pass/test-984/17/endpoint_only,test-984,25,policy_decision,3.1050003599375486e-06,True,0
B/historical_pass/test-984/17/endpoint_only,test-984,26,FAIL_RESTORE,0.0535629340010928,True,332
B/historical_pass/test-984/17/endpoint_only,test-984,26,decode,1.9144174219982233,True,75
B/historical_pass/test-984/17/endpoint_only,test-984,27,verify_call,0.205609380005626,True,217
B/historical_pass/test-984/17/endpoint_only,test-984,30,policy_decision,3.12298652715981e-06,True,0
B/historical_pass/test-984/17/endpoint_only,test-984,31,FAIL_RESTORE,0.05333892999624368,True,332
B/historical_pass/test-984/17/endpoint_only,test-984,31,decode,1.537008290993981,True,60
B/historical_pass/test-984/17/endpoint_only,test-984,32,verify_call,0.20948512099857908,True,204
B/historical_pass/test-984/29/now,test-984,19,verify_call,0.18731860200932715,True,166
B/historical_pass/test-984/29/now,test-984,22,policy_decision,7.82799907028675e-06,True,0
B/historical_pass/test-984/29/now,test-984,24,OFFLINE_RESTORE,0.050813527006539516,False,291
B/historical_pass/test-984/29/now,test-984,24,decode,0.5387424549990101,True,22
B/historical_pass/test-984/29/now,test-984,25,verify_call,0.19096019100106787,True,188
B/historical_pass/test-984/29/now,test-984,28,policy_decision,9.053997928276658e-06,True,0
B/historical_pass/test-984/29/now,test-984,29,FAIL_RESTORE,0.0534746180055663,True,348
B/historical_pass/test-984/29/now,test-984,29,decode,1.1403152989951195,True,46
B/historical_pass/test-984/29/now,test-984,30,verify_call,0.20731264000642113,True,207
B/historical_pass/test-984/29/delay1,test-984,19,policy_decision,4.964997060596943e-06,True,0
B/historical_pass/test-984/29/delay1,test-984,21,OFFLINE_RESTORE,0.04904832899046596,False,291
B/historical_pass/test-984/29/delay1,test-984,21,decode,0.5525317589926999,True,22
B/historical_pass/test-984/29/delay1,test-984,22,verify_call,0.19039483900996856,True,188
B/historical_pass/test-984/29/delay1,test-984,25,policy_decision,7.270995411090553e-06,True,0
B/historical_pass/test-984/29/delay1,test-984,26,FAIL_RESTORE,0.05301657199743204,True,332
B/historical_pass/test-984/29/delay1,test-984,26,decode,6.901079313000082,True,268
B/historical_pass/test-984/29/delay1,test-984,27,verify_call,0.3258435739990091,True,406
B/historical_pass/test-984/29/delay1,test-984,30,policy_decision,1.1557989637367427e-05,True,0
B/historical_pass/test-984/29/delay1,test-984,31,FAIL_RESTORE,0.052765393993468024,True,332
B/historical_pass/test-984/29/delay1,test-984,31,decode,1.9879328519891715,True,80
B/historical_pass/test-984/29/delay1,test-984,32,verify_call,0.20954616300878115,True,219
B/historical_pass/test-984/29/delay2,test-984,19,policy_decision,8.879011147655547e-06,True,0
B/historical_pass/test-984/29/delay2,test-984,21,OFFLINE_RESTORE,0.049449495010776445,False,291
B/historical_pass/test-984/29/delay2,test-984,21,decode,0.5335630810004659,True,22
B/historical_pass/test-984/29/delay2,test-984,22,verify_call,0.19068935900577344,True,188
B/historical_pass/test-984/29/delay2,test-984,25,policy_decision,1.846501254476607e-05,True,0
B/historical_pass/test-984/29/delay2,test-984,26,FAIL_RESTORE,0.05278370100131724,True,332
B/historical_pass/test-984/29/delay2,test-984,26,decode,6.953171884000767,True,268
B/historical_pass/test-984/29/delay2,test-984,27,verify_call,0.326646230998449,True,406
B/historical_pass/test-984/29/delay2,test-984,30,policy_decision,1.2829012121073902e-05,True,0
B/historical_pass/test-984/29/delay2,test-984,31,FAIL_RESTORE,0.053762251991429366,True,332
B/historical_pass/test-984/29/delay2,test-984,31,decode,2.03740236700105,True,80
B/historical_pass/test-984/29/delay2,test-984,32,verify_call,0.20601499899930786,True,219
B/historical_pass/test-984/29/endpoint_only,test-984,19,policy_decision,2.417989890091121e-06,True,0
B/historical_pass/test-984/29/endpoint_only,test-984,21,OFFLINE_RESTORE,0.049758108012611046,False,291
B/historical_pass/test-984/29/endpoint_only,test-984,21,decode,0.5401213320001261,True,22
B/historical_pass/test-984/29/endpoint_only,test-984,22,verify_call,0.19069080699409824,True,188
B/historical_pass/test-984/29/endpoint_only,test-984,25,policy_decision,4.756991984322667e-06,True,0
B/historical_pass/test-984/29/endpoint_only,test-984,26,FAIL_RESTORE,0.05371630999434274,True,332
B/historical_pass/test-984/29/endpoint_only,test-984,26,decode,31.328032335004536,True,1196
B/historical_pass/test-984/43/now,test-984,19,verify_call,0.18781495800067205,True,166
B/historical_pass/test-984/43/now,test-984,22,policy_decision,5.555004463531077e-06,True,0
B/historical_pass/test-984/43/now,test-984,24,OFFLINE_RESTORE,0.0500443649943918,False,291
B/historical_pass/test-984/43/now,test-984,24,decode,2.5089712899934966,True,96
B/historical_pass/test-984/43/now,test-984,25,verify_call,0.20878429400909226,True,250
B/historical_pass/test-984/43/now,test-984,27,policy_decision,8.529998012818396e-06,True,0
B/historical_pass/test-984/43/now,test-984,29,OFFLINE_RESTORE,0.06495868200727273,False,387
B/historical_pass/test-984/43/now,test-984,29,decode,2.094559047007351,True,81
B/historical_pass/test-984/43/now,test-984,30,verify_call,0.26712286900146864,True,328
B/historical_pass/test-984/43/delay1,test-984,19,policy_decision,5.851994501426816e-06,True,0
B/historical_pass/test-984/43/delay1,test-984,21,OFFLINE_RESTORE,0.049513802005094476,False,291
B/historical_pass/test-984/43/delay1,test-984,21,decode,0.2812463640002534,True,12
B/historical_pass/test-984/43/delay1,test-984,22,verify_call,0.18802440199942794,True,175
B/historical_pass/test-984/43/delay1,test-984,25,policy_decision,7.805007044225931e-06,True,0
B/historical_pass/test-984/43/delay1,test-984,27,OFFLINE_RESTORE,0.05034197200438939,False,303
B/historical_pass/test-984/43/delay1,test-984,27,decode,4.865424700998119,True,181
B/historical_pass/test-984/43/delay1,test-984,28,verify_call,0.2697254920058185,True,343
B/historical_pass/test-984/43/delay1,test-984,30,policy_decision,9.652998414821923e-06,True,0
B/historical_pass/test-984/43/delay1,test-984,32,OFFLINE_RESTORE,0.06940052499703597,False,484
B/historical_pass/test-984/43/delay1,test-984,32,decode,0.6563437309960136,True,27
B/historical_pass/test-984/43/delay2,test-984,19,policy_decision,8.515999070368707e-06,True,0
B/historical_pass/test-984/43/delay2,test-984,21,OFFLINE_RESTORE,0.050214016999234445,False,291
B/historical_pass/test-984/43/delay2,test-984,21,decode,0.6066538079903694,True,25
B/historical_pass/test-984/43/delay2,test-984,22,verify_call,0.19055677299911622,True,185
B/historical_pass/test-984/43/delay2,test-984,25,policy_decision,9.998999303206801e-06,True,0
B/historical_pass/test-984/43/delay2,test-984,27,OFFLINE_RESTORE,0.05030108700157143,False,316
B/historical_pass/test-984/43/delay2,test-984,27,decode,4.755100934999064,True,174
B/historical_pass/test-984/43/delay2,test-984,28,verify_call,0.2693247159913881,True,353
B/historical_pass/test-984/43/endpoint_only,test-984,19,policy_decision,3.6510027712211013e-06,True,0
B/historical_pass/test-984/43/endpoint_only,test-984,21,OFFLINE_RESTORE,0.049766471012844704,False,291
B/historical_pass/test-984/43/endpoint_only,test-984,21,decode,4.446230755012948,True,177
B/historical_pass/test-984/43/endpoint_only,test-984,22,verify_call,0.26882348000071943,True,328
